Cb32	ATP1A1	GAIN	CNA
Cb32	FAM46C	GAIN	CNA
Cb32	NOTCH2	GAIN	CNA
Cb32	APLF	GAIN	CNA
Cb32	SMARCAD1	HETLOSS	CNA
Cb32	RAP1GDS1	HETLOSS	CNA
Cb32	FBXW7	HETLOSS	CNA
Cb32	HMGB2	HETLOSS	CNA
Cb32	NEIL3	HETLOSS	CNA
Cb32	ING2	HETLOSS	CNA
Cb32	IRF2	HETLOSS	CNA
Cb32	CASP3	HETLOSS	CNA
Cb32	GTF2H2	HETLOSS	CNA
Cb32	PRDM1	GAIN	CNA
Cb32	FOXO3	GAIN	CNA
Cb32	REV3L	GAIN	CNA
Cb32	PMS2	HETLOSS	CNA
Cb32	RAC1	HETLOSS	CNA
Cb32	ARHGEF10	HETLOSS	CNA
Cb32	NEIL2	HETLOSS	CNA
Cb32	DLC1	HETLOSS	CNA
Cb32	MSR1	HETLOSS	CNA
Cb32	PDGFRL	HETLOSS	CNA
Cb32	PCM1	HETLOSS	CNA
Cb32	LZTS1	HETLOSS	CNA
Cb32	LEPROTL1	HETLOSS	CNA
Cb32	WRN	HETLOSS	CNA
Cb32	NRG1	HETLOSS	CNA
Cb32	EIF3E	GAIN	CNA
Cb32	MYC	HETLOSS	CNA
Cb32	NDRG1	HETLOSS	CNA
Cb32	FAM135B	HETLOSS	CNA
Cb32	MTAP	HETLOSS	CNA
Cb32	CDKN2A	HETLOSS	CNA
Cb32	CDKN2B	HETLOSS	CNA
Cb32	TAL2	GAIN	CNA
Cb32	CNTRL	GAIN	CNA
Cb32	PTGS1	GAIN	CNA
Cb32	PPP6C	GAIN	CNA
Cb32	CDKN1C	HETLOSS	CNA
Cb32	SLC22A18	HETLOSS	CNA
Cb32	CARS	HETLOSS	CNA
Cb32	NUP98	HETLOSS	CNA
Cb32	ARNTL	HETLOSS	CNA
Cb32	CCND1	GAIN	CNA
Cb32	POU2AF1	HETLOSS	CNA
Cb32	SDHD	HETLOSS	CNA
Cb32	SDHD	HETLOSS	CNA
Cb32	ZBTB16	HETLOSS	CNA
Cb32	OPCML	HETLOSS	CNA
Cb32	ARID2	GAIN	CNA
Cb32	KMT2D	GAIN	CNA
Cb32	ACVR1B	GAIN	CNA
Cb32	HOXC13	GAIN	CNA
Cb32	HOXC11	GAIN	CNA
Cb32	SMUG1	GAIN	CNA
Cb32	NAB2	GAIN	CNA
Cb32	STAT6	GAIN	CNA
Cb32	GLI1	GAIN	CNA
Cb32	DDIT3	GAIN	CNA
Cb32	CDK4	GAIN	CNA
Cb32	WIF1	GAIN	CNA
Cb32	HMGA2	GAIN	CNA
Cb32	MDM2	GAIN	CNA
Cb32	PTPRB	GAIN	CNA
Cb32	NDNL2	HETLOSS	CNA
Cb32	GAS7	HETLOSS	CNA
Cb32	MAP2K4	HETLOSS	CNA
Cb32	PSMD11	HETLOSS	CNA
Cb32	LIG3	HETLOSS	CNA
Cb32	RAD51D	HETLOSS	CNA
Cb32	TAF15	HETLOSS	CNA
Cb32	RDM1	HETLOSS	CNA
Cb32	MLLT6	HETLOSS	CNA
Cb32	LASP1	HETLOSS	CNA
Cb32	CDK12	HETLOSS	CNA
Cb32	ERBB2	HETLOSS	CNA
Cb32	RARA	HETLOSS	CNA
Cb32	CCR7	HETLOSS	CNA
Cb32	SMARCE1	HETLOSS	CNA
Cb32	PPP4R1	HETLOSS	CNA
Cb32	RBBP8	HOMDEL	CNA
Cb32	PNKP	GAIN	CNA
Cb32	POLD1	GAIN	CNA
Cb32	KLK2	GAIN	CNA
Cb32	PPP2R1A	GAIN	CNA
Cb32	ZNF331	GAIN	CNA
Cb32	TFPT	GAIN	CNA
Cb32	CNOT3	GAIN	CNA
Cb32	CRNKL1	AMP	CNA
Cb32	FOXA2	GAIN	CNA
Cb32	NFATC2	GAIN	CNA
Cb32	SALL4	GAIN	CNA
Cb32	SPO11	GAIN	CNA
Cb32	GNAS	AMP	CNA
Cb32	PTK6	GAIN	CNA
Cb32	OLIG2	GAIN	CNA
Cb32	CRLF2	HOMDEL	CNA
Cb32	P2RY8	HOMDEL	CNA
C109	CDKN1A	GAIN	CNA
C109	EGFR	AMP	CNA
C109	RBBP8	HETLOSS	CNA
C109	AMER1	HETLOSS	CNA
C109	CRLF2	HOMDEL	CNA
C109	P2RY8	HOMDEL	CNA
C208	C1orf86	HETLOSS	CNA
C208	SKI	HETLOSS	CNA
C208	TNFRSF14	HETLOSS	CNA
C208	GTF2H2	HETLOSS	CNA
C208	EGFR	AMP	CNA
C208	ZNF479	HETLOSS	CNA
C208	TSC1	HETLOSS	CNA
C208	RALGDS	HETLOSS	CNA
C208	BRD3	HETLOSS	CNA
C208	CUL4A	HETLOSS	CNA
C208	AKT1	HETLOSS	CNA
C208	RBBP8	HOMDEL	CNA
C208	FSTL3	HETLOSS	CNA
C208	ELANE	HETLOSS	CNA
C208	POLR2E	HETLOSS	CNA
C208	STK11	HETLOSS	CNA
C208	ARHGAP35	HETLOSS	CNA
C208	AMER1	HOMDEL	CNA
C208	CRLF2	HOMDEL	CNA
C208	P2RY8	HOMDEL	CNA
Cb26	FCGR2B	HETLOSS	CNA
Cb26	EPHA3	HETLOSS	CNA
Cb26	PIM1	HOMDEL	CNA
Cb26	EPHA7	HETLOSS	CNA
Cb26	CCNC	HETLOSS	CNA
Cb26	PRDM1	HETLOSS	CNA
Cb26	FOXO3	HETLOSS	CNA
Cb26	REV3L	HETLOSS	CNA
Cb26	HDAC2	HETLOSS	CNA
Cb26	MED23	HETLOSS	CNA
Cb26	SGK1	HETLOSS	CNA
Cb26	MYB	HETLOSS	CNA
Cb26	BCLAF1	HETLOSS	CNA
Cb26	GTF2H5	HETLOSS	CNA
Cb26	PRSS1	GAIN	CNA
Cb26	ARHGEF10	HETLOSS	CNA
Cb26	NEIL2	HETLOSS	CNA
Cb26	DLC1	HETLOSS	CNA
Cb26	MSR1	GAIN	CNA
Cb26	PDGFRL	AMP	CNA
Cb26	PCM1	GAIN	CNA
Cb26	WRN	HETLOSS	CNA
Cb26	WHSC1L1	GAIN	CNA
Cb26	FGFR1	GAIN	CNA
Cb26	NDRG1	GAIN	CNA
Cb26	CLP1	HETLOSS	CNA
Cb26	DDB1	HETLOSS	CNA
Cb26	SDHAF2	HETLOSS	CNA
Cb26	FEN1	HETLOSS	CNA
Cb26	POLR2G	HETLOSS	CNA
Cb26	NXF1	HETLOSS	CNA
Cb26	STIP1	HETLOSS	CNA
Cb26	CCND1	GAIN	CNA
Cb26	INPPL1	HETLOSS	CNA
Cb26	POLD3	GAIN	CNA
Cb26	PICALM	HETLOSS	CNA
Cb26	EED	HETLOSS	CNA
Cb26	FAT3	HETLOSS	CNA
Cb26	MRE11A	HETLOSS	CNA
Cb26	BIRC3	HETLOSS	CNA
Cb26	CASP1	HETLOSS	CNA
Cb26	CUL5	HETLOSS	CNA
Cb26	ATM	HETLOSS	CNA
Cb26	DDX10	HETLOSS	CNA
Cb26	POU2AF1	HETLOSS	CNA
Cb26	SDHD	HETLOSS	CNA
Cb26	SDHD	HETLOSS	CNA
Cb26	ZBTB16	HETLOSS	CNA
Cb26	PAFAH1B2	HETLOSS	CNA
Cb26	ARHGEF12	HETLOSS	CNA
Cb26	RBBP8	HETLOSS	CNA
Cb26	ASXL1	GAIN	CNA
Cb26	AMER1	HETLOSS	CNA
Cb26	CRLF2	HOMDEL	CNA
Cb26	P2RY8	HOMDEL	CNA
Cb13	MDM4	GAIN	CNA
Cb13	ELK4	GAIN	CNA
Cb13	SLC45A3	GAIN	CNA
Cb13	TRAF5	GAIN	CNA
Cb13	PPP2R5A	GAIN	CNA
Cb13	PARP1	GAIN	CNA
Cb13	SPRTN	GAIN	CNA
Cb13	TEC	GAIN	CNA
Cb13	FIP1L1	GAIN	CNA
Cb13	CHIC2	GAIN	CNA
Cb13	PDGFRA	GAIN	CNA
Cb13	KIT	GAIN	CNA
Cb13	KDR	GAIN	CNA
Cb13	POLR2B	GAIN	CNA
Cb13	ALB	GAIN	CNA
Cb13	SEC31A	GAIN	CNA
Cb13	HELQ	GAIN	CNA
Cb13	FAM175A	GAIN	CNA
Cb13	SMARCAD1	GAIN	CNA
Cb13	RAP1GDS1	GAIN	CNA
Cb13	TET2	GAIN	CNA
Cb13	LEF1	GAIN	CNA
Cb13	SEC24D	GAIN	CNA
Cb13	FAT4	GAIN	CNA
Cb13	INPP4B	GAIN	CNA
Cb13	HDAC3	GAIN	CNA
Cb13	ARAP3	GAIN	CNA
Cb13	ARHGAP26	GAIN	CNA
Cb13	UIMC1	GAIN	CNA
Cb13	FLT4	GAIN	CNA
Cb13	IRF4	GAIN	CNA
Cb13	WHSC1L1	AMP	CNA
Cb13	FGFR1	AMP	CNA
Cb13	ANK1	GAIN	CNA
Cb13	KAT6A	GAIN	CNA
Cb13	TCEA1	GAIN	CNA
Cb13	NCOA2	GAIN	CNA
Cb13	EYA1	GAIN	CNA
Cb13	TCEB1	GAIN	CNA
Cb13	HEY1	GAIN	CNA
Cb13	CNBD1	GAIN	CNA
Cb13	NBN	GAIN	CNA
Cb13	RUNX1T1	GAIN	CNA
Cb13	CDH17	GAIN	CNA
Cb13	RAD54B	GAIN	CNA
Cb13	PABPC1	GAIN	CNA
Cb13	RRM2B	GAIN	CNA
Cb13	UBR5	GAIN	CNA
Cb13	RSPO2	GAIN	CNA
Cb13	EIF3E	GAIN	CNA
Cb13	CSMD3	GAIN	CNA
Cb13	RAD21	GAIN	CNA
Cb13	EXT1	GAIN	CNA
Cb13	NSMCE2	GAIN	CNA
Cb13	MYC	GAIN	CNA
Cb13	NDRG1	GAIN	CNA
Cb13	FAM135B	GAIN	CNA
Cb13	KLF6	GAIN	CNA
Cb13	GATA3	GAIN	CNA
Cb13	LRIG3	GAIN	CNA
Cb13	HMGA2	GAIN	CNA
Cb13	PTPRB	GAIN	CNA
Cb13	NAP1L1	GAIN	CNA
Cb13	CEP290	GAIN	CNA
Cb13	BTG1	GAIN	CNA
Cb13	APAF1	GAIN	CNA
Cb13	CHST11	GAIN	CNA
Cb13	SETD1B	GAIN	CNA
Cb13	CCNB1IP1	GAIN	CNA
Cb13	PARP2	GAIN	CNA
Cb13	APEX1	GAIN	CNA
Cb13	CHD8	GAIN	CNA
Cb13	AJUBA	GAIN	CNA
Cb13	NFATC4	GAIN	CNA
Cb13	ARHGAP5	GAIN	CNA
Cb13	NKX2-1	GAIN	CNA
Cb13	POLG	GAIN	CNA
Cb13	IDH2	GAIN	CNA
Cb13	BLM	GAIN	CNA
Cb13	CHD2	GAIN	CNA
Cb13	EME2	GAIN	CNA
Cb13	RNF43	GAIN	CNA
Cb13	CLTC	GAIN	CNA
Cb13	PPM1D	GAIN	CNA
Cb13	DDX5	GAIN	CNA
Cb13	GNA13	GAIN	CNA
Cb13	PRKAR1A	GAIN	CNA
Cb13	SOX9	GAIN	CNA
Cb13	RECQL5	GAIN	CNA
Cb13	H3F3B	GAIN	CNA
Cb13	SRSF2	GAIN	CNA
Cb13	RBBP8	HOMDEL	CNA
Cb13	SETBP1	GAIN	CNA
Cb13	SMAD2	GAIN	CNA
Cb13	SMAD4	GAIN	CNA
Cb13	DCC	GAIN	CNA
Cb13	POLI	GAIN	CNA
Cb13	MALT1	GAIN	CNA
Cb13	BCL2	GAIN	CNA
Cb13	KDSR	GAIN	CNA
Cb13	ASXL1	GAIN	CNA
Cb13	SPO11	GAIN	CNA
Cb13	GNAS	GAIN	CNA
Cb13	AMER1	HETLOSS	CNA
Cb13	CRLF2	HOMDEL	CNA
Cb13	P2RY8	HOMDEL	CNA
Cb4	TEC	GAIN	CNA
Cb4	GTF2H2	HOMDEL	CNA
Cb4	CCND1	GAIN	CNA
Cb4	RBBP8	HOMDEL	CNA
Cb4	AMER1	HOMDEL	CNA
Cb4	CRLF2	HOMDEL	CNA
Cb4	P2RY8	HOMDEL	CNA
C168	C1orf86	HETLOSS	CNA
C168	SKI	HETLOSS	CNA
C168	TNFRSF14	HETLOSS	CNA
C168	PRDM16	HETLOSS	CNA
C168	RPL22	HETLOSS	CNA
C168	CAMTA1	HETLOSS	CNA
C168	APITD1	HETLOSS	CNA
C168	MTOR	HETLOSS	CNA
C168	MAD2L2	HETLOSS	CNA
C168	SDHB	HETLOSS	CNA
C168	ARHGEF10L	HETLOSS	CNA
C168	PAX7	HETLOSS	CNA
C168	RPL5	HETLOSS	CNA
C168	PDE4DIP	GAIN	CNA
C168	BCL9	GAIN	CNA
C168	S100A7	GAIN	CNA
C168	MUC1	GAIN	CNA
C168	GBA	GAIN	CNA
C168	PRCC	GAIN	CNA
C168	NTRK1	GAIN	CNA
C168	FCRL4	GAIN	CNA
C168	SDHC	GAIN	CNA
C168	FCGR2B	GAIN	CNA
C168	PBX1	GAIN	CNA
C168	PRRX1	GAIN	CNA
C168	ABL2	GAIN	CNA
C168	ELF3	HETLOSS	CNA
C168	UBE2T	HETLOSS	CNA
C168	MDM4	HETLOSS	CNA
C168	ELK4	HETLOSS	CNA
C168	SLC45A3	HETLOSS	CNA
C168	TRAF5	HETLOSS	CNA
C168	PPP2R5A	HETLOSS	CNA
C168	H3F3A	GAIN	CNA
C168	SPRTN	GAIN	CNA
C168	ARID4B	GAIN	CNA
C168	RGS7	GAIN	CNA
C168	FH	GAIN	CNA
C168	AKT3	GAIN	CNA
C168	MYCN	HETLOSS	CNA
C168	SMC6	HETLOSS	CNA
C168	GEN1	HETLOSS	CNA
C168	STRN	HETLOSS	CNA
C168	MAP4K3	HETLOSS	CNA
C168	EML4	GAIN	CNA
C168	EPAS1	GAIN	CNA
C168	EPCAM	GAIN	CNA
C168	MSH2	GAIN	CNA
C168	MSH6	GAIN	CNA
C168	FBXO11	GAIN	CNA
C168	RTN4	GAIN	CNA
C168	FANCL	GAIN	CNA
C168	BCL11A	GAIN	CNA
C168	REL	GAIN	CNA
C168	XPO1	GAIN	CNA
C168	APLF	HETLOSS	CNA
C168	PCBP1	HETLOSS	CNA
C168	TMEM127	GAIN	CNA
C168	REV1	GAIN	CNA
C168	RGPD3	HETLOSS	CNA
C168	RANBP2	HETLOSS	CNA
C168	PAX8	HETLOSS	CNA
C168	ERCC3	HETLOSS	CNA
C168	POLR2D	HETLOSS	CNA
C168	CXCR4	HETLOSS	CNA
C168	ACVR2A	HETLOSS	CNA
C168	ABCB11	HETLOSS	CNA
C168	HOXD13	HETLOSS	CNA
C168	HOXD11	HETLOSS	CNA
C168	NFE2L2	HETLOSS	CNA
C168	NCKAP1	HETLOSS	CNA
C168	ITGAV	HETLOSS	CNA
C168	CASP10	HETLOSS	CNA
C168	CASP8	HETLOSS	CNA
C168	BMPR2	HETLOSS	CNA
C168	CD28	HETLOSS	CNA
C168	ATIC	HETLOSS	CNA
C168	FN1	HETLOSS	CNA
C168	XRCC5	HETLOSS	CNA
C168	FEV	HETLOSS	CNA
C168	NHEJ1	HETLOSS	CNA
C168	PAX3	HETLOSS	CNA
C168	DIS3L2	HETLOSS	CNA
C168	ACKR3	HETLOSS	CNA
C168	WDR48	HETLOSS	CNA
C168	TREX1	HETLOSS	CNA
C168	COL7A1	HETLOSS	CNA
C168	NCKIPSD	HETLOSS	CNA
C168	RHOA	HETLOSS	CNA
C168	RBM5	HETLOSS	CNA
C168	PARP3	HETLOSS	CNA
C168	BAP1	HETLOSS	CNA
C168	PBRM1	HETLOSS	CNA
C168	CACNA1D	HETLOSS	CNA
C168	FHIT	HETLOSS	CNA
C168	MITF	HETLOSS	CNA
C168	FOXP1	HETLOSS	CNA
C168	PPP4R2	HETLOSS	CNA
C168	ROBO2	HETLOSS	CNA
C168	TFG	GAIN	CNA
C168	CBLB	GAIN	CNA
C168	SLC34A2	HETLOSS	CNA
C168	RFC1	HETLOSS	CNA
C168	N4BP2	HETLOSS	CNA
C168	RHOH	HETLOSS	CNA
C168	TEC	AMP	CNA
C168	FIP1L1	GAIN	CNA
C168	CHIC2	GAIN	CNA
C168	PDGFRA	GAIN	CNA
C168	KDR	GAIN	CNA
C168	CLOCK	GAIN	CNA
C168	POLR2B	GAIN	CNA
C168	ALB	GAIN	CNA
C168	SEC31A	HETLOSS	CNA
C168	HELQ	HETLOSS	CNA
C168	FAM175A	HETLOSS	CNA
C168	PTPN13	HETLOSS	CNA
C168	AFF1	HETLOSS	CNA
C168	RAP1GDS1	HETLOSS	CNA
C168	LEF1	HETLOSS	CNA
C168	SEC24D	HETLOSS	CNA
C168	FBXW7	HETLOSS	CNA
C168	NEIL3	HETLOSS	CNA
C168	IRF2	HETLOSS	CNA
C168	CASP3	HETLOSS	CNA
C168	FAT1	HETLOSS	CNA
C168	SDHA	GAIN	CNA
C168	TERT	GAIN	CNA
C168	CTNND2	AMP	CNA
C168	CDH10	GAIN	CNA
C168	DEPDC1B	HETLOSS	CNA
C168	ERCC8	HETLOSS	CNA
C168	ERBB2IP	HETLOSS	CNA
C168	PIK3R1	HETLOSS	CNA
C168	CDK7	HETLOSS	CNA
C168	RAD17	HETLOSS	CNA
C168	GTF2H2	HETLOSS	CNA
C168	APC	HOMDEL	CNA
C168	MCC	HOMDEL	CNA
C168	CSNK1G3	HOMDEL	CNA
C168	ACSL6	HOMDEL	CNA
C168	IRF1	HOMDEL	CNA
C168	RAD50	HOMDEL	CNA
C168	AFF4	HOMDEL	CNA
C168	UBE2B	HOMDEL	CNA
C168	DEK	AMP	CNA
C168	TDP2	GAIN	CNA
C168	HIST1H3B	GAIN	CNA
C168	MDC1	GAIN	CNA
C168	POU5F1	GAIN	CNA
C168	MSH5	GAIN	CNA
C168	DAXX	GAIN	CNA
C168	SRSF3	GAIN	CNA
C168	CDKN1A	GAIN	CNA
C168	TFEB	GAIN	CNA
C168	BMP5	GAIN	CNA
C168	EEF1A1	GAIN	CNA
C168	TMEM30A	GAIN	CNA
C168	ZNF292	GAIN	CNA
C168	EPHA7	GAIN	CNA
C168	CCNC	GAIN	CNA
C168	PRDM1	GAIN	CNA
C168	FOXO3	GAIN	CNA
C168	REV3L	GAIN	CNA
C168	HDAC2	GAIN	CNA
C168	ROS1	GAIN	CNA
C168	GOPC	GAIN	CNA
C168	RSPO3	GAIN	CNA
C168	PTPRK	GAIN	CNA
C168	MED23	GAIN	CNA
C168	SGK1	GAIN	CNA
C168	MYB	GAIN	CNA
C168	BCLAF1	GAIN	CNA
C168	TNFAIP3	GAIN	CNA
C168	ECT2L	GAIN	CNA
C168	SHPRH	GAIN	CNA
C168	ESR1	GAIN	CNA
C168	GTF2H5	HETLOSS	CNA
C168	EZR	HETLOSS	CNA
C168	IGF2R	HETLOSS	CNA
C168	QKI	HETLOSS	CNA
C168	FGFR1OP	HETLOSS	CNA
C168	MLLT4	HETLOSS	CNA
C168	NUDT1	HETLOSS	CNA
C168	CARD11	HETLOSS	CNA
C168	PMS2	HETLOSS	CNA
C168	RAC1	HETLOSS	CNA
C168	RPA3	HETLOSS	CNA
C168	HNRNPA2B1	HETLOSS	CNA
C168	HOXA9	HETLOSS	CNA
C168	HOXA11	HETLOSS	CNA
C168	HOXA13	HETLOSS	CNA
C168	SFRP4	HETLOSS	CNA
C168	POLM	HETLOSS	CNA
C168	POLD2	HETLOSS	CNA
C168	EGFR	AMP	CNA
C168	ZNF479	AMP	CNA
C168	SBDS	HETLOSS	CNA
C168	ELN	HETLOSS	CNA
C168	RFC2	HETLOSS	CNA
C168	PMS2P3	HETLOSS	CNA
C168	HIP1	HETLOSS	CNA
C168	PTPN12	HETLOSS	CNA
C168	TRRAP	HETLOSS	CNA
C168	CUX1	HETLOSS	CNA
C168	POLR2J	HETLOSS	CNA
C168	MET	HETLOSS	CNA
C168	POT1	AMP	CNA
C168	SND1	GAIN	CNA
C168	SMO	GAIN	CNA
C168	CREB3L2	GAIN	CNA
C168	TRIM24	GAIN	CNA
C168	KIAA1549	GAIN	CNA
C168	BRAF	GAIN	CNA
C168	PRSS1	HOMDEL	CNA
C168	FAM131B	HOMDEL	CNA
C168	CNTNAP2	HOMDEL	CNA
C168	CUL1	HOMDEL	CNA
C168	EZH2	HOMDEL	CNA
C168	KMT2C	GAIN	CNA
C168	XRCC2	GAIN	CNA
C168	PAXIP1	GAIN	CNA
C168	MNX1	GAIN	CNA
C168	ARHGEF10	HOMDEL	CNA
C168	NEIL2	HOMDEL	CNA
C168	DLC1	HOMDEL	CNA
C168	MSR1	HOMDEL	CNA
C168	PDGFRL	HOMDEL	CNA
C168	PCM1	HOMDEL	CNA
C168	LZTS1	HOMDEL	CNA
C168	LEPROTL1	HOMDEL	CNA
C168	WRN	HOMDEL	CNA
C168	WHSC1L1	GAIN	CNA
C168	FGFR1	GAIN	CNA
C168	ANK1	GAIN	CNA
C168	KAT6A	GAIN	CNA
C168	IKBKB	GAIN	CNA
C168	POLB	GAIN	CNA
C168	HOOK3	GAIN	CNA
C168	PRKDC	HOMDEL	CNA
C168	UBE2V2	HOMDEL	CNA
C168	TCEA1	HOMDEL	CNA
C168	PLAG1	HOMDEL	CNA
C168	CHCHD7	HOMDEL	CNA
C168	PREX2	HETLOSS	CNA
C168	NCOA2	HETLOSS	CNA
C168	CNBD1	HETLOSS	CNA
C168	RUNX1T1	GAIN	CNA
C168	CDH17	GAIN	CNA
C168	RAD54B	AMP	CNA
C168	COX6C	AMP	CNA
C168	POLR2K	AMP	CNA
C168	PABPC1	AMP	CNA
C168	RRM2B	AMP	CNA
C168	UBR5	AMP	CNA
C168	RSPO2	AMP	CNA
C168	EIF3E	AMP	CNA
C168	CSMD3	GAIN	CNA
C168	RAD21	AMP	CNA
C168	EXT1	AMP	CNA
C168	NSMCE2	GAIN	CNA
C168	MYC	GAIN	CNA
C168	NDRG1	GAIN	CNA
C168	FAM135B	GAIN	CNA
C168	DOCK8	GAIN	CNA
C168	JAK2	GAIN	CNA
C168	CD274	GAIN	CNA
C168	PDCD1LG2	GAIN	CNA
C168	PTPRD	GAIN	CNA
C168	NFIB	GAIN	CNA
C168	PSIP1	GAIN	CNA
C168	GNAQ	HETLOSS	CNA
C168	GADD45G	HETLOSS	CNA
C168	SYK	HETLOSS	CNA
C168	OMD	HETLOSS	CNA
C168	WNK2	HETLOSS	CNA
C168	FANCC	HETLOSS	CNA
C168	PTCH1	HETLOSS	CNA
C168	TAL2	HETLOSS	CNA
C168	RAD23B	HETLOSS	CNA
C168	KLF4	HETLOSS	CNA
C168	TNC	HETLOSS	CNA
C168	LARP4B	GAIN	CNA
C168	KLF6	GAIN	CNA
C168	GATA3	GAIN	CNA
C168	MLLT10	HETLOSS	CNA
C168	ABI1	HETLOSS	CNA
C168	ZEB1	HETLOSS	CNA
C168	CUL2	HETLOSS	CNA
C168	RET	HETLOSS	CNA
C168	PARG	HETLOSS	CNA
C168	NCOA4	HETLOSS	CNA
C168	ARID5B	HETLOSS	CNA
C168	DNA2	HETLOSS	CNA
C168	TET1	HETLOSS	CNA
C168	CCAR1	HETLOSS	CNA
C168	PRF1	HETLOSS	CNA
C168	BMPR1A	HETLOSS	CNA
C168	PTEN	HETLOSS	CNA
C168	HRAS	HETLOSS	CNA
C168	POLR2L	HETLOSS	CNA
C168	CDKN1C	HOMDEL	CNA
C168	SLC22A18	HOMDEL	CNA
C168	CARS	HETLOSS	CNA
C168	NUP98	HETLOSS	CNA
C168	LMO1	HETLOSS	CNA
C168	ARNTL	HETLOSS	CNA
C168	MYOD1	HETLOSS	CNA
C168	GTF2H1	HETLOSS	CNA
C168	LDHA	HETLOSS	CNA
C168	WT1	HETLOSS	CNA
C168	LMO2	HETLOSS	CNA
C168	ALKBH3	HETLOSS	CNA
C168	EXT2	HETLOSS	CNA
C168	CREB3L1	HETLOSS	CNA
C168	DDB2	HETLOSS	CNA
C168	CLP1	GAIN	CNA
C168	CTNND1	GAIN	CNA
C168	DDB1	GAIN	CNA
C168	FEN1	GAIN	CNA
C168	POLR2G	GAIN	CNA
C168	NXF1	GAIN	CNA
C168	KAT5	GAIN	CNA
C168	MUS81	GAIN	CNA
C168	NUMA1	GAIN	CNA
C168	INPPL1	GAIN	CNA
C168	PICALM	GAIN	CNA
C168	EED	GAIN	CNA
C168	FAT3	GAIN	CNA
C168	MRE11A	GAIN	CNA
C168	MAML2	GAIN	CNA
C168	CASP1	GAIN	CNA
C168	KDM5A	GAIN	CNA
C168	ERC1	GAIN	CNA
C168	CCND2	GAIN	CNA
C168	ETV6	GAIN	CNA
C168	CDKN1B	GAIN	CNA
C168	RECQL	GAIN	CNA
C168	ETNK1	GAIN	CNA
C168	ALKBH2	HETLOSS	CNA
C168	UNG	HETLOSS	CNA
C168	SH2B3	HETLOSS	CNA
C168	ALDH2	HETLOSS	CNA
C168	PTPN11	HETLOSS	CNA
C168	TBX3	HETLOSS	CNA
C168	RFC5	HETLOSS	CNA
C168	HNF1A	HETLOSS	CNA
C168	SETD1B	HETLOSS	CNA
C168	BCL7A	HETLOSS	CNA
C168	CLIP1	HETLOSS	CNA
C168	ZCCHC8	HETLOSS	CNA
C168	GTF2H3	HETLOSS	CNA
C168	NCOR2	HETLOSS	CNA
C168	POLE	HOMDEL	CNA
C168	GJB2	HETLOSS	CNA
C168	PARP4	HETLOSS	CNA
C168	RNF6	HETLOSS	CNA
C168	CDX2	HETLOSS	CNA
C168	FLT3	HETLOSS	CNA
C168	HMGB1	HETLOSS	CNA
C168	BRCA2	HETLOSS	CNA
C168	RFC3	HETLOSS	CNA
C168	NBEA	HETLOSS	CNA
C168	FOXO1	HETLOSS	CNA
C168	ELF1	HETLOSS	CNA
C168	CYSLTR2	HETLOSS	CNA
C168	DIS3	GAIN	CNA
C168	GPC5	GAIN	CNA
C168	SOX21	GAIN	CNA
C168	ERCC5	AMP	CNA
C168	LIG4	AMP	CNA
C168	IRS2	AMP	CNA
C168	ING1	GAIN	CNA
C168	CUL4A	GAIN	CNA
C168	AJUBA	AMP	CNA
C168	MLH3	HETLOSS	CNA
C168	ALKBH1	HETLOSS	CNA
C168	TSHR	HETLOSS	CNA
C168	TDP1	HETLOSS	CNA
C168	TRIP11	HETLOSS	CNA
C168	GOLGA5	HETLOSS	CNA
C168	PPP4R4	HETLOSS	CNA
C168	SERPINA1	HETLOSS	CNA
C168	DICER1	HETLOSS	CNA
C168	TCL1A	HETLOSS	CNA
C168	HSP90AA1	HETLOSS	CNA
C168	TRAF3	HETLOSS	CNA
C168	XRCC3	HETLOSS	CNA
C168	AKT1	HETLOSS	CNA
C168	KNSTRN	HETLOSS	CNA
C168	CASC5	HETLOSS	CNA
C168	RAD51	HETLOSS	CNA
C168	MGA	HETLOSS	CNA
C168	TP53BP1	HETLOSS	CNA
C168	B2M	HETLOSS	CNA
C168	HMGN2P46	HETLOSS	CNA
C168	USP8	HETLOSS	CNA
C168	MYO5A	HETLOSS	CNA
C168	C15orf65	HETLOSS	CNA
C168	TCF12	HETLOSS	CNA
C168	PIF1	HETLOSS	CNA
C168	MAP2K1	HETLOSS	CNA
C168	NTRK3	HETLOSS	CNA
C168	FANCI	HETLOSS	CNA
C168	POLG	HETLOSS	CNA
C168	IDH2	HETLOSS	CNA
C168	CRTC3	HETLOSS	CNA
C168	BLM	HETLOSS	CNA
C168	FES	HETLOSS	CNA
C168	MPG	HETLOSS	CNA
C168	AXIN1	HETLOSS	CNA
C168	TELO2	HETLOSS	CNA
C168	EME2	HETLOSS	CNA
C168	NTHL1	HETLOSS	CNA
C168	TSC2	HETLOSS	CNA
C168	TRAF7	HETLOSS	CNA
C168	TCEB2	HETLOSS	CNA
C168	SLX4	HETLOSS	CNA
C168	CREBBP	HETLOSS	CNA
C168	ERCC4	HETLOSS	CNA
C168	MYH11	HETLOSS	CNA
C168	PALB2	HETLOSS	CNA
C168	PRKCB	HETLOSS	CNA
C168	NSMCE1	HETLOSS	CNA
C168	IL21R	HETLOSS	CNA
C168	NFATC2IP	HETLOSS	CNA
C168	SLX1B	HETLOSS	CNA
C168	PPP4C	HETLOSS	CNA
C168	SLX1A	HETLOSS	CNA
C168	FUS	HOMDEL	CNA
C168	BRD7	HETLOSS	CNA
C168	NUP93	HETLOSS	CNA
C168	HERPUD1	HETLOSS	CNA
C168	POLR2C	HETLOSS	CNA
C168	CNOT1	HETLOSS	CNA
C168	CBFB	HETLOSS	CNA
C168	CTCF	HETLOSS	CNA
C168	CDH1	HETLOSS	CNA
C168	ZFHX3	HETLOSS	CNA
C168	MAF	HETLOSS	CNA
C168	YWHAE	HETLOSS	CNA
C168	RPA1	HETLOSS	CNA
C168	USP6	HETLOSS	CNA
C168	RABEP1	HETLOSS	CNA
C168	GPS2	HETLOSS	CNA
C168	POLR2A	HETLOSS	CNA
C168	TP53	HETLOSS	CNA
C168	CHD3	HETLOSS	CNA
C168	PER1	HETLOSS	CNA
C168	GAS7	HETLOSS	CNA
C168	FLCN	HETLOSS	CNA
C168	TOP3A	HETLOSS	CNA
C168	SPECC1	HETLOSS	CNA
C168	NF1	HETLOSS	CNA
C168	SUZ12	HETLOSS	CNA
C168	PSMD11	HETLOSS	CNA
C168	LIG3	HETLOSS	CNA
C168	RAD51D	HETLOSS	CNA
C168	TAF15	HETLOSS	CNA
C168	RDM1	HETLOSS	CNA
C168	MLLT6	HETLOSS	CNA
C168	LASP1	HETLOSS	CNA
C168	CDK12	HETLOSS	CNA
C168	ERBB2	HETLOSS	CNA
C168	RARA	HETLOSS	CNA
C168	CCR7	HETLOSS	CNA
C168	SMARCE1	HETLOSS	CNA
C168	STAT5B	HETLOSS	CNA
C168	STAT3	HETLOSS	CNA
C168	PSME3	HETLOSS	CNA
C168	BRCA1	HETLOSS	CNA
C168	ETV4	HETLOSS	CNA
C168	KANSL1	GAIN	CNA
C168	CDC27	GAIN	CNA
C168	DDX5	GAIN	CNA
C168	GNA13	GAIN	CNA
C168	AXIN2	GAIN	CNA
C168	PRKAR1A	GAIN	CNA
C168	SOX9	GAIN	CNA
C168	RECQL5	GAIN	CNA
C168	H3F3B	GAIN	CNA
C168	SRSF2	GAIN	CNA
C168	SEPT9	GAIN	CNA
C168	CANT1	GAIN	CNA
C168	RBBP8	HOMDEL	CNA
C168	ZNF521	HETLOSS	CNA
C168	SS18	HETLOSS	CNA
C168	SMAD4	HETLOSS	CNA
C168	POLI	HETLOSS	CNA
C168	MALT1	HETLOSS	CNA
C168	FSTL3	HETLOSS	CNA
C168	ELANE	HETLOSS	CNA
C168	POLR2E	HETLOSS	CNA
C168	STK11	HETLOSS	CNA
C168	TCF3	HETLOSS	CNA
C168	GNA11	HETLOSS	CNA
C168	MAP2K2	HETLOSS	CNA
C168	SH3GL1	HETLOSS	CNA
C168	CHAF1A	HETLOSS	CNA
C168	MLLT1	HETLOSS	CNA
C168	VAV1	HETLOSS	CNA
C168	XAB2	HETLOSS	CNA
C168	CD209	HETLOSS	CNA
C168	MUC16	HETLOSS	CNA
C168	KEAP1	HOMDEL	CNA
C168	DNM2	HETLOSS	CNA
C168	SMARCA4	HETLOSS	CNA
C168	CALR	HETLOSS	CNA
C168	RAD23A	HETLOSS	CNA
C168	LYL1	HETLOSS	CNA
C168	PIK3R2	GAIN	CNA
C168	PIK3R2	GAIN	CNA
C168	CCNE1	GAIN	CNA
C168	CEP89	GAIN	CNA
C168	C19orf40	GAIN	CNA
C168	CEBPA	GAIN	CNA
C168	LSM14A	GAIN	CNA
C168	POLR2I	GAIN	CNA
C168	AKT2	GAIN	CNA
C168	BCL3	HETLOSS	CNA
C168	CBLC	HETLOSS	CNA
C168	ERCC2	HETLOSS	CNA
C168	ERCC1	HETLOSS	CNA
C168	ARHGAP35	HETLOSS	CNA
C168	LIG1	HETLOSS	CNA
C168	CSNK2A1	HETLOSS	CNA
C168	SIRPA	HETLOSS	CNA
C168	PCNA	HETLOSS	CNA
C168	CRNKL1	HETLOSS	CNA
C168	FOXA2	HETLOSS	CNA
C168	SRC	HETLOSS	CNA
C168	MAFB	HETLOSS	CNA
C168	TOP1	HETLOSS	CNA
C168	PLCG1	HETLOSS	CNA
C168	SDC4	HETLOSS	CNA
C168	NFATC2	HETLOSS	CNA
C168	SALL4	HOMDEL	CNA
C168	GNAS	HETLOSS	CNA
C168	SS18L1	HETLOSS	CNA
C168	ITSN1	GAIN	CNA
C168	CLTCL1	HETLOSS	CNA
C168	SEPT5	HETLOSS	CNA
C168	DGCR8	HETLOSS	CNA
C168	LZTR1	HETLOSS	CNA
C168	MAPK1	HETLOSS	CNA
C168	TOP3B	HETLOSS	CNA
C168	BCR	HETLOSS	CNA
C168	MN1	HETLOSS	CNA
C168	CHEK2	HETLOSS	CNA
C168	ZNRF3	HETLOSS	CNA
C168	EWSR1	HETLOSS	CNA
C168	NF2	HETLOSS	CNA
C168	MYH9	HETLOSS	CNA
C168	POLR2F	HETLOSS	CNA
C168	DMC1	HETLOSS	CNA
C168	APOBEC3B	HETLOSS	CNA
C168	PDGFB	HETLOSS	CNA
C168	MKL1	HETLOSS	CNA
C168	RBX1	HETLOSS	CNA
C168	EP300	HETLOSS	CNA
C168	XRCC6	HETLOSS	CNA
C168	ARFGAP3	HETLOSS	CNA
C168	PPP6R2	HETLOSS	CNA
C168	TMSB4X	HETLOSS	CNA
C168	FANCB	HETLOSS	CNA
C168	ZRSR2	HETLOSS	CNA
C168	AMER1	HOMDEL	CNA
C168	AR	GAIN	CNA
C168	BTK	GAIN	CNA
C168	IRS4	GAIN	CNA
C168	UBE2A	GAIN	CNA
C168	SEPT6	GAIN	CNA
C168	UPF3B	GAIN	CNA
C168	STAG2	GAIN	CNA
C168	DCAF12L2	GAIN	CNA
C168	SMARCA1	GAIN	CNA
C168	BCORL1	GAIN	CNA
C168	ELF4	GAIN	CNA
C168	GPC3	GAIN	CNA
C168	PHF6	GAIN	CNA
C168	FMR1	GAIN	CNA
C168	CETN2	GAIN	CNA
C168	TREX2	GAIN	CNA
C168	ATP2B3	GAIN	CNA
C168	FLNA	GAIN	CNA
C168	RPL10	GAIN	CNA
C168	MTCP1	GAIN	CNA
C168	CRLF2	HOMDEL	CNA
C168	P2RY8	HOMDEL	CNA
C3	FCRL4	GAIN	CNA
C3	DDR2	GAIN	CNA
C3	PBX1	GAIN	CNA
C3	PRRX1	GAIN	CNA
C3	TPR	GAIN	CNA
C3	CDC73	GAIN	CNA
C3	PTPRC	GAIN	CNA
C3	GTF2H2	HETLOSS	CNA
C3	ANK1	GAIN	CNA
C3	KAT6A	GAIN	CNA
C3	IKBKB	GAIN	CNA
C3	POLB	GAIN	CNA
C3	HOOK3	GAIN	CNA
C3	UBE2V2	GAIN	CNA
C3	BRD3	HETLOSS	CNA
C3	POLD4	GAIN	CNA
C3	PPP6R3	AMP	CNA
C3	CCND1	AMP	CNA
C3	MRE11A	HETLOSS	CNA
C3	BIRC3	HETLOSS	CNA
C3	CUL5	HETLOSS	CNA
C3	ATM	HETLOSS	CNA
C3	DDX10	HETLOSS	CNA
C3	POU2AF1	HETLOSS	CNA
C3	SDHD	HETLOSS	CNA
C3	SDHD	HETLOSS	CNA
C3	ZBTB16	HETLOSS	CNA
C3	PAFAH1B2	HETLOSS	CNA
C3	KMT2A	HETLOSS	CNA
C3	DDX6	HETLOSS	CNA
C3	BCL9L	HETLOSS	CNA
C3	FOXR1	HETLOSS	CNA
C3	HMBS	HETLOSS	CNA
C3	H2AFX	HETLOSS	CNA
C3	CBL	HETLOSS	CNA
C3	ARHGEF12	HETLOSS	CNA
C3	FLI1	HETLOSS	CNA
C3	KCNJ5	HETLOSS	CNA
C3	OPCML	HETLOSS	CNA
C3	LIG3	GAIN	CNA
C3	RAD51D	GAIN	CNA
C3	TAF15	GAIN	CNA
C3	RDM1	GAIN	CNA
C3	HLF	GAIN	CNA
C3	MSI2	GAIN	CNA
C3	RNF43	GAIN	CNA
C3	SOX9	GAIN	CNA
C3	RBBP8	HOMDEL	CNA
C3	PPP2R1A	GAIN	CNA
C3	ZNF331	GAIN	CNA
C3	TFPT	GAIN	CNA
C3	CNOT3	GAIN	CNA
C3	PPP6R1	GAIN	CNA
C3	NFATC2	GAIN	CNA
C3	SALL4	GAIN	CNA
C3	SPO11	GAIN	CNA
C3	GNAS	GAIN	CNA
C3	SS18L1	GAIN	CNA
C3	PTK6	GAIN	CNA
C3	ARFGAP3	HETLOSS	CNA
C3	CRLF2	HETLOSS	CNA
C3	AMER1	HOMDEL	CNA
C3	CRLF2	HOMDEL	CNA
C3	P2RY8	HOMDEL	CNA
C12	TPR	GAIN	CNA
C12	TEC	GAIN	CNA
C12	TERT	GAIN	CNA
C12	CTNND2	GAIN	CNA
C12	CDH10	GAIN	CNA
C12	DROSHA	GAIN	CNA
C12	IL7R	GAIN	CNA
C12	LIFR	GAIN	CNA
C12	ACSL6	GAIN	CNA
C12	IRF1	GAIN	CNA
C12	RAD50	GAIN	CNA
C12	AFF4	GAIN	CNA
C12	UBE2B	GAIN	CNA
C12	HDAC3	GAIN	CNA
C12	ARAP3	GAIN	CNA
C12	ARHGAP26	GAIN	CNA
C12	ELN	AMP	CNA
C12	RFC2	AMP	CNA
C12	PMS2P3	GAIN	CNA
C12	HIP1	HETLOSS	CNA
C12	PTPN12	GAIN	CNA
C12	WHSC1L1	AMP	CNA
C12	FGFR1	AMP	CNA
C12	KAT6A	GAIN	CNA
C12	IKBKB	GAIN	CNA
C12	POLB	GAIN	CNA
C12	HOOK3	GAIN	CNA
C12	NBN	GAIN	CNA
C12	COX6C	GAIN	CNA
C12	POLR2K	GAIN	CNA
C12	RRM2B	GAIN	CNA
C12	UBR5	GAIN	CNA
C12	RBBP8	HOMDEL	CNA
C12	SIRPA	GAIN	CNA
C12	CRNKL1	GAIN	CNA
C12	FOXA2	GAIN	CNA
C12	ASXL1	GAIN	CNA
C12	SRC	GAIN	CNA
C12	MAFB	GAIN	CNA
C12	TOP1	GAIN	CNA
C12	PLCG1	GAIN	CNA
C12	PTPRT	GAIN	CNA
C12	SDC4	GAIN	CNA
C12	NFATC2	GAIN	CNA
C12	SALL4	GAIN	CNA
C12	SPO11	GAIN	CNA
C12	GNAS	GAIN	CNA
C12	SS18L1	GAIN	CNA
C12	PTK6	GAIN	CNA
C12	AMER1	HOMDEL	CNA
C12	CRLF2	HOMDEL	CNA
C12	P2RY8	HOMDEL	CNA
C23	SPEN	GAIN	CNA
C23	EPHA2	GAIN	CNA
C23	BCL9	GAIN	CNA
C23	NTRK1	GAIN	CNA
C23	SDHC	GAIN	CNA
C23	FCGR2B	GAIN	CNA
C23	DDR2	GAIN	CNA
C23	ABL2	GAIN	CNA
C23	TPR	GAIN	CNA
C23	CDC73	GAIN	CNA
C23	PTPRC	GAIN	CNA
C23	ELF3	GAIN	CNA
C23	UBE2T	GAIN	CNA
C23	ELK4	GAIN	CNA
C23	SLC45A3	GAIN	CNA
C23	TRAF5	GAIN	CNA
C23	PPP2R5A	GAIN	CNA
C23	RGS7	GAIN	CNA
C23	FH	GAIN	CNA
C23	EXO1	GAIN	CNA
C23	AKT3	GAIN	CNA
C23	ITGAV	HETLOSS	CNA
C23	SETMAR	GAIN	CNA
C23	SRGAP3	GAIN	CNA
C23	OGG1	GAIN	CNA
C23	FBLN2	GAIN	CNA
C23	XPC	GAIN	CNA
C23	RHOA	HETLOSS	CNA
C23	RBM5	HETLOSS	CNA
C23	EPHA3	GAIN	CNA
C23	UVSSA	HETLOSS	CNA
C23	FGFR3	HETLOSS	CNA
C23	WHSC1	HETLOSS	CNA
C23	POLN	HETLOSS	CNA
C23	TEC	GAIN	CNA
C23	ALB	GAIN	CNA
C23	IL2	GAIN	CNA
C23	IL7R	GAIN	CNA
C23	GTF2H2	HETLOSS	CNA
C23	CSNK1G3	HETLOSS	CNA
C23	IRF4	GAIN	CNA
C23	TDP2	GAIN	CNA
C23	HIST1H4I	GAIN	CNA
C23	MDC1	GAIN	CNA
C23	SRSF3	GAIN	CNA
C23	CDKN1A	GAIN	CNA
C23	TFEB	GAIN	CNA
C23	MAD1L1	AMP	CNA
C23	NUDT1	AMP	CNA
C23	HNRNPA2B1	GAIN	CNA
C23	HOXA9	GAIN	CNA
C23	HOXA11	GAIN	CNA
C23	HOXA13	GAIN	CNA
C23	JAZF1	GAIN	CNA
C23	SFRP4	GAIN	CNA
C23	POLM	GAIN	CNA
C23	POLD2	GAIN	CNA
C23	IKZF1	GAIN	CNA
C23	HIP1	HOMDEL	CNA
C23	FAM131B	HETLOSS	CNA
C23	ANK1	GAIN	CNA
C23	KAT6A	GAIN	CNA
C23	IKBKB	GAIN	CNA
C23	POLB	GAIN	CNA
C23	HOOK3	GAIN	CNA
C23	PLAG1	GAIN	CNA
C23	CHCHD7	GAIN	CNA
C23	PREX2	GAIN	CNA
C23	CDH17	GAIN	CNA
C23	POLR2K	GAIN	CNA
C23	RRM2B	GAIN	CNA
C23	NDRG1	GAIN	CNA
C23	BRD3	HETLOSS	CNA
C23	LARP4B	GAIN	CNA
C23	KLF6	GAIN	CNA
C23	GATA3	GAIN	CNA
C23	DCLRE1C	GAIN	CNA
C23	MLLT10	GAIN	CNA
C23	ABI1	GAIN	CNA
C23	ZEB1	GAIN	CNA
C23	KIF5B	GAIN	CNA
C23	CUL2	GAIN	CNA
C23	POLL	HETLOSS	CNA
C23	NFKB2	HETLOSS	CNA
C23	SUFU	HETLOSS	CNA
C23	PPP6R3	GAIN	CNA
C23	CCND1	AMP	CNA
C23	NUMA1	GAIN	CNA
C23	INPPL1	GAIN	CNA
C23	POLD3	GAIN	CNA
C23	ETV6	GAIN	CNA
C23	CDKN1B	GAIN	CNA
C23	RECQL	GAIN	CNA
C23	ARID2	GAIN	CNA
C23	COL2A1	GAIN	CNA
C23	KMT2D	GAIN	CNA
C23	PRPF40B	GAIN	CNA
C23	SMARCD1	GAIN	CNA
C23	LIMA1	GAIN	CNA
C23	ATF1	GAIN	CNA
C23	ACVR1B	GAIN	CNA
C23	HOXC13	GAIN	CNA
C23	HOXC11	GAIN	CNA
C23	SMUG1	GAIN	CNA
C23	ERBB3	GAIN	CNA
C23	NABP2	GAIN	CNA
C23	ANKRD52	GAIN	CNA
C23	NACA	GAIN	CNA
C23	NAB2	GAIN	CNA
C23	STAT6	GAIN	CNA
C23	GLI1	GAIN	CNA
C23	DDIT3	GAIN	CNA
C23	CDK4	GAIN	CNA
C23	LRIG3	GAIN	CNA
C23	WIF1	GAIN	CNA
C23	PTPRB	GAIN	CNA
C23	NAP1L1	GAIN	CNA
C23	GJB2	HETLOSS	CNA
C23	IRS2	HETLOSS	CNA
C23	ING1	HETLOSS	CNA
C23	HERPUD1	GAIN	CNA
C23	CDH11	GAIN	CNA
C23	CBFB	GAIN	CNA
C23	CTCF	GAIN	CNA
C23	CDH1	GAIN	CNA
C23	ZFHX3	GAIN	CNA
C23	MAF	GAIN	CNA
C23	CBFA2T3	GAIN	CNA
C23	FANCA	GAIN	CNA
C23	YWHAE	HETLOSS	CNA
C23	RPA1	HETLOSS	CNA
C23	USP6	HETLOSS	CNA
C23	RABEP1	HETLOSS	CNA
C23	SPECC1	HETLOSS	CNA
C23	CDC27	HETLOSS	CNA
C23	SPOP	GAIN	CNA
C23	KAT7	GAIN	CNA
C23	PPM1D	GAIN	CNA
C23	CD79B	GAIN	CNA
C23	DDX5	GAIN	CNA
C23	GNA13	GAIN	CNA
C23	AXIN2	GAIN	CNA
C23	RBBP8	HOMDEL	CNA
C23	SMAD2	GAIN	CNA
C23	SMAD4	GAIN	CNA
C23	ELANE	HETLOSS	CNA
C23	VAV1	HETLOSS	CNA
C23	CRTC1	HETLOSS	CNA
C23	CEP89	HETLOSS	CNA
C23	C19orf40	HETLOSS	CNA
C23	PCNA	GAIN	CNA
C23	FOXA2	GAIN	CNA
C23	ASXL1	GAIN	CNA
C23	MAFB	GAIN	CNA
C23	TOP1	GAIN	CNA
C23	PLCG1	GAIN	CNA
C23	SDC4	GAIN	CNA
C23	SS18L1	GAIN	CNA
C23	OLIG2	GAIN	CNA
C23	ITSN1	GAIN	CNA
C23	MKL1	GAIN	CNA
C23	AMER1	HOMDEL	CNA
C23	CRLF2	HOMDEL	CNA
C23	P2RY8	HOMDEL	CNA
C27	RBM5	HETLOSS	CNA
C27	FGFR3	HETLOSS	CNA
C27	WHSC1	HETLOSS	CNA
C27	POLN	HETLOSS	CNA
C27	RNF4	HETLOSS	CNA
C27	PMS2P3	HOMDEL	CNA
C27	HIP1	HOMDEL	CNA
C27	FNBP1	HETLOSS	CNA
C27	DDX6	HETLOSS	CNA
C27	BCL9L	HETLOSS	CNA
C27	FOXR1	HETLOSS	CNA
C27	HMBS	HETLOSS	CNA
C27	H2AFX	HETLOSS	CNA
C27	CBL	HETLOSS	CNA
C27	HSP90AA1	HETLOSS	CNA
C27	TRAF3	HETLOSS	CNA
C27	XRCC3	HETLOSS	CNA
C27	AKT1	HETLOSS	CNA
C27	NUP93	HETLOSS	CNA
C27	RPA1	HETLOSS	CNA
C27	USP6	HETLOSS	CNA
C27	RABEP1	HETLOSS	CNA
C27	GPS2	HETLOSS	CNA
C27	POLR2A	HETLOSS	CNA
C27	TP53	HETLOSS	CNA
C27	CHD3	HETLOSS	CNA
C27	PRKAR1A	GAIN	CNA
C27	RECQL5	GAIN	CNA
C27	H3F3B	GAIN	CNA
C27	ZNF750	GAIN	CNA
C27	RBBP8	HOMDEL	CNA
C27	FSTL3	HETLOSS	CNA
C27	ELANE	HETLOSS	CNA
C27	POLR2E	HETLOSS	CNA
C27	STK11	HETLOSS	CNA
C27	TCF3	HETLOSS	CNA
C27	GNA11	HETLOSS	CNA
C27	CSNK2A1	HETLOSS	CNA
C27	POLR2F	HETLOSS	CNA
C27	DMC1	HETLOSS	CNA
C27	APOBEC3B	HETLOSS	CNA
C27	PDGFB	HETLOSS	CNA
C27	MKL1	HETLOSS	CNA
C27	RBX1	HETLOSS	CNA
C27	EP300	HETLOSS	CNA
C27	XRCC6	HETLOSS	CNA
C27	ARFGAP3	HETLOSS	CNA
C27	PPP6R2	HETLOSS	CNA
C27	CRLF2	HETLOSS	CNA
C27	SSX1	HETLOSS	CNA
C27	SSX4	HETLOSS	CNA
C27	AMER1	HOMDEL	CNA
C27	CRLF2	HOMDEL	CNA
C27	P2RY8	HOMDEL	CNA
C97	EEF1A1	HETLOSS	CNA
C97	TMEM30A	HETLOSS	CNA
C97	ZNF292	HETLOSS	CNA
C97	EPHA7	HETLOSS	CNA
C97	CCNC	HETLOSS	CNA
C97	PRDM1	HETLOSS	CNA
C97	FOXO3	HETLOSS	CNA
C97	REV3L	HETLOSS	CNA
C97	HDAC2	HETLOSS	CNA
C97	ROS1	HETLOSS	CNA
C97	GOPC	HETLOSS	CNA
C97	ARHGEF10	HETLOSS	CNA
C97	NEIL2	HETLOSS	CNA
C97	DLC1	HETLOSS	CNA
C97	MSR1	HETLOSS	CNA
C97	PDGFRL	HETLOSS	CNA
C97	PCM1	HETLOSS	CNA
C97	LZTS1	HETLOSS	CNA
C97	LEPROTL1	HETLOSS	CNA
C97	WRN	HETLOSS	CNA
C97	NRG1	HETLOSS	CNA
C97	WHSC1L1	GAIN	CNA
C97	FGFR1	GAIN	CNA
C97	ANK1	GAIN	CNA
C97	KAT6A	GAIN	CNA
C97	IKBKB	GAIN	CNA
C97	POLB	GAIN	CNA
C97	HOOK3	GAIN	CNA
C97	PRKDC	HETLOSS	CNA
C97	UBE2V2	HETLOSS	CNA
C97	TCEA1	GAIN	CNA
C97	PLAG1	GAIN	CNA
C97	CHCHD7	GAIN	CNA
C97	PREX2	GAIN	CNA
C97	NCOA2	GAIN	CNA
C97	EYA1	GAIN	CNA
C97	TCEB1	GAIN	CNA
C97	HEY1	GAIN	CNA
C97	CNBD1	GAIN	CNA
C97	NBN	GAIN	CNA
C97	RUNX1T1	GAIN	CNA
C97	CDH17	GAIN	CNA
C97	RAD54B	GAIN	CNA
C97	COX6C	GAIN	CNA
C97	POLR2K	GAIN	CNA
C97	PABPC1	GAIN	CNA
C97	RRM2B	GAIN	CNA
C97	UBR5	GAIN	CNA
C97	RSPO2	GAIN	CNA
C97	EIF3E	GAIN	CNA
C97	CSMD3	GAIN	CNA
C97	RAD21	GAIN	CNA
C97	EXT1	GAIN	CNA
C97	NSMCE2	GAIN	CNA
C97	MYC	GAIN	CNA
C97	NDRG1	GAIN	CNA
C97	STIP1	HETLOSS	CNA
C97	MEN1	HETLOSS	CNA
C97	MALAT1	HETLOSS	CNA
C97	KAT5	HETLOSS	CNA
C97	MUS81	GAIN	CNA
C97	POLD4	AMP	CNA
C97	PPP6R3	AMP	CNA
C97	CCND1	AMP	CNA
C97	NUMA1	GAIN	CNA
C97	POLD3	GAIN	CNA
C97	PICALM	HETLOSS	CNA
C97	EED	HETLOSS	CNA
C97	FAT3	HETLOSS	CNA
C97	MRE11A	HETLOSS	CNA
C97	MAML2	HETLOSS	CNA
C97	BIRC3	HETLOSS	CNA
C97	CASP1	HETLOSS	CNA
C97	CUL5	HETLOSS	CNA
C97	ATM	HETLOSS	CNA
C97	DDX10	HETLOSS	CNA
C97	POU2AF1	HETLOSS	CNA
C97	SDHD	HETLOSS	CNA
C97	SDHD	HETLOSS	CNA
C97	ZBTB16	HETLOSS	CNA
C97	PAFAH1B2	HETLOSS	CNA
C97	KMT2A	HETLOSS	CNA
C97	DDX6	HETLOSS	CNA
C97	BCL9L	HETLOSS	CNA
C97	FOXR1	HETLOSS	CNA
C97	HMBS	HETLOSS	CNA
C97	H2AFX	HETLOSS	CNA
C97	CBL	HETLOSS	CNA
C97	ARHGEF12	HETLOSS	CNA
C97	FLI1	HETLOSS	CNA
C97	KCNJ5	HETLOSS	CNA
C97	OPCML	HETLOSS	CNA
C97	YWHAE	HETLOSS	CNA
C97	RPA1	HETLOSS	CNA
C97	USP6	HETLOSS	CNA
C97	RABEP1	HETLOSS	CNA
C97	GPS2	HETLOSS	CNA
C97	POLR2A	HETLOSS	CNA
C97	TP53	HETLOSS	CNA
C97	CHD3	HETLOSS	CNA
C97	PER1	HETLOSS	CNA
C97	GAS7	HETLOSS	CNA
C97	MAP2K4	HETLOSS	CNA
C97	RBBP8	HETLOSS	CNA
C97	AMER1	HOMDEL	CNA
C97	CRLF2	HOMDEL	CNA
C97	P2RY8	HOMDEL	CNA
C96	C1orf86	HETLOSS	CNA
C96	SKI	HETLOSS	CNA
C96	TNFRSF14	HETLOSS	CNA
C96	PRDM16	HETLOSS	CNA
C96	RPL22	HETLOSS	CNA
C96	CAMTA1	HETLOSS	CNA
C96	APITD1	HETLOSS	CNA
C96	MTOR	HETLOSS	CNA
C96	MAD2L2	HETLOSS	CNA
C96	CASP9	HETLOSS	CNA
C96	SPEN	HETLOSS	CNA
C96	EPHA2	HETLOSS	CNA
C96	SDHB	HETLOSS	CNA
C96	ARHGEF10L	HETLOSS	CNA
C96	PAX7	HETLOSS	CNA
C96	ID3	HETLOSS	CNA
C96	MDS2	HETLOSS	CNA
C96	TCEB3	HETLOSS	CNA
C96	RUNX3	HETLOSS	CNA
C96	ARID1A	HETLOSS	CNA
C96	RPA2	HETLOSS	CNA
C96	EYA3	HETLOSS	CNA
C96	LCK	HETLOSS	CNA
C96	SFPQ	HETLOSS	CNA
C96	CLSPN	HETLOSS	CNA
C96	THRAP3	HETLOSS	CNA
C96	CSF3R	HETLOSS	CNA
C96	SF3A3	HETLOSS	CNA
C96	MYCL	HETLOSS	CNA
C96	MPL	HETLOSS	CNA
C96	UROD	HETLOSS	CNA
C96	MUTYH	HETLOSS	CNA
C96	RAD54L	HETLOSS	CNA
C96	TAL1	HETLOSS	CNA
C96	STIL	HETLOSS	CNA
C96	FAF1	HETLOSS	CNA
C96	CDKN2C	HETLOSS	CNA
C96	EPS15	HETLOSS	CNA
C96	JUN	HETLOSS	CNA
C96	USP1	HETLOSS	CNA
C96	JAK1	HETLOSS	CNA
C96	GADD45A	HETLOSS	CNA
C96	HFM1	HETLOSS	CNA
C96	RPL5	HETLOSS	CNA
C96	ARHGAP29	HETLOSS	CNA
C96	GPSM2	HETLOSS	CNA
C96	RBM15	HETLOSS	CNA
C96	TRIM33	HETLOSS	CNA
C96	NRAS	HETLOSS	CNA
C96	CSDE1	HETLOSS	CNA
C96	ATP1A1	HETLOSS	CNA
C96	FAM46C	HETLOSS	CNA
C96	NOTCH2	HETLOSS	CNA
C96	MYCN	HETLOSS	CNA
C96	C2orf44	HETLOSS	CNA
C96	NCOA1	HETLOSS	CNA
C96	DNMT3A	HETLOSS	CNA
C96	ASXL2	HETLOSS	CNA
C96	ALK	HETLOSS	CNA
C96	STRN	HETLOSS	CNA
C96	MAP4K3	HETLOSS	CNA
C96	EML4	HETLOSS	CNA
C96	ZFP36L2	HETLOSS	CNA
C96	LRPPRC	HETLOSS	CNA
C96	SIX2	HETLOSS	CNA
C96	EPAS1	HETLOSS	CNA
C96	EPCAM	HETLOSS	CNA
C96	MSH2	HETLOSS	CNA
C96	MSH6	HETLOSS	CNA
C96	FBXO11	HETLOSS	CNA
C96	BCL11A	HETLOSS	CNA
C96	REL	HETLOSS	CNA
C96	XPO1	HETLOSS	CNA
C96	PCBP1	HETLOSS	CNA
C96	DCTN1	HETLOSS	CNA
C96	EIF2AK3	HETLOSS	CNA
C96	TMEM127	HETLOSS	CNA
C96	INPP4A	HETLOSS	CNA
C96	REV1	HETLOSS	CNA
C96	AFF3	HETLOSS	CNA
C96	RANBP2	HETLOSS	CNA
C96	PAX8	HETLOSS	CNA
C96	ERCC3	HETLOSS	CNA
C96	POLR2D	HETLOSS	CNA
C96	CXCR4	HETLOSS	CNA
C96	ACVR2A	HETLOSS	CNA
C96	ABCB11	HETLOSS	CNA
C96	NCKAP1	HETLOSS	CNA
C96	ITGAV	HETLOSS	CNA
C96	ANKRD44	HETLOSS	CNA
C96	SF3B1	HETLOSS	CNA
C96	CASP10	HETLOSS	CNA
C96	CASP8	HETLOSS	CNA
C96	BMPR2	HETLOSS	CNA
C96	CD28	HETLOSS	CNA
C96	ATIC	HETLOSS	CNA
C96	FN1	HETLOSS	CNA
C96	XRCC5	HETLOSS	CNA
C96	FEV	HETLOSS	CNA
C96	NHEJ1	HETLOSS	CNA
C96	PAX3	HETLOSS	CNA
C96	ACSL3	HETLOSS	CNA
C96	DIS3L2	HETLOSS	CNA
C96	CRBN	HETLOSS	CNA
C96	RAD18	HETLOSS	CNA
C96	SRGAP3	HETLOSS	CNA
C96	OGG1	HETLOSS	CNA
C96	FANCD2	HETLOSS	CNA
C96	VHL	HETLOSS	CNA
C96	PPARG	HETLOSS	CNA
C96	RAF1	HETLOSS	CNA
C96	FBLN2	HETLOSS	CNA
C96	XPC	HETLOSS	CNA
C96	ANKRD28	HETLOSS	CNA
C96	CCR4	HETLOSS	CNA
C96	CLASP2	HETLOSS	CNA
C96	MLH1	HETLOSS	CNA
C96	MYD88	HETLOSS	CNA
C96	WDR48	HETLOSS	CNA
C96	CTNNB1	HETLOSS	CNA
C96	SETD2	HETLOSS	CNA
C96	TREX1	HETLOSS	CNA
C96	COL7A1	HETLOSS	CNA
C96	NCKIPSD	HETLOSS	CNA
C96	RHOA	HETLOSS	CNA
C96	RBM5	HETLOSS	CNA
C96	PARP3	HETLOSS	CNA
C96	BAP1	HETLOSS	CNA
C96	PBRM1	HETLOSS	CNA
C96	CACNA1D	HETLOSS	CNA
C96	FHIT	HETLOSS	CNA
C96	MITF	HETLOSS	CNA
C96	FOXP1	HETLOSS	CNA
C96	POLQ	HETLOSS	CNA
C96	GATA2	HETLOSS	CNA
C96	RPN1	HETLOSS	CNA
C96	CNBP	HETLOSS	CNA
C96	MBD4	HETLOSS	CNA
C96	STAG1	HETLOSS	CNA
C96	PIK3CB	HETLOSS	CNA
C96	FOXL2	HETLOSS	CNA
C96	TFDP2	HETLOSS	CNA
C96	XRN1	HETLOSS	CNA
C96	ATR	HETLOSS	CNA
C96	SOX2	HETLOSS	CNA
C96	POLR2H	HETLOSS	CNA
C96	MAP3K13	HETLOSS	CNA
C96	IGF2BP2	HETLOSS	CNA
C96	ETV5	HETLOSS	CNA
C96	EIF4A2	HETLOSS	CNA
C96	RFC4	HETLOSS	CNA
C96	TFRC	HETLOSS	CNA
C96	RNF168	HETLOSS	CNA
C96	SDHA	GAIN	CNA
C96	TERT	GAIN	CNA
C96	CTNND2	HETLOSS	CNA
C96	CDH10	GAIN	CNA
C96	DROSHA	GAIN	CNA
C96	IL7R	AMP	CNA
C96	FOXO3	HETLOSS	CNA
C96	MED23	HETLOSS	CNA
C96	MAD1L1	HETLOSS	CNA
C96	NUDT1	HETLOSS	CNA
C96	CARD11	HETLOSS	CNA
C96	PMS2	HETLOSS	CNA
C96	RAC1	HETLOSS	CNA
C96	RPA3	HETLOSS	CNA
C96	ETV1	HETLOSS	CNA
C96	HNRNPA2B1	GAIN	CNA
C96	SFRP4	GAIN	CNA
C96	POLM	AMP	CNA
C96	POLD2	AMP	CNA
C96	ZNF479	HETLOSS	CNA
C96	SBDS	HETLOSS	CNA
C96	ELN	HETLOSS	CNA
C96	RFC2	HETLOSS	CNA
C96	PMS2P3	HETLOSS	CNA
C96	HIP1	HETLOSS	CNA
C96	PTPN12	HETLOSS	CNA
C96	GNAI1	HETLOSS	CNA
C96	GRM3	HETLOSS	CNA
C96	AKAP9	HETLOSS	CNA
C96	CDK6	HETLOSS	CNA
C96	SLC25A13	HETLOSS	CNA
C96	SHFM1	HETLOSS	CNA
C96	TRRAP	HETLOSS	CNA
C96	CUX1	HETLOSS	CNA
C96	POLR2J	HETLOSS	CNA
C96	MET	HETLOSS	CNA
C96	POT1	HETLOSS	CNA
C96	SND1	HETLOSS	CNA
C96	SMO	HETLOSS	CNA
C96	CREB3L2	HETLOSS	CNA
C96	TRIM24	HETLOSS	CNA
C96	KIAA1549	HETLOSS	CNA
C96	BRAF	HETLOSS	CNA
C96	PRSS1	HETLOSS	CNA
C96	FAM131B	HETLOSS	CNA
C96	CNTNAP2	HETLOSS	CNA
C96	CUL1	HETLOSS	CNA
C96	EZH2	HETLOSS	CNA
C96	KMT2C	HETLOSS	CNA
C96	XRCC2	HETLOSS	CNA
C96	PAXIP1	HETLOSS	CNA
C96	MNX1	HETLOSS	CNA
C96	ARHGEF10	HETLOSS	CNA
C96	NEIL2	HETLOSS	CNA
C96	DLC1	HETLOSS	CNA
C96	MSR1	HETLOSS	CNA
C96	PDGFRL	HETLOSS	CNA
C96	PCM1	HETLOSS	CNA
C96	LZTS1	HETLOSS	CNA
C96	LEPROTL1	HETLOSS	CNA
C96	WRN	HETLOSS	CNA
C96	NRG1	HETLOSS	CNA
C96	ANK1	HETLOSS	CNA
C96	KAT6A	HETLOSS	CNA
C96	IKBKB	HETLOSS	CNA
C96	POLB	HETLOSS	CNA
C96	HOOK3	HETLOSS	CNA
C96	DOCK8	HETLOSS	CNA
C96	JAK2	HETLOSS	CNA
C96	CD274	HETLOSS	CNA
C96	PDCD1LG2	HETLOSS	CNA
C96	PTPRD	HETLOSS	CNA
C96	NFIB	HETLOSS	CNA
C96	PSIP1	HETLOSS	CNA
C96	MLLT3	HETLOSS	CNA
C96	MTAP	HETLOSS	CNA
C96	CDKN2A	HETLOSS	CNA
C96	CDKN2B	HETLOSS	CNA
C96	ACO1	HOMDEL	CNA
C96	APTX	HOMDEL	CNA
C96	OMD	HETLOSS	CNA
C96	FANCC	HETLOSS	CNA
C96	PTCH1	HETLOSS	CNA
C96	RAD23B	HETLOSS	CNA
C96	KLF4	HETLOSS	CNA
C96	CNTRL	HETLOSS	CNA
C96	PTGS1	HETLOSS	CNA
C96	PPP6C	HETLOSS	CNA
C96	SPTAN1	HETLOSS	CNA
C96	SET	HETLOSS	CNA
C96	FNBP1	HETLOSS	CNA
C96	ABL1	HETLOSS	CNA
C96	NUP214	HETLOSS	CNA
C96	TSC1	HETLOSS	CNA
C96	RALGDS	HETLOSS	CNA
C96	BRD3	HETLOSS	CNA
C96	TLX1	HETLOSS	CNA
C96	EXT2	HETLOSS	CNA
C96	CREB3L1	HETLOSS	CNA
C96	DDB2	HETLOSS	CNA
C96	CLP1	HETLOSS	CNA
C96	CTNND1	HETLOSS	CNA
C96	FEN1	GAIN	CNA
C96	POLR2G	HETLOSS	CNA
C96	NXF1	HETLOSS	CNA
C96	STIP1	HETLOSS	CNA
C96	MEN1	HETLOSS	CNA
C96	MALAT1	HETLOSS	CNA
C96	KAT5	HETLOSS	CNA
C96	MUS81	HETLOSS	CNA
C96	CCND1	AMP	CNA
C96	NUMA1	HETLOSS	CNA
C96	INPPL1	GAIN	CNA
C96	PICALM	HETLOSS	CNA
C96	EED	HETLOSS	CNA
C96	FAT3	HETLOSS	CNA
C96	MRE11A	HETLOSS	CNA
C96	MAML2	HETLOSS	CNA
C96	BIRC3	HETLOSS	CNA
C96	CASP1	HETLOSS	CNA
C96	CUL5	HETLOSS	CNA
C96	ATM	HETLOSS	CNA
C96	DDX10	HETLOSS	CNA
C96	POU2AF1	HETLOSS	CNA
C96	SDHD	HETLOSS	CNA
C96	SDHD	HETLOSS	CNA
C96	ZBTB16	HETLOSS	CNA
C96	PAFAH1B2	HETLOSS	CNA
C96	KMT2A	HETLOSS	CNA
C96	DDX6	HETLOSS	CNA
C96	BCL9L	HETLOSS	CNA
C96	FOXR1	HETLOSS	CNA
C96	HMBS	HETLOSS	CNA
C96	H2AFX	HETLOSS	CNA
C96	CBL	HETLOSS	CNA
C96	ARHGEF12	HETLOSS	CNA
C96	FLI1	HETLOSS	CNA
C96	KCNJ5	HETLOSS	CNA
C96	OPCML	HETLOSS	CNA
C96	SMUG1	HETLOSS	CNA
C96	SOX21	HETLOSS	CNA
C96	LIG4	HETLOSS	CNA
C96	IRS2	HETLOSS	CNA
C96	ING1	HETLOSS	CNA
C96	CUL4A	HETLOSS	CNA
C96	XRCC3	HETLOSS	CNA
C96	AXIN1	HETLOSS	CNA
C96	NTHL1	HETLOSS	CNA
C96	TSC2	HETLOSS	CNA
C96	TRAF7	HETLOSS	CNA
C96	CBFA2T3	HETLOSS	CNA
C96	PPP4R1	HETLOSS	CNA
C96	RBBP8	HOMDEL	CNA
C96	ZNF521	HETLOSS	CNA
C96	SS18	HETLOSS	CNA
C96	SMAD4	HETLOSS	CNA
C96	POLI	HETLOSS	CNA
C96	KDSR	HETLOSS	CNA
C96	FSTL3	HETLOSS	CNA
C96	ELANE	HETLOSS	CNA
C96	POLR2E	HETLOSS	CNA
C96	STK11	HETLOSS	CNA
C96	TCF3	HETLOSS	CNA
C96	GNA11	HETLOSS	CNA
C96	MAP2K2	HETLOSS	CNA
C96	SH3GL1	HETLOSS	CNA
C96	CHAF1A	HETLOSS	CNA
C96	MLLT1	HETLOSS	CNA
C96	VAV1	HETLOSS	CNA
C96	XAB2	HETLOSS	CNA
C96	CD209	HETLOSS	CNA
C96	MUC16	HETLOSS	CNA
C96	KEAP1	HETLOSS	CNA
C96	DNM2	HETLOSS	CNA
C96	SMARCA4	HETLOSS	CNA
C96	CALR	HETLOSS	CNA
C96	RAD23A	HETLOSS	CNA
C96	LYL1	HETLOSS	CNA
C96	PRKACA	HETLOSS	CNA
C96	DNAJB1	HETLOSS	CNA
C96	BRD4	HETLOSS	CNA
C96	TPM4	HETLOSS	CNA
C96	JAK3	HETLOSS	CNA
C96	PIK3R2	HETLOSS	CNA
C96	PIK3R2	HETLOSS	CNA
C96	ELL	HETLOSS	CNA
C96	CRTC1	HETLOSS	CNA
C96	ZNF429	HETLOSS	CNA
C96	CCNE1	HETLOSS	CNA
C96	CEP89	HETLOSS	CNA
C96	C19orf40	HETLOSS	CNA
C96	CEBPA	HETLOSS	CNA
C96	LSM14A	HETLOSS	CNA
C96	POLR2I	HETLOSS	CNA
C96	AKT2	HETLOSS	CNA
C96	CD79A	HETLOSS	CNA
C96	CIC	HETLOSS	CNA
C96	XRCC1	HETLOSS	CNA
C96	BCL3	HETLOSS	CNA
C96	CBLC	HETLOSS	CNA
C96	ERCC2	HETLOSS	CNA
C96	ERCC1	HETLOSS	CNA
C96	ARHGAP35	HETLOSS	CNA
C96	LIG1	HETLOSS	CNA
C96	BAX	HETLOSS	CNA
C96	BCL2L12	HETLOSS	CNA
C96	PNKP	HETLOSS	CNA
C96	POLD1	HETLOSS	CNA
C96	KLK2	HETLOSS	CNA
C96	PPP2R1A	HETLOSS	CNA
C96	ZNF331	HETLOSS	CNA
C96	TFPT	HETLOSS	CNA
C96	CNOT3	HETLOSS	CNA
C96	PPP6R1	HETLOSS	CNA
C96	SRC	GAIN	CNA
C96	MAFB	GAIN	CNA
C96	TOP1	GAIN	CNA
C96	PLCG1	GAIN	CNA
C96	PTPRT	GAIN	CNA
C96	SDC4	GAIN	CNA
C96	NFATC2	AMP	CNA
C96	SALL4	AMP	CNA
C96	SPO11	GAIN	CNA
C96	GNAS	GAIN	CNA
C96	SS18L1	HETLOSS	CNA
C96	TMPRSS2	HETLOSS	CNA
C96	U2AF1	HETLOSS	CNA
C96	CLTCL1	HETLOSS	CNA
C96	SEPT5	HETLOSS	CNA
C96	DGCR8	HETLOSS	CNA
C96	LZTR1	HETLOSS	CNA
C96	MAPK1	HETLOSS	CNA
C96	TOP3B	HETLOSS	CNA
C96	BCR	HETLOSS	CNA
C96	SMARCB1	HETLOSS	CNA
C96	MN1	HETLOSS	CNA
C96	CHEK2	HETLOSS	CNA
C96	ZNRF3	HETLOSS	CNA
C96	EWSR1	HETLOSS	CNA
C96	NF2	HETLOSS	CNA
C96	ISX	HETLOSS	CNA
C96	TOM1	HETLOSS	CNA
C96	MYH9	HETLOSS	CNA
C96	POLR2F	HETLOSS	CNA
C96	DMC1	HETLOSS	CNA
C96	APOBEC3B	HETLOSS	CNA
C96	PDGFB	HETLOSS	CNA
C96	MKL1	HETLOSS	CNA
C96	RBX1	HETLOSS	CNA
C96	EP300	HETLOSS	CNA
C96	XRCC6	HETLOSS	CNA
C96	ARFGAP3	HETLOSS	CNA
C96	PPP6R2	HETLOSS	CNA
C96	CRLF2	HETLOSS	CNA
C96	AMER1	HOMDEL	CNA
C96	MTCP1	HETLOSS	CNA
C96	CRLF2	HOMDEL	CNA
C96	P2RY8	HOMDEL	CNA
C106	HDAC2	HETLOSS	CNA
C106	ROS1	HETLOSS	CNA
C106	GOPC	HETLOSS	CNA
C106	MLLT3	AMP	CNA
C106	CDKN2A	HETLOSS	CNA
C106	CDKN2B	HETLOSS	CNA
C106	ACO1	HETLOSS	CNA
C106	APTX	HETLOSS	CNA
C106	FANCG	HETLOSS	CNA
C106	RMRP	GAIN	CNA
C106	DDB1	HETLOSS	CNA
C106	SDHAF2	HETLOSS	CNA
C106	FEN1	HETLOSS	CNA
C106	POLR2G	HETLOSS	CNA
C106	NXF1	HETLOSS	CNA
C106	STIP1	HETLOSS	CNA
C106	MEN1	HETLOSS	CNA
C106	MALAT1	HETLOSS	CNA
C106	KAT5	HETLOSS	CNA
C106	MUS81	HETLOSS	CNA
C106	POLD3	HETLOSS	CNA
C106	PICALM	HETLOSS	CNA
C106	EED	HETLOSS	CNA
C106	MRE11A	HETLOSS	CNA
C106	MAML2	HETLOSS	CNA
C106	BIRC3	HETLOSS	CNA
C106	CASP1	HETLOSS	CNA
C106	CUL5	HETLOSS	CNA
C106	ATM	HETLOSS	CNA
C106	POU2AF1	HETLOSS	CNA
C106	SDHD	HETLOSS	CNA
C106	SDHD	HETLOSS	CNA
C106	ZBTB16	HETLOSS	CNA
C106	PAFAH1B2	HETLOSS	CNA
C106	KMT2A	HETLOSS	CNA
C106	DDX6	HETLOSS	CNA
C106	BCL9L	HETLOSS	CNA
C106	FOXR1	HETLOSS	CNA
C106	HMBS	HETLOSS	CNA
C106	H2AFX	HETLOSS	CNA
C106	CBL	HETLOSS	CNA
C106	ARHGEF12	HETLOSS	CNA
C106	SIX1	HETLOSS	CNA
C106	MNAT1	HETLOSS	CNA
C106	HIF1A	HETLOSS	CNA
C106	MAX	HETLOSS	CNA
C106	GPHN	HETLOSS	CNA
C106	RAD51B	HETLOSS	CNA
C106	ZFP36L1	HETLOSS	CNA
C106	MLH3	HETLOSS	CNA
C106	ALKBH1	HETLOSS	CNA
C106	TSHR	HETLOSS	CNA
C106	TDP1	HETLOSS	CNA
C106	TRIP11	HETLOSS	CNA
C106	GOLGA5	HETLOSS	CNA
C106	PPP4R4	HETLOSS	CNA
C106	SERPINA1	HETLOSS	CNA
C106	DICER1	HETLOSS	CNA
C106	TCL1A	HETLOSS	CNA
C106	DUT	GAIN	CNA
C106	COPS2	GAIN	CNA
C106	NTRK3	HETLOSS	CNA
C106	FANCI	HETLOSS	CNA
C106	POLG	HETLOSS	CNA
C106	CRTC3	HETLOSS	CNA
C106	FES	GAIN	CNA
C106	YWHAE	HETLOSS	CNA
C106	RPA1	HETLOSS	CNA
C106	USP6	HETLOSS	CNA
C106	RABEP1	HETLOSS	CNA
C106	GPS2	HETLOSS	CNA
C106	POLR2A	HETLOSS	CNA
C106	TP53	HETLOSS	CNA
C106	CHD3	HETLOSS	CNA
C106	PER1	HETLOSS	CNA
C106	GAS7	HETLOSS	CNA
C106	MAP2K4	HETLOSS	CNA
C106	NCOR1	HETLOSS	CNA
C106	FLCN	HETLOSS	CNA
C106	TOP3A	HETLOSS	CNA
C106	SPECC1	HETLOSS	CNA
C106	NF1	HETLOSS	CNA
C106	SUZ12	HETLOSS	CNA
C106	PSMD11	HETLOSS	CNA
C106	LIG3	HETLOSS	CNA
C106	RAD51D	HETLOSS	CNA
C106	TAF15	HETLOSS	CNA
C106	RDM1	HETLOSS	CNA
C106	MLLT6	HETLOSS	CNA
C106	LASP1	HETLOSS	CNA
C106	CDK12	HETLOSS	CNA
C106	ERBB2	HETLOSS	CNA
C106	RARA	HETLOSS	CNA
C106	CCR7	HETLOSS	CNA
C106	SMARCE1	HETLOSS	CNA
C106	STAT5B	HETLOSS	CNA
C106	STAT3	HETLOSS	CNA
C106	PSME3	HETLOSS	CNA
C106	BRCA1	HETLOSS	CNA
C106	ETV4	HETLOSS	CNA
C106	CDC27	HETLOSS	CNA
C106	SOX9	HETLOSS	CNA
C106	RBBP8	HETLOSS	CNA
C106	AKT2	GAIN	CNA
C106	CIC	GAIN	CNA
C106	XRCC1	GAIN	CNA
C106	BCL3	GAIN	CNA
C106	CBLC	GAIN	CNA
C106	ERCC2	GAIN	CNA
C106	ERCC1	GAIN	CNA
C106	ARHGAP35	HETLOSS	CNA
C106	LIG1	HETLOSS	CNA
C106	BAX	GAIN	CNA
C106	BCL2L12	AMP	CNA
C106	PNKP	AMP	CNA
C106	POLD1	HETLOSS	CNA
C106	KLK2	HETLOSS	CNA
C106	PPP2R1A	HETLOSS	CNA
C106	ZNF331	GAIN	CNA
C106	TFPT	GAIN	CNA
C106	CNOT3	GAIN	CNA
C106	PPP6R1	AMP	CNA
C106	CLTCL1	HETLOSS	CNA
C106	SEPT5	HETLOSS	CNA
C106	DGCR8	HETLOSS	CNA
C106	LZTR1	HETLOSS	CNA
C106	MAPK1	HETLOSS	CNA
C106	TOP3B	HETLOSS	CNA
C106	BCR	HETLOSS	CNA
C106	SMARCB1	HETLOSS	CNA
C106	MN1	HETLOSS	CNA
C106	CHEK2	HETLOSS	CNA
C106	ZNRF3	HETLOSS	CNA
C106	EWSR1	HETLOSS	CNA
C106	NF2	HETLOSS	CNA
C106	ISX	HETLOSS	CNA
C106	TOM1	HETLOSS	CNA
C106	MYH9	HETLOSS	CNA
C106	POLR2F	HETLOSS	CNA
C106	DMC1	HETLOSS	CNA
C106	APOBEC3B	HETLOSS	CNA
C106	PDGFB	HETLOSS	CNA
C106	MKL1	HETLOSS	CNA
C106	RBX1	HETLOSS	CNA
C106	EP300	HETLOSS	CNA
C106	XRCC6	HETLOSS	CNA
C106	ARFGAP3	HETLOSS	CNA
C106	PPP6R2	HETLOSS	CNA
C106	AMER1	HETLOSS	CNA
C106	CRLF2	HOMDEL	CNA
C106	P2RY8	HOMDEL	CNA
C127	ARID1A	HETLOSS	CNA
C127	RPA2	HETLOSS	CNA
C127	EYA3	HETLOSS	CNA
C127	LCK	HETLOSS	CNA
C127	ABL2	GAIN	CNA
C127	TPR	GAIN	CNA
C127	CDC73	GAIN	CNA
C127	PTPRC	GAIN	CNA
C127	ELF3	GAIN	CNA
C127	UBE2T	GAIN	CNA
C127	STRN	HETLOSS	CNA
C127	EPHA3	HETLOSS	CNA
C127	CDK7	HETLOSS	CNA
C127	RAD17	HETLOSS	CNA
C127	GTF2H2	HETLOSS	CNA
C127	IRF4	HETLOSS	CNA
C127	DEK	HETLOSS	CNA
C127	TDP2	HETLOSS	CNA
C127	HIST1H3B	HETLOSS	CNA
C127	HIST1H4I	HETLOSS	CNA
C127	TRIM27	HETLOSS	CNA
C127	HLA-A	HETLOSS	CNA
C127	MDC1	HETLOSS	CNA
C127	GTF2H4	HETLOSS	CNA
C127	POU5F1	HETLOSS	CNA
C127	MSH5	HETLOSS	CNA
C127	DAXX	HETLOSS	CNA
C127	HMGA1	HETLOSS	CNA
C127	FANCE	HETLOSS	CNA
C127	SRSF3	HETLOSS	CNA
C127	CDKN1A	HETLOSS	CNA
C127	PIM1	HETLOSS	CNA
C127	RNF8	HETLOSS	CNA
C127	TFEB	HETLOSS	CNA
C127	CCND3	HETLOSS	CNA
C127	POLH	HETLOSS	CNA
C127	ARHGEF10	HETLOSS	CNA
C127	NEIL2	HETLOSS	CNA
C127	DLC1	HETLOSS	CNA
C127	MSR1	HETLOSS	CNA
C127	PDGFRL	HETLOSS	CNA
C127	PCM1	HETLOSS	CNA
C127	LZTS1	HETLOSS	CNA
C127	LEPROTL1	HETLOSS	CNA
C127	WRN	HETLOSS	CNA
C127	NRG1	HETLOSS	CNA
C127	WHSC1L1	HETLOSS	CNA
C127	FGFR1	HETLOSS	CNA
C127	ANK1	GAIN	CNA
C127	KAT6A	GAIN	CNA
C127	IKBKB	GAIN	CNA
C127	POLB	GAIN	CNA
C127	HOOK3	GAIN	CNA
C127	PRKDC	GAIN	CNA
C127	UBE2V2	GAIN	CNA
C127	TCEA1	GAIN	CNA
C127	PLAG1	GAIN	CNA
C127	CHCHD7	GAIN	CNA
C127	PREX2	GAIN	CNA
C127	NCOA2	GAIN	CNA
C127	EYA1	GAIN	CNA
C127	TCEB1	GAIN	CNA
C127	HEY1	GAIN	CNA
C127	CNBD1	GAIN	CNA
C127	NBN	GAIN	CNA
C127	RUNX1T1	GAIN	CNA
C127	CDH17	GAIN	CNA
C127	RAD54B	GAIN	CNA
C127	COX6C	GAIN	CNA
C127	POLR2K	GAIN	CNA
C127	PABPC1	GAIN	CNA
C127	RRM2B	GAIN	CNA
C127	UBR5	GAIN	CNA
C127	RSPO2	GAIN	CNA
C127	EIF3E	GAIN	CNA
C127	CSMD3	GAIN	CNA
C127	RAD21	GAIN	CNA
C127	EXT1	GAIN	CNA
C127	NSMCE2	GAIN	CNA
C127	MYC	GAIN	CNA
C127	NDRG1	GAIN	CNA
C127	FAM135B	GAIN	CNA
C127	CCND1	GAIN	CNA
C127	PICALM	HETLOSS	CNA
C127	EED	HETLOSS	CNA
C127	FAT3	HETLOSS	CNA
C127	MRE11A	HETLOSS	CNA
C127	MAML2	HETLOSS	CNA
C127	BIRC3	HETLOSS	CNA
C127	CASP1	HETLOSS	CNA
C127	CUL5	HETLOSS	CNA
C127	ATM	HETLOSS	CNA
C127	DDX10	HETLOSS	CNA
C127	POU2AF1	HETLOSS	CNA
C127	SDHD	HETLOSS	CNA
C127	SDHD	HETLOSS	CNA
C127	ZBTB16	HETLOSS	CNA
C127	PAFAH1B2	HETLOSS	CNA
C127	KMT2A	HETLOSS	CNA
C127	DDX6	HETLOSS	CNA
C127	BCL9L	HETLOSS	CNA
C127	FOXR1	HETLOSS	CNA
C127	HMBS	HETLOSS	CNA
C127	H2AFX	HETLOSS	CNA
C127	CBL	HETLOSS	CNA
C127	ARHGEF12	HETLOSS	CNA
C127	FLI1	HETLOSS	CNA
C127	KCNJ5	HETLOSS	CNA
C127	OPCML	HETLOSS	CNA
C127	KDM5A	GAIN	CNA
C127	RAD52	GAIN	CNA
C127	ERC1	GAIN	CNA
C127	CCND2	GAIN	CNA
C127	CHD4	GAIN	CNA
C127	ZNF384	GAIN	CNA
C127	PTPN6	GAIN	CNA
C127	ETV6	HETLOSS	CNA
C127	CDKN1B	HETLOSS	CNA
C127	RECQL	HETLOSS	CNA
C127	ETNK1	HETLOSS	CNA
C127	KRAS	HETLOSS	CNA
C127	PPFIBP1	HETLOSS	CNA
C127	HMGA2	GAIN	CNA
C127	MDM2	AMP	CNA
C127	PTPRB	AMP	CNA
C127	NAP1L1	AMP	CNA
C127	APAF1	GAIN	CNA
C127	RNF6	AMP	CNA
C127	CDX2	GAIN	CNA
C127	FLT3	GAIN	CNA
C127	HMGB1	HETLOSS	CNA
C127	BRCA2	HETLOSS	CNA
C127	RFC3	HETLOSS	CNA
C127	NBEA	HETLOSS	CNA
C127	LHFP	HETLOSS	CNA
C127	FOXO1	HETLOSS	CNA
C127	ELF1	HETLOSS	CNA
C127	LCP1	HETLOSS	CNA
C127	RB1	HETLOSS	CNA
C127	CYSLTR2	HETLOSS	CNA
C127	DIS3	HETLOSS	CNA
C127	GPC5	HETLOSS	CNA
C127	SOX21	HETLOSS	CNA
C127	ERCC5	HETLOSS	CNA
C127	LIG4	HETLOSS	CNA
C127	IRS2	HETLOSS	CNA
C127	ING1	HETLOSS	CNA
C127	CUL4A	HETLOSS	CNA
C127	ALKBH1	HETLOSS	CNA
C127	TSHR	HETLOSS	CNA
C127	TDP1	HETLOSS	CNA
C127	TRIP11	HETLOSS	CNA
C127	GOLGA5	HETLOSS	CNA
C127	PPP4R4	HETLOSS	CNA
C127	SERPINA1	HETLOSS	CNA
C127	DICER1	HETLOSS	CNA
C127	TCL1A	HETLOSS	CNA
C127	BCL11B	HETLOSS	CNA
C127	HSP90AA1	HETLOSS	CNA
C127	TRAF3	HETLOSS	CNA
C127	XRCC3	HETLOSS	CNA
C127	AKT1	HETLOSS	CNA
C127	YWHAE	HETLOSS	CNA
C127	RPA1	HETLOSS	CNA
C127	USP6	HETLOSS	CNA
C127	RABEP1	HETLOSS	CNA
C127	GPS2	HETLOSS	CNA
C127	POLR2A	HETLOSS	CNA
C127	TP53	HETLOSS	CNA
C127	CHD3	HETLOSS	CNA
C127	PER1	HETLOSS	CNA
C127	GAS7	HETLOSS	CNA
C127	MAP2K4	HETLOSS	CNA
C127	NCOR1	HETLOSS	CNA
C127	FLCN	HETLOSS	CNA
C127	TOP3A	HETLOSS	CNA
C127	NF1	HETLOSS	CNA
C127	SUZ12	HETLOSS	CNA
C127	PSMD11	HETLOSS	CNA
C127	LIG3	HETLOSS	CNA
C127	RAD51D	HETLOSS	CNA
C127	MLLT6	HETLOSS	CNA
C127	LASP1	HETLOSS	CNA
C127	CDK12	HETLOSS	CNA
C127	ERBB2	HETLOSS	CNA
C127	RARA	HETLOSS	CNA
C127	CCR7	HETLOSS	CNA
C127	SMARCE1	HETLOSS	CNA
C127	STAT5B	HETLOSS	CNA
C127	STAT3	HETLOSS	CNA
C127	PSME3	HETLOSS	CNA
C127	BRCA1	HETLOSS	CNA
C127	ETV4	HETLOSS	CNA
C127	KANSL1	HETLOSS	CNA
C127	CDC27	HETLOSS	CNA
C127	SPOP	HETLOSS	CNA
C127	KAT7	HETLOSS	CNA
C127	COL1A1	HETLOSS	CNA
C127	EME1	HETLOSS	CNA
C127	HLF	HETLOSS	CNA
C127	MSI2	GAIN	CNA
C127	BRIP1	GAIN	CNA
C127	SOX9	GAIN	CNA
C127	SEPT9	GAIN	CNA
C127	RNF213	HETLOSS	CNA
C127	ENDOV	HETLOSS	CNA
C127	C17orf70	HETLOSS	CNA
C127	ASPSCR1	HETLOSS	CNA
C127	STRA13	HETLOSS	CNA
C127	ZNF750	HETLOSS	CNA
C127	RBBP8	HOMDEL	CNA
C127	SETBP1	HETLOSS	CNA
C127	SMAD2	HETLOSS	CNA
C127	SMAD4	HETLOSS	CNA
C127	DCC	HETLOSS	CNA
C127	POLI	HETLOSS	CNA
C127	MALT1	HETLOSS	CNA
C127	BCL2	HETLOSS	CNA
C127	KDSR	HETLOSS	CNA
C127	MUC16	HETLOSS	CNA
C127	CSNK2A1	HETLOSS	CNA
C127	SIRPA	HETLOSS	CNA
C127	PCNA	HETLOSS	CNA
C127	NFATC2	GAIN	CNA
C127	SALL4	GAIN	CNA
C127	SPO11	AMP	CNA
C127	SMARCB1	GAIN	CNA
C127	MN1	GAIN	CNA
C127	CHEK2	GAIN	CNA
C127	ZNRF3	GAIN	CNA
C127	EWSR1	GAIN	CNA
C127	NF2	GAIN	CNA
C127	ISX	HETLOSS	CNA
C127	TOM1	HETLOSS	CNA
C127	MYH9	HETLOSS	CNA
C127	POLR2F	HETLOSS	CNA
C127	DMC1	HETLOSS	CNA
C127	APOBEC3B	HETLOSS	CNA
C127	PDGFB	HETLOSS	CNA
C127	MKL1	HETLOSS	CNA
C127	RBX1	HETLOSS	CNA
C127	EP300	HETLOSS	CNA
C127	XRCC6	HETLOSS	CNA
C127	ARFGAP3	HETLOSS	CNA
C127	PPP6R2	HETLOSS	CNA
C127	AMER1	HOMDEL	CNA
C127	CRLF2	HOMDEL	CNA
C127	P2RY8	HOMDEL	CNA
C167	PRDM16	HETLOSS	CNA
C167	ARID1A	HETLOSS	CNA
C167	MPL	AMP	CNA
C167	TAL1	GAIN	CNA
C167	CDKN2C	GAIN	CNA
C167	EPS15	GAIN	CNA
C167	JAK1	GAIN	CNA
C167	GADD45A	GAIN	CNA
C167	FUBP1	GAIN	CNA
C167	BCL10	GAIN	CNA
C167	ARNT	GAIN	CNA
C167	MLLT11	GAIN	CNA
C167	MUC1	GAIN	CNA
C167	PRRX1	GAIN	CNA
C167	ELK4	GAIN	CNA
C167	SLC45A3	GAIN	CNA
C167	PIK3CA	GAIN	CNA
C167	MUC20	GAIN	CNA
C167	MUC4	GAIN	CNA
C167	TEC	GAIN	CNA
C167	WHSC1L1	GAIN	CNA
C167	FGFR1	GAIN	CNA
C167	ANK1	GAIN	CNA
C167	KAT6A	GAIN	CNA
C167	IKBKB	GAIN	CNA
C167	POLB	GAIN	CNA
C167	HOOK3	GAIN	CNA
C167	PRKDC	GAIN	CNA
C167	UBE2V2	GAIN	CNA
C167	TCEA1	GAIN	CNA
C167	PLAG1	AMP	CNA
C167	CHCHD7	AMP	CNA
C167	PREX2	GAIN	CNA
C167	NCOA2	GAIN	CNA
C167	EYA1	GAIN	CNA
C167	TCEB1	GAIN	CNA
C167	HEY1	GAIN	CNA
C167	CNBD1	GAIN	CNA
C167	NBN	GAIN	CNA
C167	RUNX1T1	GAIN	CNA
C167	CDH17	GAIN	CNA
C167	RAD54B	GAIN	CNA
C167	COX6C	GAIN	CNA
C167	POLR2K	GAIN	CNA
C167	PABPC1	GAIN	CNA
C167	RRM2B	GAIN	CNA
C167	UBR5	GAIN	CNA
C167	RSPO2	GAIN	CNA
C167	EIF3E	GAIN	CNA
C167	CSMD3	GAIN	CNA
C167	RAD21	GAIN	CNA
C167	EXT1	GAIN	CNA
C167	NSMCE2	GAIN	CNA
C167	MYC	GAIN	CNA
C167	NDRG1	GAIN	CNA
C167	FAM135B	GAIN	CNA
C167	MSI2	GAIN	CNA
C167	RNF43	GAIN	CNA
C167	RAD51C	GAIN	CNA
C167	TRIM37	GAIN	CNA
C167	CLTC	GAIN	CNA
C167	PPM1D	GAIN	CNA
C167	BRIP1	GAIN	CNA
C167	CD79B	GAIN	CNA
C167	SOX9	GAIN	CNA
C167	RECQL5	GAIN	CNA
C167	RBBP8	HOMDEL	CNA
C167	LZTR1	GAIN	CNA
C167	AMER1	HETLOSS	CNA
C167	CRLF2	HOMDEL	CNA
C167	P2RY8	HOMDEL	CNA
C169	EPHA3	HETLOSS	CNA
C169	CLP1	HETLOSS	CNA
C169	CTNND1	GAIN	CNA
C169	CCND1	AMP	CNA
C169	POLD3	AMP	CNA
C169	PICALM	HETLOSS	CNA
C169	EED	HETLOSS	CNA
C169	FAT3	HETLOSS	CNA
C169	MRE11A	HETLOSS	CNA
C169	MAML2	HETLOSS	CNA
C169	BIRC3	HETLOSS	CNA
C169	CASP1	HETLOSS	CNA
C169	CUL5	HETLOSS	CNA
C169	ATM	HETLOSS	CNA
C169	DDX10	HETLOSS	CNA
C169	POU2AF1	HETLOSS	CNA
C169	SDHD	HETLOSS	CNA
C169	SDHD	HETLOSS	CNA
C169	ZBTB16	HETLOSS	CNA
C169	PAFAH1B2	HETLOSS	CNA
C169	KMT2A	HETLOSS	CNA
C169	DDX6	HETLOSS	CNA
C169	BCL9L	HETLOSS	CNA
C169	FOXR1	HETLOSS	CNA
C169	HMBS	HETLOSS	CNA
C169	H2AFX	HETLOSS	CNA
C169	CBL	HETLOSS	CNA
C169	ARHGEF12	HETLOSS	CNA
C169	FLI1	HETLOSS	CNA
C169	KCNJ5	HETLOSS	CNA
C169	OPCML	HETLOSS	CNA
C169	TELO2	GAIN	CNA
C169	EME2	GAIN	CNA
C169	NTHL1	GAIN	CNA
C169	TSC2	GAIN	CNA
C169	TRAF7	GAIN	CNA
C169	TCEB2	GAIN	CNA
C169	SLX4	GAIN	CNA
C169	CREBBP	GAIN	CNA
C169	BRD7	HETLOSS	CNA
C169	CYLD	HETLOSS	CNA
C169	NUP93	HETLOSS	CNA
C169	HERPUD1	HETLOSS	CNA
C169	POLR2C	HETLOSS	CNA
C169	CNOT1	HETLOSS	CNA
C169	CDH11	HETLOSS	CNA
C169	CBFB	HETLOSS	CNA
C169	CTCF	HETLOSS	CNA
C169	CDH1	HETLOSS	CNA
C169	ZFHX3	HETLOSS	CNA
C169	RFWD3	HETLOSS	CNA
C169	WWOX	HETLOSS	CNA
C169	MAF	HETLOSS	CNA
C169	CBFA2T3	HETLOSS	CNA
C169	FANCA	HETLOSS	CNA
C169	RBBP8	HOMDEL	CNA
C169	AMER1	HOMDEL	CNA
C169	CRLF2	HOMDEL	CNA
C169	P2RY8	HOMDEL	CNA
Cb17	RPL22	HETLOSS	CNA
Cb17	CAMTA1	HETLOSS	CNA
Cb17	APITD1	HETLOSS	CNA
Cb17	MTOR	HETLOSS	CNA
Cb17	MAD2L2	HETLOSS	CNA
Cb17	SDHB	HETLOSS	CNA
Cb17	RUNX3	HETLOSS	CNA
Cb17	ARID1A	HETLOSS	CNA
Cb17	RPA2	HETLOSS	CNA
Cb17	EYA3	HETLOSS	CNA
Cb17	SFPQ	HETLOSS	CNA
Cb17	CLSPN	HETLOSS	CNA
Cb17	MYCL	HETLOSS	CNA
Cb17	MPL	HETLOSS	CNA
Cb17	FAF1	HETLOSS	CNA
Cb17	CDKN2C	HETLOSS	CNA
Cb17	EPS15	HETLOSS	CNA
Cb17	GADD45A	HETLOSS	CNA
Cb17	FUBP1	HETLOSS	CNA
Cb17	BCL10	HETLOSS	CNA
Cb17	HFM1	HETLOSS	CNA
Cb17	ARHGAP29	HETLOSS	CNA
Cb17	GPSM2	HETLOSS	CNA
Cb17	RBM15	HETLOSS	CNA
Cb17	NOTCH2	HOMDEL	CNA
Cb17	TMEM127	HETLOSS	CNA
Cb17	INPP4A	HETLOSS	CNA
Cb17	REV1	HETLOSS	CNA
Cb17	AFF3	HETLOSS	CNA
Cb17	RGPD3	HETLOSS	CNA
Cb17	RANBP2	HETLOSS	CNA
Cb17	PAX8	HETLOSS	CNA
Cb17	ERCC3	HETLOSS	CNA
Cb17	POLR2D	HETLOSS	CNA
Cb17	CXCR4	HETLOSS	CNA
Cb17	LRP1B	HETLOSS	CNA
Cb17	ACVR2A	HETLOSS	CNA
Cb17	NR4A2	HETLOSS	CNA
Cb17	ACVR1	HETLOSS	CNA
Cb17	ABCB11	HETLOSS	CNA
Cb17	HOXD13	HETLOSS	CNA
Cb17	HOXD11	HETLOSS	CNA
Cb17	NFE2L2	HETLOSS	CNA
Cb17	NCKAP1	HETLOSS	CNA
Cb17	ITGAV	HETLOSS	CNA
Cb17	COL3A1	HETLOSS	CNA
Cb17	PMS1	HETLOSS	CNA
Cb17	ANKRD44	HETLOSS	CNA
Cb17	SF3B1	HETLOSS	CNA
Cb17	CASP10	HETLOSS	CNA
Cb17	CASP8	HETLOSS	CNA
Cb17	BMPR2	HETLOSS	CNA
Cb17	CD28	HETLOSS	CNA
Cb17	CREB1	HETLOSS	CNA
Cb17	IDH1	HETLOSS	CNA
Cb17	ERBB4	HETLOSS	CNA
Cb17	BARD1	HETLOSS	CNA
Cb17	ATIC	HETLOSS	CNA
Cb17	FN1	HETLOSS	CNA
Cb17	XRCC5	HETLOSS	CNA
Cb17	FEV	HETLOSS	CNA
Cb17	NHEJ1	HETLOSS	CNA
Cb17	PAX3	HETLOSS	CNA
Cb17	ACSL3	HETLOSS	CNA
Cb17	CUL3	HETLOSS	CNA
Cb17	DIS3L2	HETLOSS	CNA
Cb17	ACKR3	HETLOSS	CNA
Cb17	SETD2	HETLOSS	CNA
Cb17	TREX1	HETLOSS	CNA
Cb17	COL7A1	HETLOSS	CNA
Cb17	NCKIPSD	HETLOSS	CNA
Cb17	RHOA	HETLOSS	CNA
Cb17	RBM5	HETLOSS	CNA
Cb17	PARP3	HETLOSS	CNA
Cb17	BAP1	HETLOSS	CNA
Cb17	PBRM1	HETLOSS	CNA
Cb17	CACNA1D	HETLOSS	CNA
Cb17	FHIT	HETLOSS	CNA
Cb17	MITF	HETLOSS	CNA
Cb17	FOXP1	HETLOSS	CNA
Cb17	PPP4R2	HETLOSS	CNA
Cb17	ROBO2	HETLOSS	CNA
Cb17	EPHA3	HETLOSS	CNA
Cb17	GTF2H2	HETLOSS	CNA
Cb17	ZNF292	HETLOSS	CNA
Cb17	EPHA7	HETLOSS	CNA
Cb17	CCNC	HETLOSS	CNA
Cb17	PRDM1	HETLOSS	CNA
Cb17	FOXO3	HETLOSS	CNA
Cb17	REV3L	HETLOSS	CNA
Cb17	HDAC2	HETLOSS	CNA
Cb17	ROS1	HETLOSS	CNA
Cb17	GOPC	HETLOSS	CNA
Cb17	MAD1L1	HETLOSS	CNA
Cb17	NUDT1	HETLOSS	CNA
Cb17	PMS2	HETLOSS	CNA
Cb17	FKBP9	HETLOSS	CNA
Cb17	POLM	HETLOSS	CNA
Cb17	POLD2	HETLOSS	CNA
Cb17	HUS1	HETLOSS	CNA
Cb17	ZNF479	HETLOSS	CNA
Cb17	SBDS	HETLOSS	CNA
Cb17	ELN	HETLOSS	CNA
Cb17	RFC2	HETLOSS	CNA
Cb17	PMS2P3	HETLOSS	CNA
Cb17	HIP1	HETLOSS	CNA
Cb17	SHFM1	HETLOSS	CNA
Cb17	TRRAP	HETLOSS	CNA
Cb17	CUX1	HETLOSS	CNA
Cb17	POLR2J	HETLOSS	CNA
Cb17	MET	HETLOSS	CNA
Cb17	SND1	HETLOSS	CNA
Cb17	SMO	HETLOSS	CNA
Cb17	BRAF	HETLOSS	CNA
Cb17	CUL1	HETLOSS	CNA
Cb17	EZH2	HETLOSS	CNA
Cb17	ARHGEF10	HETLOSS	CNA
Cb17	NEIL2	HETLOSS	CNA
Cb17	DLC1	HETLOSS	CNA
Cb17	MSR1	HETLOSS	CNA
Cb17	PDGFRL	HETLOSS	CNA
Cb17	PCM1	HETLOSS	CNA
Cb17	LZTS1	HETLOSS	CNA
Cb17	LEPROTL1	HETLOSS	CNA
Cb17	WRN	HETLOSS	CNA
Cb17	NRG1	HETLOSS	CNA
Cb17	MTAP	HOMDEL	CNA
Cb17	CDKN2A	HOMDEL	CNA
Cb17	CDKN2B	HOMDEL	CNA
Cb17	ACO1	HETLOSS	CNA
Cb17	APTX	HETLOSS	CNA
Cb17	FANCG	HETLOSS	CNA
Cb17	RMRP	HETLOSS	CNA
Cb17	PAX5	HETLOSS	CNA
Cb17	SMC5	HETLOSS	CNA
Cb17	GNAQ	HETLOSS	CNA
Cb17	GADD45G	HETLOSS	CNA
Cb17	SYK	HETLOSS	CNA
Cb17	OMD	HETLOSS	CNA
Cb17	WNK2	HETLOSS	CNA
Cb17	FANCC	HETLOSS	CNA
Cb17	PTCH1	HETLOSS	CNA
Cb17	XPA	HETLOSS	CNA
Cb17	TGFBR1	HETLOSS	CNA
Cb17	NR4A3	HETLOSS	CNA
Cb17	TAL2	HETLOSS	CNA
Cb17	RAD23B	HETLOSS	CNA
Cb17	KLF4	HETLOSS	CNA
Cb17	POLE3	HETLOSS	CNA
Cb17	TNC	HETLOSS	CNA
Cb17	CNTRL	HETLOSS	CNA
Cb17	PTGS1	HETLOSS	CNA
Cb17	PPP6C	HETLOSS	CNA
Cb17	SPTAN1	HETLOSS	CNA
Cb17	SET	HETLOSS	CNA
Cb17	FNBP1	HETLOSS	CNA
Cb17	ABL1	HETLOSS	CNA
Cb17	NUP214	HETLOSS	CNA
Cb17	TSC1	HETLOSS	CNA
Cb17	RALGDS	HETLOSS	CNA
Cb17	BRD3	HETLOSS	CNA
Cb17	PRF1	HETLOSS	CNA
Cb17	CYP2C8	HETLOSS	CNA
Cb17	TLX1	HETLOSS	CNA
Cb17	POLL	HETLOSS	CNA
Cb17	NFKB2	HETLOSS	CNA
Cb17	NSMCE4A	HETLOSS	CNA
Cb17	MGMT	HETLOSS	CNA
Cb17	HRAS	HETLOSS	CNA
Cb17	POLR2L	HETLOSS	CNA
Cb17	CREB3L1	HETLOSS	CNA
Cb17	DDB2	HETLOSS	CNA
Cb17	CCND1	GAIN	CNA
Cb17	NUMA1	GAIN	CNA
Cb17	INPPL1	GAIN	CNA
Cb17	PICALM	HETLOSS	CNA
Cb17	EED	HETLOSS	CNA
Cb17	FAT3	HETLOSS	CNA
Cb17	MRE11A	HETLOSS	CNA
Cb17	MAML2	HETLOSS	CNA
Cb17	BIRC3	HETLOSS	CNA
Cb17	CASP1	HETLOSS	CNA
Cb17	CUL5	HETLOSS	CNA
Cb17	ATM	HETLOSS	CNA
Cb17	DDX10	HETLOSS	CNA
Cb17	POU2AF1	HETLOSS	CNA
Cb17	SDHD	HETLOSS	CNA
Cb17	SDHD	HETLOSS	CNA
Cb17	ZBTB16	HETLOSS	CNA
Cb17	PAFAH1B2	HETLOSS	CNA
Cb17	KMT2A	HETLOSS	CNA
Cb17	DDX6	HETLOSS	CNA
Cb17	BCL9L	HETLOSS	CNA
Cb17	FOXR1	HETLOSS	CNA
Cb17	HMBS	HETLOSS	CNA
Cb17	H2AFX	HETLOSS	CNA
Cb17	CBL	HETLOSS	CNA
Cb17	ARHGEF12	HETLOSS	CNA
Cb17	FLI1	HETLOSS	CNA
Cb17	KCNJ5	HETLOSS	CNA
Cb17	OPCML	HETLOSS	CNA
Cb17	GJB2	HETLOSS	CNA
Cb17	PARP4	HETLOSS	CNA
Cb17	RNF6	HETLOSS	CNA
Cb17	CDX2	HETLOSS	CNA
Cb17	FLT3	HETLOSS	CNA
Cb17	HMGB1	HETLOSS	CNA
Cb17	BRCA2	HETLOSS	CNA
Cb17	RFC3	HETLOSS	CNA
Cb17	NBEA	HETLOSS	CNA
Cb17	LHFP	HETLOSS	CNA
Cb17	FOXO1	HETLOSS	CNA
Cb17	ELF1	HETLOSS	CNA
Cb17	LCP1	HETLOSS	CNA
Cb17	RB1	HETLOSS	CNA
Cb17	CYSLTR2	HETLOSS	CNA
Cb17	DIS3	HETLOSS	CNA
Cb17	GPC5	HETLOSS	CNA
Cb17	SOX21	HETLOSS	CNA
Cb17	ERCC5	HETLOSS	CNA
Cb17	LIG4	HETLOSS	CNA
Cb17	IRS2	HETLOSS	CNA
Cb17	ING1	HETLOSS	CNA
Cb17	CUL4A	HETLOSS	CNA
Cb17	AJUBA	HETLOSS	CNA
Cb17	NDNL2	HETLOSS	CNA
Cb17	TJP1	HETLOSS	CNA
Cb17	FAN1	HETLOSS	CNA
Cb17	NOP10	HETLOSS	CNA
Cb17	NUTM1	HETLOSS	CNA
Cb17	BUB1B	HETLOSS	CNA
Cb17	KNSTRN	HETLOSS	CNA
Cb17	CASC5	HETLOSS	CNA
Cb17	RAD51	HETLOSS	CNA
Cb17	MGA	HETLOSS	CNA
Cb17	TP53BP1	HETLOSS	CNA
Cb17	B2M	HETLOSS	CNA
Cb17	HMGN2P46	HETLOSS	CNA
Cb17	DUT	HETLOSS	CNA
Cb17	COPS2	HETLOSS	CNA
Cb17	USP8	HETLOSS	CNA
Cb17	MYO5A	HETLOSS	CNA
Cb17	C15orf65	HETLOSS	CNA
Cb17	TCF12	HETLOSS	CNA
Cb17	PIF1	HETLOSS	CNA
Cb17	MAP2K1	HETLOSS	CNA
Cb17	SMAD3	HETLOSS	CNA
Cb17	PML	HETLOSS	CNA
Cb17	NEIL1	HETLOSS	CNA
Cb17	FAH	HETLOSS	CNA
Cb17	NTRK3	HETLOSS	CNA
Cb17	FANCI	HETLOSS	CNA
Cb17	POLG	HETLOSS	CNA
Cb17	IDH2	HETLOSS	CNA
Cb17	CRTC3	HETLOSS	CNA
Cb17	BLM	HETLOSS	CNA
Cb17	FES	HETLOSS	CNA
Cb17	CHD2	HETLOSS	CNA
Cb17	BRD7	HETLOSS	CNA
Cb17	CYLD	HETLOSS	CNA
Cb17	NUP93	HETLOSS	CNA
Cb17	HERPUD1	HETLOSS	CNA
Cb17	POLR2C	HETLOSS	CNA
Cb17	CNOT1	HETLOSS	CNA
Cb17	CDH11	HETLOSS	CNA
Cb17	CBFB	HETLOSS	CNA
Cb17	CTCF	HETLOSS	CNA
Cb17	CDH1	HETLOSS	CNA
Cb17	ZFHX3	HETLOSS	CNA
Cb17	RFWD3	HETLOSS	CNA
Cb17	WWOX	HETLOSS	CNA
Cb17	MAF	HETLOSS	CNA
Cb17	CBFA2T3	HETLOSS	CNA
Cb17	FANCA	HETLOSS	CNA
Cb17	YWHAE	HETLOSS	CNA
Cb17	RPA1	HETLOSS	CNA
Cb17	USP6	HETLOSS	CNA
Cb17	RABEP1	HETLOSS	CNA
Cb17	GPS2	HETLOSS	CNA
Cb17	POLR2A	HETLOSS	CNA
Cb17	TP53	HETLOSS	CNA
Cb17	CHD3	HETLOSS	CNA
Cb17	PER1	HETLOSS	CNA
Cb17	GAS7	HETLOSS	CNA
Cb17	MAP2K4	HETLOSS	CNA
Cb17	NCOR1	HETLOSS	CNA
Cb17	FLCN	HETLOSS	CNA
Cb17	TOP3A	HETLOSS	CNA
Cb17	SPECC1	AMP	CNA
Cb17	NF1	HETLOSS	CNA
Cb17	SUZ12	HETLOSS	CNA
Cb17	PSMD11	HETLOSS	CNA
Cb17	LIG3	HETLOSS	CNA
Cb17	RAD51D	HETLOSS	CNA
Cb17	TAF15	HETLOSS	CNA
Cb17	RDM1	HETLOSS	CNA
Cb17	CDK12	HETLOSS	CNA
Cb17	ERBB2	HETLOSS	CNA
Cb17	RARA	HETLOSS	CNA
Cb17	CCR7	HETLOSS	CNA
Cb17	SMARCE1	HETLOSS	CNA
Cb17	MSI2	GAIN	CNA
Cb17	PPP4R1	HETLOSS	CNA
Cb17	RBBP8	HETLOSS	CNA
Cb17	ZNF521	HETLOSS	CNA
Cb17	SS18	HETLOSS	CNA
Cb17	SETBP1	HETLOSS	CNA
Cb17	SMAD2	HETLOSS	CNA
Cb17	SMAD4	HETLOSS	CNA
Cb17	DCC	HETLOSS	CNA
Cb17	POLI	HETLOSS	CNA
Cb17	MALT1	HETLOSS	CNA
Cb17	BCL2	HETLOSS	CNA
Cb17	KDSR	HETLOSS	CNA
Cb17	FSTL3	HETLOSS	CNA
Cb17	ELANE	HETLOSS	CNA
Cb17	POLR2E	HETLOSS	CNA
Cb17	STK11	HETLOSS	CNA
Cb17	TCF3	HETLOSS	CNA
Cb17	GNA11	HETLOSS	CNA
Cb17	MAP2K2	HETLOSS	CNA
Cb17	SH3GL1	HETLOSS	CNA
Cb17	CHAF1A	HETLOSS	CNA
Cb17	MLLT1	HETLOSS	CNA
Cb17	VAV1	HETLOSS	CNA
Cb17	XAB2	HETLOSS	CNA
Cb17	CD209	HETLOSS	CNA
Cb17	MUC16	HETLOSS	CNA
Cb17	KEAP1	HETLOSS	CNA
Cb17	DNM2	HETLOSS	CNA
Cb17	SMARCA4	HETLOSS	CNA
Cb17	CALR	HETLOSS	CNA
Cb17	RAD23A	HETLOSS	CNA
Cb17	LYL1	HETLOSS	CNA
Cb17	PRKACA	HETLOSS	CNA
Cb17	DNAJB1	HETLOSS	CNA
Cb17	BRD4	HETLOSS	CNA
Cb17	TPM4	HETLOSS	CNA
Cb17	JAK3	HETLOSS	CNA
Cb17	PIK3R2	HETLOSS	CNA
Cb17	PIK3R2	HETLOSS	CNA
Cb17	ELL	HETLOSS	CNA
Cb17	CRTC1	HETLOSS	CNA
Cb17	CCNE1	HETLOSS	CNA
Cb17	CEP89	HETLOSS	CNA
Cb17	C19orf40	HETLOSS	CNA
Cb17	POLR2I	HETLOSS	CNA
Cb17	CD79A	HETLOSS	CNA
Cb17	CIC	HETLOSS	CNA
Cb17	XRCC1	HETLOSS	CNA
Cb17	BCL3	HETLOSS	CNA
Cb17	CBLC	HETLOSS	CNA
Cb17	ERCC2	HETLOSS	CNA
Cb17	ERCC1	HETLOSS	CNA
Cb17	ARHGAP35	HETLOSS	CNA
Cb17	NFATC2	GAIN	CNA
Cb17	SALL4	GAIN	CNA
Cb17	OLIG2	HETLOSS	CNA
Cb17	ITSN1	HETLOSS	CNA
Cb17	CLTCL1	HETLOSS	CNA
Cb17	SEPT5	HETLOSS	CNA
Cb17	DGCR8	HETLOSS	CNA
Cb17	LZTR1	HETLOSS	CNA
Cb17	MAPK1	HETLOSS	CNA
Cb17	TOP3B	HETLOSS	CNA
Cb17	BCR	HETLOSS	CNA
Cb17	SMARCB1	HETLOSS	CNA
Cb17	MN1	HETLOSS	CNA
Cb17	CHEK2	HETLOSS	CNA
Cb17	ZNRF3	HETLOSS	CNA
Cb17	EWSR1	HETLOSS	CNA
Cb17	NF2	HETLOSS	CNA
Cb17	ISX	HETLOSS	CNA
Cb17	TOM1	HETLOSS	CNA
Cb17	POLR2F	HETLOSS	CNA
Cb17	DMC1	HETLOSS	CNA
Cb17	APOBEC3B	HETLOSS	CNA
Cb17	PDGFB	HETLOSS	CNA
Cb17	MKL1	HETLOSS	CNA
Cb17	RBX1	HETLOSS	CNA
Cb17	EP300	HETLOSS	CNA
Cb17	PPP6R2	HETLOSS	CNA
Cb17	CRLF2	HETLOSS	CNA
Cb17	P2RY8	HETLOSS	CNA
Cb17	FANCB	HETLOSS	CNA
Cb17	ZRSR2	HETLOSS	CNA
Cb17	FAM47C	HETLOSS	CNA
Cb17	RPGR	HETLOSS	CNA
Cb17	BCOR	HETLOSS	CNA
Cb17	ATP6AP2	HETLOSS	CNA
Cb17	DDX3X	HETLOSS	CNA
Cb17	KDM6A	HETLOSS	CNA
Cb17	RBM10	HETLOSS	CNA
Cb17	ARAF	HETLOSS	CNA
Cb17	SSX1	HETLOSS	CNA
Cb17	SSX4	HETLOSS	CNA
Cb17	WAS	HETLOSS	CNA
Cb17	GATA1	HETLOSS	CNA
Cb17	TFE3	HETLOSS	CNA
Cb17	SSX2	HETLOSS	CNA
Cb17	KDM5C	HETLOSS	CNA
Cb17	SMC1A	HETLOSS	CNA
Cb17	APEX2	HETLOSS	CNA
Cb17	AMER1	HOMDEL	CNA
Cb17	MSN	HETLOSS	CNA
Cb17	AR	HETLOSS	CNA
Cb17	FOXO4	HETLOSS	CNA
Cb17	MED12	HETLOSS	CNA
Cb17	ZMYM3	HETLOSS	CNA
Cb17	NONO	HETLOSS	CNA
Cb17	ATRX	HETLOSS	CNA
Cb17	IRS4	HETLOSS	CNA
Cb17	UBE2A	HETLOSS	CNA
Cb17	SEPT6	HETLOSS	CNA
Cb17	UPF3B	HETLOSS	CNA
Cb17	ARHGEF6	HETLOSS	CNA
Cb17	FMR1	HETLOSS	CNA
Cb17	CRLF2	HOMDEL	CNA
Cb17	P2RY8	HOMDEL	CNA
C30	EPHA3	HETLOSS	CNA
C30	WHSC1L1	AMP	CNA
C30	FGFR1	AMP	CNA
C30	ANK1	GAIN	CNA
C30	KAT6A	GAIN	CNA
C30	IKBKB	GAIN	CNA
C30	POLB	GAIN	CNA
C30	HOOK3	GAIN	CNA
C30	RBBP8	HETLOSS	CNA
C30	AMER1	HETLOSS	CNA
C30	CRLF2	HOMDEL	CNA
C30	P2RY8	HOMDEL	CNA
C81	SBDS	HETLOSS	CNA
C81	RFC2	GAIN	CNA
C81	PMS2P3	GAIN	CNA
C81	HIP1	GAIN	CNA
C81	PTPN12	GAIN	CNA
C81	GNAI1	GAIN	CNA
C81	TRRAP	HETLOSS	CNA
C81	CUX1	HETLOSS	CNA
C81	POLR2J	HETLOSS	CNA
C81	SMO	HETLOSS	CNA
C81	TRIM24	HETLOSS	CNA
C81	KIAA1549	HETLOSS	CNA
C81	BRAF	HETLOSS	CNA
C81	PRSS1	HETLOSS	CNA
C81	FAM131B	HETLOSS	CNA
C81	CNTNAP2	HETLOSS	CNA
C81	CUL1	HETLOSS	CNA
C81	EZH2	HETLOSS	CNA
C81	KMT2C	HETLOSS	CNA
C81	XRCC2	HETLOSS	CNA
C81	PAXIP1	HETLOSS	CNA
C81	MNX1	HETLOSS	CNA
C81	ARHGEF10	HETLOSS	CNA
C81	NEIL2	HETLOSS	CNA
C81	DLC1	HETLOSS	CNA
C81	MSR1	HETLOSS	CNA
C81	PDGFRL	HETLOSS	CNA
C81	PCM1	HETLOSS	CNA
C81	LZTS1	HETLOSS	CNA
C81	LEPROTL1	HETLOSS	CNA
C81	WRN	HETLOSS	CNA
C81	NRG1	HETLOSS	CNA
C81	WHSC1L1	GAIN	CNA
C81	FGFR1	GAIN	CNA
C81	BRD3	HETLOSS	CNA
C81	CUL4A	HETLOSS	CNA
C81	RBBP8	HOMDEL	CNA
C81	FSTL3	HETLOSS	CNA
C81	ELANE	HETLOSS	CNA
C81	POLR2E	HETLOSS	CNA
C81	STK11	HETLOSS	CNA
C81	TCF3	HETLOSS	CNA
C81	GNA11	HETLOSS	CNA
C81	MAP2K2	HETLOSS	CNA
C81	SH3GL1	HETLOSS	CNA
C81	CHAF1A	HETLOSS	CNA
C81	CLTCL1	HETLOSS	CNA
C81	SEPT5	HETLOSS	CNA
C81	DGCR8	HETLOSS	CNA
C81	AMER1	HOMDEL	CNA
C81	CRLF2	HOMDEL	CNA
C81	P2RY8	HOMDEL	CNA
C95	C1orf86	HETLOSS	CNA
C95	SKI	HETLOSS	CNA
C95	TNFRSF14	HETLOSS	CNA
C95	MAD2L2	HETLOSS	CNA
C95	SDHB	HETLOSS	CNA
C95	RUNX3	HETLOSS	CNA
C95	ARID1A	HETLOSS	CNA
C95	RPA2	HETLOSS	CNA
C95	UROD	HETLOSS	CNA
C95	MUTYH	HETLOSS	CNA
C95	XPO1	HETLOSS	CNA
C95	BARD1	HETLOSS	CNA
C95	VHL	HETLOSS	CNA
C95	RAF1	HETLOSS	CNA
C95	FBLN2	HETLOSS	CNA
C95	NCKIPSD	HETLOSS	CNA
C95	RHOA	HETLOSS	CNA
C95	RBM5	HETLOSS	CNA
C95	GATA2	HETLOSS	CNA
C95	RPN1	HETLOSS	CNA
C95	CNBP	HETLOSS	CNA
C95	RNF168	HETLOSS	CNA
C95	UVSSA	HETLOSS	CNA
C95	FGFR3	HETLOSS	CNA
C95	WHSC1	HETLOSS	CNA
C95	POLN	HETLOSS	CNA
C95	EEF1A1	HETLOSS	CNA
C95	TMEM30A	HETLOSS	CNA
C95	ZNF292	HETLOSS	CNA
C95	EPHA7	HETLOSS	CNA
C95	CCNC	HETLOSS	CNA
C95	PRDM1	HETLOSS	CNA
C95	FOXO3	HETLOSS	CNA
C95	REV3L	HETLOSS	CNA
C95	HDAC2	HETLOSS	CNA
C95	ROS1	HETLOSS	CNA
C95	GOPC	HETLOSS	CNA
C95	RSPO3	HETLOSS	CNA
C95	PTPRK	HETLOSS	CNA
C95	MED23	HETLOSS	CNA
C95	SGK1	HETLOSS	CNA
C95	BCLAF1	HETLOSS	CNA
C95	TNFAIP3	HETLOSS	CNA
C95	ECT2L	HETLOSS	CNA
C95	SHPRH	HETLOSS	CNA
C95	ESR1	HETLOSS	CNA
C95	ARID1B	HETLOSS	CNA
C95	GTF2H5	HETLOSS	CNA
C95	IGF2R	HETLOSS	CNA
C95	QKI	HETLOSS	CNA
C95	FGFR1OP	HETLOSS	CNA
C95	MLLT4	HETLOSS	CNA
C95	NEIL2	HETLOSS	CNA
C95	DLC1	HETLOSS	CNA
C95	MSR1	HETLOSS	CNA
C95	PDGFRL	HETLOSS	CNA
C95	PCM1	HETLOSS	CNA
C95	LZTS1	HETLOSS	CNA
C95	LEPROTL1	HETLOSS	CNA
C95	WRN	HETLOSS	CNA
C95	NRG1	HETLOSS	CNA
C95	WHSC1L1	GAIN	CNA
C95	FGFR1	GAIN	CNA
C95	PRKDC	HETLOSS	CNA
C95	UBE2V2	HETLOSS	CNA
C95	TCEA1	HETLOSS	CNA
C95	PLAG1	AMP	CNA
C95	CHCHD7	AMP	CNA
C95	PREX2	HETLOSS	CNA
C95	PTCH1	HETLOSS	CNA
C95	PPP6C	HETLOSS	CNA
C95	SPTAN1	HETLOSS	CNA
C95	SET	HETLOSS	CNA
C95	ABL1	HETLOSS	CNA
C95	NUP214	HETLOSS	CNA
C95	BRD3	HETLOSS	CNA
C95	POLL	HETLOSS	CNA
C95	NSMCE4A	HETLOSS	CNA
C95	HRAS	HETLOSS	CNA
C95	POLR2L	HETLOSS	CNA
C95	CDKN1C	HETLOSS	CNA
C95	SLC22A18	HETLOSS	CNA
C95	CARS	HETLOSS	CNA
C95	CLP1	HETLOSS	CNA
C95	CTNND1	HETLOSS	CNA
C95	DDB1	HETLOSS	CNA
C95	SDHAF2	HETLOSS	CNA
C95	FEN1	HETLOSS	CNA
C95	POLR2G	HETLOSS	CNA
C95	NXF1	HETLOSS	CNA
C95	STIP1	HETLOSS	CNA
C95	MEN1	HETLOSS	CNA
C95	MALAT1	HETLOSS	CNA
C95	KAT5	HETLOSS	CNA
C95	MUS81	HETLOSS	CNA
C95	POLD3	AMP	CNA
C95	PICALM	HETLOSS	CNA
C95	EED	HETLOSS	CNA
C95	FAT3	HETLOSS	CNA
C95	MRE11A	HETLOSS	CNA
C95	MAML2	HETLOSS	CNA
C95	BIRC3	HETLOSS	CNA
C95	CASP1	HETLOSS	CNA
C95	CUL5	HETLOSS	CNA
C95	ATM	HETLOSS	CNA
C95	DDX10	HETLOSS	CNA
C95	POU2AF1	HETLOSS	CNA
C95	SDHD	HETLOSS	CNA
C95	SDHD	HETLOSS	CNA
C95	ZBTB16	HETLOSS	CNA
C95	PAFAH1B2	HETLOSS	CNA
C95	KMT2A	HETLOSS	CNA
C95	DDX6	HETLOSS	CNA
C95	BCL9L	HETLOSS	CNA
C95	FOXR1	HETLOSS	CNA
C95	HMBS	HETLOSS	CNA
C95	H2AFX	HETLOSS	CNA
C95	CBL	HETLOSS	CNA
C95	ARHGEF12	HETLOSS	CNA
C95	FLI1	HETLOSS	CNA
C95	KCNJ5	HETLOSS	CNA
C95	OPCML	HETLOSS	CNA
C95	ZNF384	HETLOSS	CNA
C95	IRS2	HETLOSS	CNA
C95	ALKBH1	HETLOSS	CNA
C95	TRIP11	HETLOSS	CNA
C95	XRCC3	HETLOSS	CNA
C95	AKT1	HETLOSS	CNA
C95	NOP10	HETLOSS	CNA
C95	NUTM1	HETLOSS	CNA
C95	MPG	HETLOSS	CNA
C95	AXIN1	HETLOSS	CNA
C95	TELO2	HETLOSS	CNA
C95	EME2	HETLOSS	CNA
C95	NTHL1	HETLOSS	CNA
C95	TSC2	HETLOSS	CNA
C95	TRAF7	HETLOSS	CNA
C95	SLX4	HETLOSS	CNA
C95	CREBBP	HETLOSS	CNA
C95	NFATC2IP	HETLOSS	CNA
C95	SLX1B	HETLOSS	CNA
C95	PPP4C	HETLOSS	CNA
C95	SLX1A	HETLOSS	CNA
C95	CBFA2T3	HETLOSS	CNA
C95	FANCA	HETLOSS	CNA
C95	USP6	HETLOSS	CNA
C95	RABEP1	HETLOSS	CNA
C95	CHD3	HETLOSS	CNA
C95	PER1	HETLOSS	CNA
C95	RARA	HETLOSS	CNA
C95	CCR7	HETLOSS	CNA
C95	SMARCE1	HETLOSS	CNA
C95	STAT5B	HETLOSS	CNA
C95	STAT3	HETLOSS	CNA
C95	ETV4	HETLOSS	CNA
C95	SRSF2	HETLOSS	CNA
C95	SEPT9	HETLOSS	CNA
C95	RNF213	HETLOSS	CNA
C95	ENDOV	HETLOSS	CNA
C95	C17orf70	HETLOSS	CNA
C95	ASPSCR1	HETLOSS	CNA
C95	STRA13	HETLOSS	CNA
C95	RBBP8	HOMDEL	CNA
C95	FSTL3	HETLOSS	CNA
C95	ELANE	HETLOSS	CNA
C95	POLR2E	HETLOSS	CNA
C95	STK11	HETLOSS	CNA
C95	TCF3	HETLOSS	CNA
C95	GNA11	HETLOSS	CNA
C95	MAP2K2	HETLOSS	CNA
C95	SH3GL1	HETLOSS	CNA
C95	CHAF1A	HETLOSS	CNA
C95	MLLT1	HETLOSS	CNA
C95	VAV1	HETLOSS	CNA
C95	XAB2	HETLOSS	CNA
C95	CD209	HETLOSS	CNA
C95	KEAP1	HETLOSS	CNA
C95	DNM2	HETLOSS	CNA
C95	SMARCA4	HETLOSS	CNA
C95	CALR	HETLOSS	CNA
C95	RAD23A	HETLOSS	CNA
C95	LYL1	HETLOSS	CNA
C95	PRKACA	HETLOSS	CNA
C95	DNAJB1	HETLOSS	CNA
C95	BRD4	HETLOSS	CNA
C95	JAK3	HETLOSS	CNA
C95	PIK3R2	HETLOSS	CNA
C95	PIK3R2	HETLOSS	CNA
C95	ELL	HETLOSS	CNA
C95	CRTC1	HETLOSS	CNA
C95	CEP89	HETLOSS	CNA
C95	C19orf40	HETLOSS	CNA
C95	CEBPA	HETLOSS	CNA
C95	LSM14A	HETLOSS	CNA
C95	CD79A	HETLOSS	CNA
C95	BCL3	HETLOSS	CNA
C95	CBLC	HETLOSS	CNA
C95	ERCC2	HETLOSS	CNA
C95	ARHGAP35	HETLOSS	CNA
C95	LIG1	HETLOSS	CNA
C95	PNKP	HETLOSS	CNA
C95	POLD1	HETLOSS	CNA
C95	KLK2	HETLOSS	CNA
C95	CSNK2A1	HETLOSS	CNA
C95	SIRPA	HETLOSS	CNA
C95	CRNKL1	HETLOSS	CNA
C95	FOXA2	HETLOSS	CNA
C95	OLIG2	HETLOSS	CNA
C95	TMPRSS2	HETLOSS	CNA
C95	U2AF1	HETLOSS	CNA
C95	CLTCL1	HETLOSS	CNA
C95	SEPT5	HETLOSS	CNA
C95	DGCR8	HETLOSS	CNA
C95	LZTR1	HETLOSS	CNA
C95	TOP3B	HETLOSS	CNA
C95	BCR	HETLOSS	CNA
C95	SMARCB1	HETLOSS	CNA
C95	MN1	HETLOSS	CNA
C95	CHEK2	HETLOSS	CNA
C95	ZNRF3	HETLOSS	CNA
C95	EWSR1	HETLOSS	CNA
C95	NF2	HETLOSS	CNA
C95	ISX	HETLOSS	CNA
C95	TOM1	HETLOSS	CNA
C95	MYH9	HETLOSS	CNA
C95	POLR2F	HETLOSS	CNA
C95	DMC1	HETLOSS	CNA
C95	APOBEC3B	HETLOSS	CNA
C95	PDGFB	HETLOSS	CNA
C95	MKL1	HETLOSS	CNA
C95	RBX1	HETLOSS	CNA
C95	EP300	HETLOSS	CNA
C95	XRCC6	HETLOSS	CNA
C95	ARFGAP3	HETLOSS	CNA
C95	PPP6R2	GAIN	CNA
C95	CRLF2	HETLOSS	CNA
C95	P2RY8	HETLOSS	CNA
C95	WAS	HETLOSS	CNA
C95	GATA1	HETLOSS	CNA
C95	AMER1	HOMDEL	CNA
C95	FLNA	HETLOSS	CNA
C95	RPL10	HETLOSS	CNA
C95	MTCP1	HETLOSS	CNA
C95	CRLF2	HOMDEL	CNA
C95	P2RY8	HOMDEL	CNA
Cb11	BRD3	HETLOSS	CNA
Cb11	CLP1	HETLOSS	CNA
Cb11	CTNND1	HETLOSS	CNA
Cb11	DDB1	HETLOSS	CNA
Cb11	SDHAF2	HETLOSS	CNA
Cb11	FEN1	HETLOSS	CNA
Cb11	POLR2G	HETLOSS	CNA
Cb11	NXF1	HETLOSS	CNA
Cb11	STIP1	HETLOSS	CNA
Cb11	MEN1	HETLOSS	CNA
Cb11	MALAT1	HETLOSS	CNA
Cb11	KAT5	HETLOSS	CNA
Cb11	MUS81	HETLOSS	CNA
Cb11	POLD4	HETLOSS	CNA
Cb11	PPP6R3	HETLOSS	CNA
Cb11	CCND1	GAIN	CNA
Cb11	NUMA1	HETLOSS	CNA
Cb11	INPPL1	HETLOSS	CNA
Cb11	POLD3	GAIN	CNA
Cb11	FAT3	HETLOSS	CNA
Cb11	MAML2	HETLOSS	CNA
Cb11	BIRC3	HETLOSS	CNA
Cb11	CASP1	HETLOSS	CNA
Cb11	CUL5	HETLOSS	CNA
Cb11	ATM	HETLOSS	CNA
Cb11	DDX10	HETLOSS	CNA
Cb11	POU2AF1	HETLOSS	CNA
Cb11	SDHD	HETLOSS	CNA
Cb11	SDHD	HETLOSS	CNA
Cb11	ZBTB16	HETLOSS	CNA
Cb11	KMT2A	HETLOSS	CNA
Cb11	DDX6	HETLOSS	CNA
Cb11	BCL9L	HETLOSS	CNA
Cb11	FOXR1	HETLOSS	CNA
Cb11	HMBS	HETLOSS	CNA
Cb11	H2AFX	HETLOSS	CNA
Cb11	CBL	HETLOSS	CNA
Cb11	ARHGEF12	HETLOSS	CNA
Cb11	FLI1	HETLOSS	CNA
Cb11	KCNJ5	HETLOSS	CNA
Cb11	RBBP8	HOMDEL	CNA
Cb11	AMER1	HOMDEL	CNA
Cb11	CRLF2	HOMDEL	CNA
Cb11	P2RY8	HOMDEL	CNA
C132	C1orf86	HETLOSS	CNA
C132	SKI	HETLOSS	CNA
C132	TNFRSF14	HETLOSS	CNA
C132	PRDM16	HETLOSS	CNA
C132	RPL22	HETLOSS	CNA
C132	CAMTA1	HETLOSS	CNA
C132	APITD1	HETLOSS	CNA
C132	MTOR	HETLOSS	CNA
C132	MAD2L2	HETLOSS	CNA
C132	PRDM2	HETLOSS	CNA
C132	CASP9	HETLOSS	CNA
C132	SPEN	HETLOSS	CNA
C132	EPHA2	HETLOSS	CNA
C132	SDHB	HETLOSS	CNA
C132	ARHGEF10L	HETLOSS	CNA
C132	PAX7	HETLOSS	CNA
C132	ID3	HETLOSS	CNA
C132	MDS2	HETLOSS	CNA
C132	TCEB3	HETLOSS	CNA
C132	RUNX3	HETLOSS	CNA
C132	ARID1A	HETLOSS	CNA
C132	RPA2	HETLOSS	CNA
C132	EYA3	HETLOSS	CNA
C132	LCK	HETLOSS	CNA
C132	SFPQ	HETLOSS	CNA
C132	CLSPN	HETLOSS	CNA
C132	THRAP3	HETLOSS	CNA
C132	CSF3R	HETLOSS	CNA
C132	SF3A3	HETLOSS	CNA
C132	MYCL	HETLOSS	CNA
C132	MPL	HETLOSS	CNA
C132	UROD	HETLOSS	CNA
C132	MUTYH	HETLOSS	CNA
C132	RAD54L	HETLOSS	CNA
C132	TAL1	HETLOSS	CNA
C132	STIL	HETLOSS	CNA
C132	FAF1	HETLOSS	CNA
C132	CDKN2C	HETLOSS	CNA
C132	EPS15	HETLOSS	CNA
C132	FCGR2B	GAIN	CNA
C132	DDR2	GAIN	CNA
C132	PBX1	GAIN	CNA
C132	PRRX1	GAIN	CNA
C132	ABL2	GAIN	CNA
C132	TPR	GAIN	CNA
C132	CDC73	GAIN	CNA
C132	PTPRC	GAIN	CNA
C132	TRAF5	GAIN	CNA
C132	PPP2R5A	GAIN	CNA
C132	DNMT3A	HETLOSS	CNA
C132	ASXL2	HETLOSS	CNA
C132	BRE	HETLOSS	CNA
C132	TREX1	HETLOSS	CNA
C132	COL7A1	HETLOSS	CNA
C132	NCKIPSD	HETLOSS	CNA
C132	RHOA	HETLOSS	CNA
C132	POLR2H	HETLOSS	CNA
C132	MAP3K13	HETLOSS	CNA
C132	IGF2BP2	HETLOSS	CNA
C132	ETV5	HETLOSS	CNA
C132	RNF168	HETLOSS	CNA
C132	SDHA	HETLOSS	CNA
C132	GTF2H2	HETLOSS	CNA
C132	NHP2	HETLOSS	CNA
C132	FLT4	HETLOSS	CNA
C132	ELN	HETLOSS	CNA
C132	RFC2	HETLOSS	CNA
C132	PMS2P3	HETLOSS	CNA
C132	HIP1	HETLOSS	CNA
C132	ARHGEF10	HETLOSS	CNA
C132	NEIL2	HETLOSS	CNA
C132	DLC1	HETLOSS	CNA
C132	MSR1	HETLOSS	CNA
C132	PDGFRL	HETLOSS	CNA
C132	PCM1	HETLOSS	CNA
C132	LZTS1	HETLOSS	CNA
C132	LEPROTL1	HETLOSS	CNA
C132	WRN	HETLOSS	CNA
C132	NRG1	HETLOSS	CNA
C132	WHSC1L1	AMP	CNA
C132	FGFR1	AMP	CNA
C132	ANK1	AMP	CNA
C132	DOCK8	HETLOSS	CNA
C132	JAK2	HETLOSS	CNA
C132	CD274	HETLOSS	CNA
C132	PDCD1LG2	HETLOSS	CNA
C132	PTPRD	HETLOSS	CNA
C132	NFIB	HETLOSS	CNA
C132	PSIP1	HETLOSS	CNA
C132	MLLT3	HETLOSS	CNA
C132	MTAP	HETLOSS	CNA
C132	CDKN2A	HETLOSS	CNA
C132	CDKN2B	HETLOSS	CNA
C132	ACO1	HETLOSS	CNA
C132	APTX	HETLOSS	CNA
C132	FANCG	HETLOSS	CNA
C132	RMRP	HETLOSS	CNA
C132	PAX5	HETLOSS	CNA
C132	SMC5	HETLOSS	CNA
C132	GNAQ	HETLOSS	CNA
C132	GADD45G	HETLOSS	CNA
C132	SYK	HETLOSS	CNA
C132	OMD	HETLOSS	CNA
C132	WNK2	HETLOSS	CNA
C132	FANCC	HETLOSS	CNA
C132	PTCH1	HETLOSS	CNA
C132	XPA	HETLOSS	CNA
C132	TGFBR1	HETLOSS	CNA
C132	NR4A3	HETLOSS	CNA
C132	TAL2	HETLOSS	CNA
C132	RAD23B	HETLOSS	CNA
C132	KLF4	HETLOSS	CNA
C132	POLE3	HETLOSS	CNA
C132	TNC	HETLOSS	CNA
C132	CNTRL	HETLOSS	CNA
C132	PTGS1	HETLOSS	CNA
C132	PPP6C	HETLOSS	CNA
C132	SPTAN1	HETLOSS	CNA
C132	SET	HETLOSS	CNA
C132	FNBP1	HETLOSS	CNA
C132	ABL1	HETLOSS	CNA
C132	NUP214	HETLOSS	CNA
C132	TSC1	HETLOSS	CNA
C132	RALGDS	HETLOSS	CNA
C132	BRD3	HETLOSS	CNA
C132	HRAS	HETLOSS	CNA
C132	POLR2L	HETLOSS	CNA
C132	CDKN1C	HETLOSS	CNA
C132	SLC22A18	HETLOSS	CNA
C132	CARS	HETLOSS	CNA
C132	ALKBH3	GAIN	CNA
C132	EXT2	GAIN	CNA
C132	POLR2G	HETLOSS	CNA
C132	NXF1	HETLOSS	CNA
C132	STIP1	HETLOSS	CNA
C132	MEN1	HETLOSS	CNA
C132	MALAT1	HETLOSS	CNA
C132	KAT5	HETLOSS	CNA
C132	MUS81	HETLOSS	CNA
C132	NUMA1	GAIN	CNA
C132	INPPL1	GAIN	CNA
C132	POLD3	GAIN	CNA
C132	ALKBH2	HETLOSS	CNA
C132	UNG	HETLOSS	CNA
C132	SH2B3	HETLOSS	CNA
C132	ALDH2	HETLOSS	CNA
C132	PTPN11	HETLOSS	CNA
C132	HNF1A	HETLOSS	CNA
C132	SETD1B	HETLOSS	CNA
C132	BCL7A	HETLOSS	CNA
C132	CLIP1	HETLOSS	CNA
C132	ZCCHC8	HETLOSS	CNA
C132	GTF2H3	HETLOSS	CNA
C132	NCOR2	HETLOSS	CNA
C132	POLE	HETLOSS	CNA
C132	CUL4A	HETLOSS	CNA
C132	CCNB1IP1	HETLOSS	CNA
C132	PARP2	HETLOSS	CNA
C132	APEX1	HETLOSS	CNA
C132	CHD8	HETLOSS	CNA
C132	AJUBA	HETLOSS	CNA
C132	NFATC4	HETLOSS	CNA
C132	ARHGAP5	HETLOSS	CNA
C132	BAZ1A	HETLOSS	CNA
C132	NKX2-1	HETLOSS	CNA
C132	FOXA1	HETLOSS	CNA
C132	FANCM	HETLOSS	CNA
C132	POLE2	HETLOSS	CNA
C132	NIN	HETLOSS	CNA
C132	GNG2	HETLOSS	CNA
C132	KTN1	HETLOSS	CNA
C132	SIX1	HETLOSS	CNA
C132	MNAT1	HETLOSS	CNA
C132	HIF1A	HETLOSS	CNA
C132	MAX	HETLOSS	CNA
C132	GPHN	HETLOSS	CNA
C132	RAD51B	HETLOSS	CNA
C132	ZFP36L1	HETLOSS	CNA
C132	MLH3	HETLOSS	CNA
C132	ALKBH1	HETLOSS	CNA
C132	TSHR	HETLOSS	CNA
C132	HSP90AA1	HETLOSS	CNA
C132	TRAF3	HETLOSS	CNA
C132	XRCC3	HETLOSS	CNA
C132	AKT1	HETLOSS	CNA
C132	GRIN2A	HETLOSS	CNA
C132	CIITA	HETLOSS	CNA
C132	RMI2	HETLOSS	CNA
C132	SOCS1	HETLOSS	CNA
C132	TNFRSF17	HETLOSS	CNA
C132	MYH11	HETLOSS	CNA
C132	PALB2	HETLOSS	CNA
C132	PRKCB	HETLOSS	CNA
C132	NSMCE1	HETLOSS	CNA
C132	NFATC2IP	GAIN	CNA
C132	SLX1B	GAIN	CNA
C132	PPP4C	GAIN	CNA
C132	SLX1A	GAIN	CNA
C132	FUS	GAIN	CNA
C132	CYLD	HETLOSS	CNA
C132	NUP93	HETLOSS	CNA
C132	HERPUD1	HETLOSS	CNA
C132	POLR2C	HETLOSS	CNA
C132	ZFHX3	HOMDEL	CNA
C132	RFWD3	HOMDEL	CNA
C132	WWOX	HOMDEL	CNA
C132	MAF	HOMDEL	CNA
C132	CBFA2T3	HOMDEL	CNA
C132	FANCA	HOMDEL	CNA
C132	RBBP8	HOMDEL	CNA
C132	SETBP1	HETLOSS	CNA
C132	SMAD2	HETLOSS	CNA
C132	SMAD4	HETLOSS	CNA
C132	DCC	HETLOSS	CNA
C132	POLI	HETLOSS	CNA
C132	MALT1	HETLOSS	CNA
C132	BCL2	HETLOSS	CNA
C132	KDSR	HETLOSS	CNA
C132	FSTL3	HETLOSS	CNA
C132	ELANE	HETLOSS	CNA
C132	POLR2E	HETLOSS	CNA
C132	STK11	HETLOSS	CNA
C132	TCF3	HETLOSS	CNA
C132	GNA11	HETLOSS	CNA
C132	MAP2K2	HETLOSS	CNA
C132	SH3GL1	HETLOSS	CNA
C132	CHAF1A	HETLOSS	CNA
C132	MLLT1	HETLOSS	CNA
C132	VAV1	HETLOSS	CNA
C132	XAB2	HETLOSS	CNA
C132	CD209	HETLOSS	CNA
C132	MUC16	HETLOSS	CNA
C132	KEAP1	HETLOSS	CNA
C132	DNM2	HETLOSS	CNA
C132	SMARCA4	HETLOSS	CNA
C132	CALR	HETLOSS	CNA
C132	RAD23A	HETLOSS	CNA
C132	LYL1	HETLOSS	CNA
C132	PRKACA	HETLOSS	CNA
C132	DNAJB1	HETLOSS	CNA
C132	BRD4	HETLOSS	CNA
C132	TPM4	HETLOSS	CNA
C132	JAK3	HETLOSS	CNA
C132	PIK3R2	HETLOSS	CNA
C132	PIK3R2	HETLOSS	CNA
C132	ELL	HETLOSS	CNA
C132	CRTC1	HETLOSS	CNA
C132	ZNF429	HETLOSS	CNA
C132	CCNE1	HETLOSS	CNA
C132	CEP89	HETLOSS	CNA
C132	C19orf40	HETLOSS	CNA
C132	CEBPA	HETLOSS	CNA
C132	LSM14A	HETLOSS	CNA
C132	POLR2I	HETLOSS	CNA
C132	AKT2	HETLOSS	CNA
C132	CD79A	HETLOSS	CNA
C132	CIC	HETLOSS	CNA
C132	XRCC1	HETLOSS	CNA
C132	BCL3	HETLOSS	CNA
C132	CBLC	HETLOSS	CNA
C132	ERCC2	HETLOSS	CNA
C132	ERCC1	HETLOSS	CNA
C132	ARHGAP35	HETLOSS	CNA
C132	LIG1	HETLOSS	CNA
C132	BAX	HETLOSS	CNA
C132	BCL2L12	HETLOSS	CNA
C132	PNKP	HETLOSS	CNA
C132	POLD1	HETLOSS	CNA
C132	KLK2	HETLOSS	CNA
C132	PPP2R1A	HETLOSS	CNA
C132	ZNF331	HETLOSS	CNA
C132	TFPT	HETLOSS	CNA
C132	CNOT3	HETLOSS	CNA
C132	PPP6R1	HETLOSS	CNA
C132	U2AF1	HETLOSS	CNA
C132	CLTCL1	HETLOSS	CNA
C132	SEPT5	HETLOSS	CNA
C132	DGCR8	HETLOSS	CNA
C132	LZTR1	HETLOSS	CNA
C132	MAPK1	HETLOSS	CNA
C132	TOP3B	HETLOSS	CNA
C132	BCR	HETLOSS	CNA
C132	POLR2F	HETLOSS	CNA
C132	DMC1	HETLOSS	CNA
C132	APOBEC3B	HETLOSS	CNA
C132	PDGFB	HETLOSS	CNA
C132	MKL1	HETLOSS	CNA
C132	RBX1	HETLOSS	CNA
C132	EP300	HETLOSS	CNA
C132	XRCC6	HETLOSS	CNA
C132	CRLF2	HETLOSS	CNA
C132	P2RY8	HETLOSS	CNA
C132	AMER1	HOMDEL	CNA
C132	CRLF2	HOMDEL	CNA
C132	P2RY8	HOMDEL	CNA
C190	C1orf86	HETLOSS	CNA
C190	SKI	HETLOSS	CNA
C190	TNFRSF14	HETLOSS	CNA
C190	PRDM16	HETLOSS	CNA
C190	RNF4	HETLOSS	CNA
C190	ARHGEF10	HETLOSS	CNA
C190	NEIL2	HETLOSS	CNA
C190	DLC1	HETLOSS	CNA
C190	MSR1	HETLOSS	CNA
C190	PDGFRL	HETLOSS	CNA
C190	PCM1	HETLOSS	CNA
C190	LZTS1	HETLOSS	CNA
C190	WRN	HETLOSS	CNA
C190	ANK1	HETLOSS	CNA
C190	KAT6A	HETLOSS	CNA
C190	IKBKB	HETLOSS	CNA
C190	POLB	HETLOSS	CNA
C190	HOOK3	HETLOSS	CNA
C190	HRAS	HETLOSS	CNA
C190	POLR2L	HETLOSS	CNA
C190	MPG	HETLOSS	CNA
C190	AXIN1	HETLOSS	CNA
C190	CBFB	HETLOSS	CNA
C190	CTCF	HETLOSS	CNA
C190	CDH1	HETLOSS	CNA
C190	YWHAE	HETLOSS	CNA
C190	RPA1	HETLOSS	CNA
C190	USP6	HETLOSS	CNA
C190	RABEP1	HETLOSS	CNA
C190	GPS2	HETLOSS	CNA
C190	POLR2A	HETLOSS	CNA
C190	TP53	HETLOSS	CNA
C190	CHD3	HETLOSS	CNA
C190	PER1	HETLOSS	CNA
C190	GAS7	HETLOSS	CNA
C190	MAP2K4	HETLOSS	CNA
C190	NCOR1	HETLOSS	CNA
C190	FLCN	HETLOSS	CNA
C190	TOP3A	HETLOSS	CNA
C190	SPECC1	HETLOSS	CNA
C190	NF1	HETLOSS	CNA
C190	SUZ12	HETLOSS	CNA
C190	PSMD11	HETLOSS	CNA
C190	LIG3	HETLOSS	CNA
C190	RAD51D	HETLOSS	CNA
C190	TAF15	HETLOSS	CNA
C190	RDM1	HETLOSS	CNA
C190	MLLT6	HETLOSS	CNA
C190	LASP1	HETLOSS	CNA
C190	CDK12	HETLOSS	CNA
C190	ERBB2	HETLOSS	CNA
C190	RARA	HETLOSS	CNA
C190	CCR7	HETLOSS	CNA
C190	SMARCE1	HETLOSS	CNA
C190	PSME3	HETLOSS	CNA
C190	BRCA1	HETLOSS	CNA
C190	ETV4	HETLOSS	CNA
C190	KANSL1	HETLOSS	CNA
C190	CDC27	HETLOSS	CNA
C190	SPOP	HETLOSS	CNA
C190	KAT7	HETLOSS	CNA
C190	COL1A1	HETLOSS	CNA
C190	EME1	HETLOSS	CNA
C190	RECQL5	GAIN	CNA
C190	H3F3B	GAIN	CNA
C190	CANT1	HETLOSS	CNA
C190	RNF213	HETLOSS	CNA
C190	ENDOV	HETLOSS	CNA
C190	C17orf70	HETLOSS	CNA
C190	ASPSCR1	HETLOSS	CNA
C190	STRA13	HETLOSS	CNA
C190	ZNF750	HETLOSS	CNA
C190	RBBP8	HETLOSS	CNA
C190	FSTL3	HETLOSS	CNA
C190	ELANE	HETLOSS	CNA
C190	POLR2E	HETLOSS	CNA
C190	STK11	HETLOSS	CNA
C190	BRD4	GAIN	CNA
C190	TPM4	GAIN	CNA
C190	JAK3	GAIN	CNA
C190	PIK3R2	GAIN	CNA
C190	PIK3R2	GAIN	CNA
C190	ELL	GAIN	CNA
C190	CRTC1	GAIN	CNA
C190	AMER1	HOMDEL	CNA
C190	CRLF2	HOMDEL	CNA
C190	P2RY8	HOMDEL	CNA
Cb5	C1orf86	GAIN	CNA
Cb5	SKI	GAIN	CNA
Cb5	TNFRSF14	GAIN	CNA
Cb5	RPL22	GAIN	CNA
Cb5	APITD1	GAIN	CNA
Cb5	MTOR	GAIN	CNA
Cb5	MAD2L2	GAIN	CNA
Cb5	CASP9	GAIN	CNA
Cb5	SPEN	GAIN	CNA
Cb5	EPHA2	GAIN	CNA
Cb5	SDHB	GAIN	CNA
Cb5	ARHGEF10L	GAIN	CNA
Cb5	PAX7	GAIN	CNA
Cb5	TCEB3	GAIN	CNA
Cb5	ARID1A	GAIN	CNA
Cb5	RPA2	GAIN	CNA
Cb5	LCK	GAIN	CNA
Cb5	CLSPN	GAIN	CNA
Cb5	THRAP3	GAIN	CNA
Cb5	CSF3R	GAIN	CNA
Cb5	MPL	GAIN	CNA
Cb5	TAL1	GAIN	CNA
Cb5	STIL	GAIN	CNA
Cb5	MLLT11	GAIN	CNA
Cb5	S100A7	GAIN	CNA
Cb5	MUC1	GAIN	CNA
Cb5	GBA	GAIN	CNA
Cb5	LMNA	GAIN	CNA
Cb5	ELF3	GAIN	CNA
Cb5	MDM4	GAIN	CNA
Cb5	ELK4	GAIN	CNA
Cb5	SLC45A3	GAIN	CNA
Cb5	H3F3A	GAIN	CNA
Cb5	PARP1	GAIN	CNA
Cb5	TMEM127	GAIN	CNA
Cb5	ACKR3	GAIN	CNA
Cb5	OGG1	GAIN	CNA
Cb5	FANCD2	GAIN	CNA
Cb5	VHL	GAIN	CNA
Cb5	RAF1	GAIN	CNA
Cb5	TREX1	GAIN	CNA
Cb5	COL7A1	GAIN	CNA
Cb5	NCKIPSD	GAIN	CNA
Cb5	RHOA	GAIN	CNA
Cb5	RBM5	GAIN	CNA
Cb5	PARP3	GAIN	CNA
Cb5	BAP1	GAIN	CNA
Cb5	EPHA3	HETLOSS	CNA
Cb5	CNBP	GAIN	CNA
Cb5	MBD4	GAIN	CNA
Cb5	TFRC	GAIN	CNA
Cb5	RNF168	GAIN	CNA
Cb5	UVSSA	GAIN	CNA
Cb5	FGFR3	GAIN	CNA
Cb5	WHSC1	GAIN	CNA
Cb5	POLN	GAIN	CNA
Cb5	RNF4	GAIN	CNA
Cb5	SLC34A2	GAIN	CNA
Cb5	TERT	GAIN	CNA
Cb5	AFF4	GAIN	CNA
Cb5	UIMC1	GAIN	CNA
Cb5	FGFR4	GAIN	CNA
Cb5	NSD1	GAIN	CNA
Cb5	NHP2	GAIN	CNA
Cb5	FLT4	GAIN	CNA
Cb5	MDC1	GAIN	CNA
Cb5	GTF2H4	GAIN	CNA
Cb5	POU5F1	GAIN	CNA
Cb5	MSH5	GAIN	CNA
Cb5	DAXX	GAIN	CNA
Cb5	HMGA1	GAIN	CNA
Cb5	FANCE	GAIN	CNA
Cb5	SRSF3	GAIN	CNA
Cb5	CDKN1A	GAIN	CNA
Cb5	PIM1	GAIN	CNA
Cb5	RNF8	GAIN	CNA
Cb5	TFEB	GAIN	CNA
Cb5	CCND3	GAIN	CNA
Cb5	POLH	GAIN	CNA
Cb5	HSP90AB1	GAIN	CNA
Cb5	NFKBIE	GAIN	CNA
Cb5	MAD1L1	GAIN	CNA
Cb5	NUDT1	GAIN	CNA
Cb5	CARD11	GAIN	CNA
Cb5	PMS2	GAIN	CNA
Cb5	RAC1	GAIN	CNA
Cb5	POLM	GAIN	CNA
Cb5	POLD2	GAIN	CNA
Cb5	ELN	GAIN	CNA
Cb5	RFC2	GAIN	CNA
Cb5	PMS2P3	GAIN	CNA
Cb5	HIP1	GAIN	CNA
Cb5	TRRAP	GAIN	CNA
Cb5	CUX1	GAIN	CNA
Cb5	POLR2J	GAIN	CNA
Cb5	WHSC1L1	AMP	CNA
Cb5	FGFR1	AMP	CNA
Cb5	ANK1	AMP	CNA
Cb5	KAT6A	AMP	CNA
Cb5	IKBKB	AMP	CNA
Cb5	POLB	AMP	CNA
Cb5	HOOK3	AMP	CNA
Cb5	PRKDC	GAIN	CNA
Cb5	UBE2V2	GAIN	CNA
Cb5	TCEA1	GAIN	CNA
Cb5	PLAG1	GAIN	CNA
Cb5	CHCHD7	GAIN	CNA
Cb5	NCOA2	GAIN	CNA
Cb5	EYA1	GAIN	CNA
Cb5	HEY1	GAIN	CNA
Cb5	CDH17	GAIN	CNA
Cb5	RAD54B	GAIN	CNA
Cb5	COX6C	GAIN	CNA
Cb5	POLR2K	GAIN	CNA
Cb5	PABPC1	GAIN	CNA
Cb5	RRM2B	GAIN	CNA
Cb5	RAD21	GAIN	CNA
Cb5	EXT1	GAIN	CNA
Cb5	NSMCE2	GAIN	CNA
Cb5	MYC	GAIN	CNA
Cb5	NDRG1	GAIN	CNA
Cb5	FAM135B	GAIN	CNA
Cb5	RMRP	GAIN	CNA
Cb5	PPP6C	GAIN	CNA
Cb5	SPTAN1	GAIN	CNA
Cb5	SET	GAIN	CNA
Cb5	FNBP1	GAIN	CNA
Cb5	NUP214	GAIN	CNA
Cb5	TSC1	GAIN	CNA
Cb5	RALGDS	GAIN	CNA
Cb5	BRD3	GAIN	CNA
Cb5	LARP4B	GAIN	CNA
Cb5	DNA2	GAIN	CNA
Cb5	TET1	GAIN	CNA
Cb5	CCAR1	GAIN	CNA
Cb5	PRF1	GAIN	CNA
Cb5	HRAS	GAIN	CNA
Cb5	POLR2L	GAIN	CNA
Cb5	CDKN1C	GAIN	CNA
Cb5	SLC22A18	GAIN	CNA
Cb5	CARS	GAIN	CNA
Cb5	NUP98	GAIN	CNA
Cb5	LMO1	GAIN	CNA
Cb5	ARNTL	GAIN	CNA
Cb5	MYOD1	GAIN	CNA
Cb5	GTF2H1	GAIN	CNA
Cb5	LDHA	GAIN	CNA
Cb5	WT1	GAIN	CNA
Cb5	LMO2	GAIN	CNA
Cb5	ALKBH3	GAIN	CNA
Cb5	EXT2	GAIN	CNA
Cb5	CREB3L1	GAIN	CNA
Cb5	DDB2	GAIN	CNA
Cb5	PTPRJ	GAIN	CNA
Cb5	POLD4	GAIN	CNA
Cb5	PPP6R3	GAIN	CNA
Cb5	CCND1	GAIN	CNA
Cb5	NUMA1	GAIN	CNA
Cb5	INPPL1	GAIN	CNA
Cb5	POLD3	GAIN	CNA
Cb5	CHD4	GAIN	CNA
Cb5	ZNF384	GAIN	CNA
Cb5	PTPN6	GAIN	CNA
Cb5	KMT2D	GAIN	CNA
Cb5	PRPF40B	GAIN	CNA
Cb5	ERBB3	GAIN	CNA
Cb5	NABP2	GAIN	CNA
Cb5	ANKRD52	GAIN	CNA
Cb5	NACA	GAIN	CNA
Cb5	NAB2	GAIN	CNA
Cb5	STAT6	GAIN	CNA
Cb5	SH2B3	GAIN	CNA
Cb5	HNF1A	GAIN	CNA
Cb5	SETD1B	GAIN	CNA
Cb5	BCL7A	GAIN	CNA
Cb5	CLIP1	GAIN	CNA
Cb5	ZCCHC8	GAIN	CNA
Cb5	GTF2H3	GAIN	CNA
Cb5	NCOR2	GAIN	CNA
Cb5	PPP4R4	GAIN	CNA
Cb5	SERPINA1	GAIN	CNA
Cb5	DICER1	GAIN	CNA
Cb5	BCL11B	GAIN	CNA
Cb5	HSP90AA1	GAIN	CNA
Cb5	TRAF3	GAIN	CNA
Cb5	XRCC3	GAIN	CNA
Cb5	AKT1	GAIN	CNA
Cb5	FAN1	GAIN	CNA
Cb5	BUB1B	GAIN	CNA
Cb5	KNSTRN	GAIN	CNA
Cb5	CASC5	GAIN	CNA
Cb5	RAD51	GAIN	CNA
Cb5	MGA	GAIN	CNA
Cb5	PIF1	GAIN	CNA
Cb5	MAP2K1	GAIN	CNA
Cb5	PML	GAIN	CNA
Cb5	FANCI	GAIN	CNA
Cb5	POLG	GAIN	CNA
Cb5	MPG	GAIN	CNA
Cb5	AXIN1	GAIN	CNA
Cb5	TELO2	GAIN	CNA
Cb5	EME2	GAIN	CNA
Cb5	NTHL1	GAIN	CNA
Cb5	TSC2	GAIN	CNA
Cb5	TRAF7	GAIN	CNA
Cb5	TCEB2	GAIN	CNA
Cb5	SLX4	GAIN	CNA
Cb5	CREBBP	GAIN	CNA
Cb5	CIITA	GAIN	CNA
Cb5	RMI2	GAIN	CNA
Cb5	SOCS1	GAIN	CNA
Cb5	TNFRSF17	GAIN	CNA
Cb5	NSMCE1	GAIN	CNA
Cb5	IL21R	GAIN	CNA
Cb5	NFATC2IP	GAIN	CNA
Cb5	SLX1B	GAIN	CNA
Cb5	PPP4C	GAIN	CNA
Cb5	SLX1A	GAIN	CNA
Cb5	FUS	GAIN	CNA
Cb5	YWHAE	GAIN	CNA
Cb5	RPA1	GAIN	CNA
Cb5	USP6	GAIN	CNA
Cb5	RABEP1	GAIN	CNA
Cb5	GPS2	GAIN	CNA
Cb5	POLR2A	GAIN	CNA
Cb5	TP53	GAIN	CNA
Cb5	CHD3	GAIN	CNA
Cb5	PER1	GAIN	CNA
Cb5	GAS7	GAIN	CNA
Cb5	FLCN	GAIN	CNA
Cb5	TOP3A	GAIN	CNA
Cb5	MLLT6	GAIN	CNA
Cb5	CCR7	GAIN	CNA
Cb5	SMARCE1	GAIN	CNA
Cb5	STAT5B	GAIN	CNA
Cb5	ETV4	GAIN	CNA
Cb5	KANSL1	GAIN	CNA
Cb5	CDC27	GAIN	CNA
Cb5	SPOP	GAIN	CNA
Cb5	KAT7	GAIN	CNA
Cb5	TRIM37	GAIN	CNA
Cb5	CLTC	GAIN	CNA
Cb5	AXIN2	GAIN	CNA
Cb5	RECQL5	GAIN	CNA
Cb5	H3F3B	GAIN	CNA
Cb5	SRSF2	GAIN	CNA
Cb5	SEPT9	GAIN	CNA
Cb5	CANT1	GAIN	CNA
Cb5	RNF213	GAIN	CNA
Cb5	ENDOV	GAIN	CNA
Cb5	C17orf70	GAIN	CNA
Cb5	ASPSCR1	GAIN	CNA
Cb5	STRA13	GAIN	CNA
Cb5	ZNF750	GAIN	CNA
Cb5	RBBP8	HOMDEL	CNA
Cb5	FSTL3	GAIN	CNA
Cb5	ELANE	GAIN	CNA
Cb5	POLR2E	GAIN	CNA
Cb5	STK11	GAIN	CNA
Cb5	TCF3	GAIN	CNA
Cb5	GNA11	GAIN	CNA
Cb5	MAP2K2	GAIN	CNA
Cb5	SH3GL1	GAIN	CNA
Cb5	CHAF1A	GAIN	CNA
Cb5	MLLT1	GAIN	CNA
Cb5	VAV1	GAIN	CNA
Cb5	XAB2	GAIN	CNA
Cb5	CD209	GAIN	CNA
Cb5	MUC16	GAIN	CNA
Cb5	KEAP1	GAIN	CNA
Cb5	DNM2	GAIN	CNA
Cb5	SMARCA4	GAIN	CNA
Cb5	CALR	GAIN	CNA
Cb5	RAD23A	GAIN	CNA
Cb5	LYL1	GAIN	CNA
Cb5	PRKACA	GAIN	CNA
Cb5	DNAJB1	GAIN	CNA
Cb5	BRD4	GAIN	CNA
Cb5	TPM4	GAIN	CNA
Cb5	JAK3	GAIN	CNA
Cb5	PIK3R2	GAIN	CNA
Cb5	PIK3R2	GAIN	CNA
Cb5	ELL	GAIN	CNA
Cb5	CRTC1	GAIN	CNA
Cb5	CEP89	GAIN	CNA
Cb5	C19orf40	GAIN	CNA
Cb5	CEBPA	GAIN	CNA
Cb5	AKT2	GAIN	CNA
Cb5	CD79A	GAIN	CNA
Cb5	BCL3	GAIN	CNA
Cb5	CBLC	GAIN	CNA
Cb5	ERCC2	GAIN	CNA
Cb5	ERCC1	GAIN	CNA
Cb5	ARHGAP35	GAIN	CNA
Cb5	LIG1	GAIN	CNA
Cb5	BAX	GAIN	CNA
Cb5	BCL2L12	GAIN	CNA
Cb5	PNKP	GAIN	CNA
Cb5	POLD1	GAIN	CNA
Cb5	KLK2	GAIN	CNA
Cb5	PPP2R1A	GAIN	CNA
Cb5	ZNF331	GAIN	CNA
Cb5	TFPT	GAIN	CNA
Cb5	CNOT3	GAIN	CNA
Cb5	PPP6R1	GAIN	CNA
Cb5	CSNK2A1	GAIN	CNA
Cb5	PCNA	GAIN	CNA
Cb5	SRC	GAIN	CNA
Cb5	SDC4	GAIN	CNA
Cb5	NFATC2	GAIN	CNA
Cb5	SALL4	GAIN	CNA
Cb5	PTK6	GAIN	CNA
Cb5	SEPT5	GAIN	CNA
Cb5	DGCR8	GAIN	CNA
Cb5	LZTR1	GAIN	CNA
Cb5	BCR	GAIN	CNA
Cb5	SMARCB1	GAIN	CNA
Cb5	CHEK2	GAIN	CNA
Cb5	ZNRF3	GAIN	CNA
Cb5	EWSR1	GAIN	CNA
Cb5	ISX	GAIN	CNA
Cb5	MYH9	GAIN	CNA
Cb5	POLR2F	GAIN	CNA
Cb5	DMC1	GAIN	CNA
Cb5	APOBEC3B	GAIN	CNA
Cb5	PDGFB	GAIN	CNA
Cb5	RBX1	GAIN	CNA
Cb5	EP300	GAIN	CNA
Cb5	ARFGAP3	GAIN	CNA
Cb5	PPP6R2	GAIN	CNA
Cb5	CRLF2	GAIN	CNA
Cb5	P2RY8	GAIN	CNA
Cb5	WAS	GAIN	CNA
Cb5	GATA1	GAIN	CNA
Cb5	TFE3	GAIN	CNA
Cb5	AMER1	HOMDEL	CNA
Cb5	FLNA	GAIN	CNA
Cb5	RPL10	GAIN	CNA
Cb5	CRLF2	HOMDEL	CNA
Cb5	P2RY8	HOMDEL	CNA
C21	GTF2H2	HETLOSS	CNA
C21	WHSC1L1	GAIN	CNA
C21	FGFR1	GAIN	CNA
C21	KAT6A	GAIN	CNA
C21	IKBKB	AMP	CNA
C21	POLB	AMP	CNA
C21	TCEA1	GAIN	CNA
C21	PLAG1	GAIN	CNA
C21	CHCHD7	GAIN	CNA
C21	RAD21	GAIN	CNA
C21	EXT1	AMP	CNA
C21	MYC	GAIN	CNA
C21	RBBP8	HOMDEL	CNA
C21	AMER1	HOMDEL	CNA
C21	CRLF2	HOMDEL	CNA
C21	P2RY8	HOMDEL	CNA
C17	RUNX3	AMP	CNA
C17	JAK1	GAIN	CNA
C17	TRIM33	GAIN	CNA
C17	NRAS	GAIN	CNA
C17	CSDE1	GAIN	CNA
C17	ATP1A1	GAIN	CNA
C17	FAM46C	GAIN	CNA
C17	NOTCH2	GAIN	CNA
C17	NFE2L2	GAIN	CNA
C17	PARP3	HETLOSS	CNA
C17	BAP1	HETLOSS	CNA
C17	PBRM1	HETLOSS	CNA
C17	MITF	HETLOSS	CNA
C17	TFRC	GAIN	CNA
C17	RNF168	GAIN	CNA
C17	GTF2H2	HETLOSS	CNA
C17	BMP5	GAIN	CNA
C17	POLM	HETLOSS	CNA
C17	POLD2	HETLOSS	CNA
C17	HUS1	HETLOSS	CNA
C17	IKZF1	HETLOSS	CNA
C17	EGFR	AMP	CNA
C17	PRSS1	GAIN	CNA
C17	NEIL2	HETLOSS	CNA
C17	DLC1	HETLOSS	CNA
C17	MSR1	HETLOSS	CNA
C17	PDGFRL	HETLOSS	CNA
C17	PCM1	HETLOSS	CNA
C17	LZTS1	HETLOSS	CNA
C17	LEPROTL1	HETLOSS	CNA
C17	WRN	HETLOSS	CNA
C17	NRG1	HETLOSS	CNA
C17	WHSC1L1	AMP	CNA
C17	FGFR1	AMP	CNA
C17	ANK1	HETLOSS	CNA
C17	KAT6A	HETLOSS	CNA
C17	IKBKB	HETLOSS	CNA
C17	POLB	HETLOSS	CNA
C17	HOOK3	HETLOSS	CNA
C17	PRKDC	GAIN	CNA
C17	TCEA1	HETLOSS	CNA
C17	PLAG1	HETLOSS	CNA
C17	CHCHD7	HETLOSS	CNA
C17	PREX2	HETLOSS	CNA
C17	NCOA2	HETLOSS	CNA
C17	RUNX1T1	GAIN	CNA
C17	RRM2B	GAIN	CNA
C17	UBR5	GAIN	CNA
C17	NSMCE2	GAIN	CNA
C17	MYC	AMP	CNA
C17	NDRG1	GAIN	CNA
C17	MTAP	HETLOSS	CNA
C17	CDKN2A	HETLOSS	CNA
C17	CDKN2B	HETLOSS	CNA
C17	PAX5	GAIN	CNA
C17	PPP6R3	GAIN	CNA
C17	CCND1	AMP	CNA
C17	ETV6	HETLOSS	CNA
C17	CDKN1B	HETLOSS	CNA
C17	RECQL	HETLOSS	CNA
C17	ETNK1	HETLOSS	CNA
C17	KRAS	GAIN	CNA
C17	PPFIBP1	GAIN	CNA
C17	ARID2	GAIN	CNA
C17	GLI1	GAIN	CNA
C17	DDIT3	GAIN	CNA
C17	CDK4	GAIN	CNA
C17	LRIG3	GAIN	CNA
C17	WIF1	GAIN	CNA
C17	HMGA2	GAIN	CNA
C17	MDM2	GAIN	CNA
C17	PTPRB	GAIN	CNA
C17	NAP1L1	GAIN	CNA
C17	SIX1	GAIN	CNA
C17	MNAT1	GAIN	CNA
C17	GNA13	GAIN	CNA
C17	AXIN2	GAIN	CNA
C17	PRKAR1A	GAIN	CNA
C17	SOX9	GAIN	CNA
C17	RNF213	GAIN	CNA
C17	ENDOV	GAIN	CNA
C17	RBBP8	HETLOSS	CNA
C17	TPM4	GAIN	CNA
C17	JAK3	GAIN	CNA
C17	PCNA	GAIN	CNA
C17	CRNKL1	GAIN	CNA
C17	FOXA2	GAIN	CNA
C17	OLIG2	GAIN	CNA
C17	ITSN1	GAIN	CNA
C17	AMER1	HETLOSS	CNA
C17	CRLF2	HOMDEL	CNA
C17	P2RY8	HOMDEL	CNA
C15	HUS1	AMP	CNA
C15	EGFR	AMP	CNA
C15	RUNX1T1	GAIN	CNA
C15	POLR2K	GAIN	CNA
C15	PABPC1	GAIN	CNA
C15	NSMCE2	GAIN	CNA
C15	MYC	GAIN	CNA
C15	FAM135B	GAIN	CNA
C15	CCND1	GAIN	CNA
C15	KDM5A	GAIN	CNA
C15	RAD52	GAIN	CNA
C15	PPFIBP1	GAIN	CNA
C15	PRPF40B	GAIN	CNA
C15	GLI1	GAIN	CNA
C15	DDIT3	GAIN	CNA
C15	USP44	GAIN	CNA
C15	RBBP8	HETLOSS	CNA
C15	MAP2K2	HETLOSS	CNA
C15	SH3GL1	HETLOSS	CNA
C15	CHAF1A	HETLOSS	CNA
C15	MLLT1	HETLOSS	CNA
C15	CALR	GAIN	CNA
C15	RAD23A	GAIN	CNA
C15	LYL1	GAIN	CNA
C15	PRKACA	GAIN	CNA
C15	SRC	GAIN	CNA
C15	MAFB	GAIN	CNA
C15	TOP1	GAIN	CNA
C15	PLCG1	GAIN	CNA
C15	NFATC2	GAIN	CNA
C15	SALL4	GAIN	CNA
C15	SPO11	GAIN	CNA
C15	GNAS	GAIN	CNA
C15	CRLF2	HETLOSS	CNA
C15	P2RY8	HETLOSS	CNA
C15	RBM10	HETLOSS	CNA
C15	ARAF	HETLOSS	CNA
C15	SSX1	HETLOSS	CNA
C15	SSX4	HETLOSS	CNA
C15	WAS	HETLOSS	CNA
C15	GATA1	HETLOSS	CNA
C15	TFE3	HETLOSS	CNA
C15	APEX2	HETLOSS	CNA
C15	AMER1	HOMDEL	CNA
C15	CRLF2	HOMDEL	CNA
C15	P2RY8	HOMDEL	CNA
1WNRWL	CASP9	HETLOSS	CNA
1WNRWL	SPEN	HETLOSS	CNA
1WNRWL	EPHA2	HETLOSS	CNA
1WNRWL	SDHB	HETLOSS	CNA
1WNRWL	ARHGEF10L	HETLOSS	CNA
1WNRWL	ID3	HETLOSS	CNA
1WNRWL	MDS2	HETLOSS	CNA
1WNRWL	TCEB3	HETLOSS	CNA
1WNRWL	RUNX3	HETLOSS	CNA
1WNRWL	ARID1A	HETLOSS	CNA
1WNRWL	RPA2	HETLOSS	CNA
1WNRWL	EYA3	HETLOSS	CNA
1WNRWL	THRAP3	HETLOSS	CNA
1WNRWL	CSF3R	HETLOSS	CNA
1WNRWL	SF3A3	HETLOSS	CNA
1WNRWL	UROD	HETLOSS	CNA
1WNRWL	MUTYH	HETLOSS	CNA
1WNRWL	RAD54L	HETLOSS	CNA
1WNRWL	TAL1	HETLOSS	CNA
1WNRWL	STIL	HETLOSS	CNA
1WNRWL	HFM1	HETLOSS	CNA
1WNRWL	TRIM33	HETLOSS	CNA
1WNRWL	NRAS	HETLOSS	CNA
1WNRWL	BCL9	GAIN	CNA
1WNRWL	ARNT	GAIN	CNA
1WNRWL	MLLT11	GAIN	CNA
1WNRWL	S100A7	GAIN	CNA
1WNRWL	TPM3	GAIN	CNA
1WNRWL	MUC1	GAIN	CNA
1WNRWL	GBA	GAIN	CNA
1WNRWL	LMNA	GAIN	CNA
1WNRWL	PRCC	GAIN	CNA
1WNRWL	NTRK1	GAIN	CNA
1WNRWL	FCRL4	GAIN	CNA
1WNRWL	SDHC	GAIN	CNA
1WNRWL	FCGR2B	GAIN	CNA
1WNRWL	DDR2	GAIN	CNA
1WNRWL	PBX1	GAIN	CNA
1WNRWL	EPAS1	GAIN	CNA
1WNRWL	ANKRD44	GAIN	CNA
1WNRWL	SF3B1	GAIN	CNA
1WNRWL	CASP10	GAIN	CNA
1WNRWL	CASP8	GAIN	CNA
1WNRWL	BMPR2	HETLOSS	CNA
1WNRWL	CD28	HETLOSS	CNA
1WNRWL	CREB1	HETLOSS	CNA
1WNRWL	IDH1	HETLOSS	CNA
1WNRWL	ERBB4	HETLOSS	CNA
1WNRWL	BARD1	HETLOSS	CNA
1WNRWL	ATIC	HETLOSS	CNA
1WNRWL	FN1	HETLOSS	CNA
1WNRWL	XRCC5	HETLOSS	CNA
1WNRWL	FEV	HETLOSS	CNA
1WNRWL	NHEJ1	HETLOSS	CNA
1WNRWL	PAX3	HETLOSS	CNA
1WNRWL	ACSL3	HETLOSS	CNA
1WNRWL	CUL3	HETLOSS	CNA
1WNRWL	CRBN	HETLOSS	CNA
1WNRWL	SETMAR	HETLOSS	CNA
1WNRWL	RAD18	HETLOSS	CNA
1WNRWL	SRGAP3	HETLOSS	CNA
1WNRWL	OGG1	HETLOSS	CNA
1WNRWL	FANCD2	HETLOSS	CNA
1WNRWL	VHL	HETLOSS	CNA
1WNRWL	PPARG	HETLOSS	CNA
1WNRWL	RAF1	HETLOSS	CNA
1WNRWL	FBLN2	HETLOSS	CNA
1WNRWL	XPC	HETLOSS	CNA
1WNRWL	ANKRD28	HETLOSS	CNA
1WNRWL	TGFBR2	HETLOSS	CNA
1WNRWL	CCR4	HETLOSS	CNA
1WNRWL	CLASP2	HETLOSS	CNA
1WNRWL	MLH1	HETLOSS	CNA
1WNRWL	MYD88	HETLOSS	CNA
1WNRWL	WDR48	HETLOSS	CNA
1WNRWL	CTNNB1	HETLOSS	CNA
1WNRWL	SETD2	HETLOSS	CNA
1WNRWL	TREX1	HETLOSS	CNA
1WNRWL	COL7A1	HETLOSS	CNA
1WNRWL	NCKIPSD	HETLOSS	CNA
1WNRWL	RHOA	HETLOSS	CNA
1WNRWL	RBM5	HETLOSS	CNA
1WNRWL	PARP3	HETLOSS	CNA
1WNRWL	BAP1	HETLOSS	CNA
1WNRWL	PBRM1	HETLOSS	CNA
1WNRWL	CACNA1D	HETLOSS	CNA
1WNRWL	FHIT	HETLOSS	CNA
1WNRWL	MITF	HETLOSS	CNA
1WNRWL	FOXP1	HETLOSS	CNA
1WNRWL	PPP4R2	HETLOSS	CNA
1WNRWL	ROBO2	HETLOSS	CNA
1WNRWL	EPHA3	GAIN	CNA
1WNRWL	TFG	GAIN	CNA
1WNRWL	POLQ	GAIN	CNA
1WNRWL	STAG1	GAIN	CNA
1WNRWL	RASA2	GAIN	CNA
1WNRWL	TFDP2	GAIN	CNA
1WNRWL	HLTF	GAIN	CNA
1WNRWL	WWTR1	GAIN	CNA
1WNRWL	GMPS	GAIN	CNA
1WNRWL	MLF1	GAIN	CNA
1WNRWL	MECOM	GAIN	CNA
1WNRWL	TBL1XR1	GAIN	CNA
1WNRWL	PIK3CA	GAIN	CNA
1WNRWL	FXR1	GAIN	CNA
1WNRWL	SOX2	GAIN	CNA
1WNRWL	POLR2H	GAIN	CNA
1WNRWL	MAP3K13	GAIN	CNA
1WNRWL	IGF2BP2	GAIN	CNA
1WNRWL	ETV5	GAIN	CNA
1WNRWL	EIF4A2	GAIN	CNA
1WNRWL	RFC4	GAIN	CNA
1WNRWL	BCL6	GAIN	CNA
1WNRWL	LPP	GAIN	CNA
1WNRWL	TP63	GAIN	CNA
1WNRWL	MB21D2	GAIN	CNA
1WNRWL	HES1	GAIN	CNA
1WNRWL	MUC20	GAIN	CNA
1WNRWL	MUC4	GAIN	CNA
1WNRWL	TFRC	GAIN	CNA
1WNRWL	RNF168	GAIN	CNA
1WNRWL	UVSSA	HETLOSS	CNA
1WNRWL	FGFR3	HETLOSS	CNA
1WNRWL	WHSC1	HETLOSS	CNA
1WNRWL	POLN	HETLOSS	CNA
1WNRWL	RNF4	HETLOSS	CNA
1WNRWL	TEC	GAIN	CNA
1WNRWL	FIP1L1	GAIN	CNA
1WNRWL	CHIC2	GAIN	CNA
1WNRWL	PDGFRA	GAIN	CNA
1WNRWL	KIT	GAIN	CNA
1WNRWL	KDR	GAIN	CNA
1WNRWL	CLOCK	GAIN	CNA
1WNRWL	POLR2B	GAIN	CNA
1WNRWL	DEPDC1B	HETLOSS	CNA
1WNRWL	ERCC8	HETLOSS	CNA
1WNRWL	ERBB2IP	HETLOSS	CNA
1WNRWL	CDK7	HOMDEL	CNA
1WNRWL	RAD17	HOMDEL	CNA
1WNRWL	GTF2H2	HOMDEL	CNA
1WNRWL	MSH3	HETLOSS	CNA
1WNRWL	XRCC4	HETLOSS	CNA
1WNRWL	RASA1	HETLOSS	CNA
1WNRWL	CCNH	HETLOSS	CNA
1WNRWL	CSNK1G3	HETLOSS	CNA
1WNRWL	ACSL6	HETLOSS	CNA
1WNRWL	IRF1	HETLOSS	CNA
1WNRWL	RAD50	HETLOSS	CNA
1WNRWL	AFF4	HETLOSS	CNA
1WNRWL	UBE2B	HETLOSS	CNA
1WNRWL	HDAC3	HETLOSS	CNA
1WNRWL	ARAP3	HETLOSS	CNA
1WNRWL	ARHGAP26	HETLOSS	CNA
1WNRWL	CSF1R	HETLOSS	CNA
1WNRWL	PDGFRB	HETLOSS	CNA
1WNRWL	CD74	HETLOSS	CNA
1WNRWL	ITK	HETLOSS	CNA
1WNRWL	EBF1	HETLOSS	CNA
1WNRWL	PWWP2A	HETLOSS	CNA
1WNRWL	TLX3	HETLOSS	CNA
1WNRWL	NPM1	HETLOSS	CNA
1WNRWL	UIMC1	HETLOSS	CNA
1WNRWL	FGFR4	HETLOSS	CNA
1WNRWL	NSD1	HETLOSS	CNA
1WNRWL	NHP2	HETLOSS	CNA
1WNRWL	FLT4	HETLOSS	CNA
1WNRWL	MDC1	GAIN	CNA
1WNRWL	GTF2H4	GAIN	CNA
1WNRWL	PRDM1	HETLOSS	CNA
1WNRWL	ROS1	HETLOSS	CNA
1WNRWL	GOPC	HETLOSS	CNA
1WNRWL	RSPO3	HETLOSS	CNA
1WNRWL	MED23	HETLOSS	CNA
1WNRWL	TNFAIP3	HETLOSS	CNA
1WNRWL	GTF2H5	HETLOSS	CNA
1WNRWL	IGF2R	HETLOSS	CNA
1WNRWL	FGFR1OP	HETLOSS	CNA
1WNRWL	EGFR	AMP	CNA
1WNRWL	SBDS	HETLOSS	CNA
1WNRWL	ELN	HETLOSS	CNA
1WNRWL	RFC2	HETLOSS	CNA
1WNRWL	PMS2P3	HETLOSS	CNA
1WNRWL	HIP1	HETLOSS	CNA
1WNRWL	PTPN12	HETLOSS	CNA
1WNRWL	ARHGEF10	HETLOSS	CNA
1WNRWL	NEIL2	HETLOSS	CNA
1WNRWL	DLC1	HETLOSS	CNA
1WNRWL	MSR1	HETLOSS	CNA
1WNRWL	PDGFRL	HETLOSS	CNA
1WNRWL	PCM1	HETLOSS	CNA
1WNRWL	LZTS1	HETLOSS	CNA
1WNRWL	LEPROTL1	HETLOSS	CNA
1WNRWL	WRN	HETLOSS	CNA
1WNRWL	NRG1	HETLOSS	CNA
1WNRWL	RUNX1T1	GAIN	CNA
1WNRWL	CDH17	GAIN	CNA
1WNRWL	RAD54B	GAIN	CNA
1WNRWL	DOCK8	HETLOSS	CNA
1WNRWL	JAK2	HETLOSS	CNA
1WNRWL	CD274	HETLOSS	CNA
1WNRWL	PDCD1LG2	HETLOSS	CNA
1WNRWL	PTPRD	HETLOSS	CNA
1WNRWL	NFIB	HETLOSS	CNA
1WNRWL	PSIP1	HETLOSS	CNA
1WNRWL	MLLT3	HETLOSS	CNA
1WNRWL	MTAP	HETLOSS	CNA
1WNRWL	CDKN2A	HETLOSS	CNA
1WNRWL	CDKN2B	HETLOSS	CNA
1WNRWL	RMRP	HETLOSS	CNA
1WNRWL	PAX5	HETLOSS	CNA
1WNRWL	HRAS	HETLOSS	CNA
1WNRWL	POLR2L	HETLOSS	CNA
1WNRWL	CDKN1C	HETLOSS	CNA
1WNRWL	SLC22A18	HETLOSS	CNA
1WNRWL	CARS	HETLOSS	CNA
1WNRWL	ARNTL	HETLOSS	CNA
1WNRWL	MYOD1	HETLOSS	CNA
1WNRWL	GTF2H1	HETLOSS	CNA
1WNRWL	LDHA	HETLOSS	CNA
1WNRWL	FANCF	HETLOSS	CNA
1WNRWL	WT1	HETLOSS	CNA
1WNRWL	ALKBH3	HETLOSS	CNA
1WNRWL	EXT2	HETLOSS	CNA
1WNRWL	DDB1	HETLOSS	CNA
1WNRWL	SDHAF2	HETLOSS	CNA
1WNRWL	FEN1	HETLOSS	CNA
1WNRWL	POLR2G	HETLOSS	CNA
1WNRWL	NXF1	HETLOSS	CNA
1WNRWL	STIP1	HETLOSS	CNA
1WNRWL	MEN1	HETLOSS	CNA
1WNRWL	MALAT1	HETLOSS	CNA
1WNRWL	KAT5	HETLOSS	CNA
1WNRWL	MUS81	HETLOSS	CNA
1WNRWL	POLD4	HETLOSS	CNA
1WNRWL	PPP6R3	HETLOSS	CNA
1WNRWL	CCND1	AMP	CNA
1WNRWL	NUMA1	GAIN	CNA
1WNRWL	INPPL1	GAIN	CNA
1WNRWL	PICALM	GAIN	CNA
1WNRWL	EED	GAIN	CNA
1WNRWL	FAT3	HETLOSS	CNA
1WNRWL	MRE11A	HETLOSS	CNA
1WNRWL	MAML2	HETLOSS	CNA
1WNRWL	BIRC3	HETLOSS	CNA
1WNRWL	CASP1	HETLOSS	CNA
1WNRWL	CUL5	HETLOSS	CNA
1WNRWL	ATM	HETLOSS	CNA
1WNRWL	DDX10	HETLOSS	CNA
1WNRWL	POU2AF1	HETLOSS	CNA
1WNRWL	SDHD	HETLOSS	CNA
1WNRWL	SDHD	HETLOSS	CNA
1WNRWL	ZBTB16	HETLOSS	CNA
1WNRWL	PAFAH1B2	HETLOSS	CNA
1WNRWL	KMT2A	HETLOSS	CNA
1WNRWL	DDX6	HETLOSS	CNA
1WNRWL	BCL9L	HETLOSS	CNA
1WNRWL	FOXR1	HETLOSS	CNA
1WNRWL	HMBS	HETLOSS	CNA
1WNRWL	H2AFX	HETLOSS	CNA
1WNRWL	CBL	HETLOSS	CNA
1WNRWL	ARHGEF12	HETLOSS	CNA
1WNRWL	FLI1	HETLOSS	CNA
1WNRWL	KCNJ5	HETLOSS	CNA
1WNRWL	OPCML	HETLOSS	CNA
1WNRWL	ARID2	GAIN	CNA
1WNRWL	NDNL2	HETLOSS	CNA
1WNRWL	TJP1	HETLOSS	CNA
1WNRWL	FAN1	HETLOSS	CNA
1WNRWL	KNSTRN	HETLOSS	CNA
1WNRWL	CASC5	HETLOSS	CNA
1WNRWL	RAD51	HETLOSS	CNA
1WNRWL	MGA	HETLOSS	CNA
1WNRWL	B2M	HETLOSS	CNA
1WNRWL	COPS2	HETLOSS	CNA
1WNRWL	USP8	HETLOSS	CNA
1WNRWL	YWHAE	HETLOSS	CNA
1WNRWL	RPA1	HETLOSS	CNA
1WNRWL	USP6	HETLOSS	CNA
1WNRWL	RABEP1	HETLOSS	CNA
1WNRWL	GPS2	HETLOSS	CNA
1WNRWL	POLR2A	HETLOSS	CNA
1WNRWL	TP53	HETLOSS	CNA
1WNRWL	CHD3	HETLOSS	CNA
1WNRWL	PER1	HETLOSS	CNA
1WNRWL	GAS7	HETLOSS	CNA
1WNRWL	MAP2K4	HETLOSS	CNA
1WNRWL	NCOR1	HETLOSS	CNA
1WNRWL	FLCN	HETLOSS	CNA
1WNRWL	TOP3A	HETLOSS	CNA
1WNRWL	SPECC1	HETLOSS	CNA
1WNRWL	SETBP1	HETLOSS	CNA
1WNRWL	DCC	HETLOSS	CNA
1WNRWL	POLI	HETLOSS	CNA
1WNRWL	FSTL3	HETLOSS	CNA
1WNRWL	ELANE	HETLOSS	CNA
1WNRWL	POLR2E	HETLOSS	CNA
1WNRWL	STK11	HETLOSS	CNA
1WNRWL	TCF3	HETLOSS	CNA
1WNRWL	DNAJB1	GAIN	CNA
1WNRWL	BRD4	GAIN	CNA
1WNRWL	JAK3	HETLOSS	CNA
1WNRWL	PIK3R2	GAIN	CNA
1WNRWL	PIK3R2	GAIN	CNA
1WNRWL	ELL	GAIN	CNA
1WNRWL	CRTC1	HETLOSS	CNA
1WNRWL	CCNE1	GAIN	CNA
1WNRWL	CEP89	GAIN	CNA
1WNRWL	C19orf40	GAIN	CNA
1WNRWL	CEBPA	GAIN	CNA
1WNRWL	LSM14A	GAIN	CNA
1WNRWL	POLR2I	GAIN	CNA
1WNRWL	AKT2	GAIN	CNA
1WNRWL	CIC	GAIN	CNA
1WNRWL	XRCC1	GAIN	CNA
1WNRWL	ARHGAP35	HETLOSS	CNA
1WNRWL	LIG1	HETLOSS	CNA
1WNRWL	BAX	HETLOSS	CNA
1WNRWL	BCL2L12	HETLOSS	CNA
1WNRWL	PNKP	HETLOSS	CNA
1WNRWL	POLD1	HETLOSS	CNA
1WNRWL	KLK2	HETLOSS	CNA
1WNRWL	PPP2R1A	HETLOSS	CNA
1WNRWL	ZNF331	HETLOSS	CNA
1WNRWL	TFPT	HETLOSS	CNA
1WNRWL	CNOT3	HETLOSS	CNA
1WNRWL	PPP6R1	HETLOSS	CNA
1WNRWL	OLIG2	HETLOSS	CNA
1WNRWL	ITSN1	HETLOSS	CNA
1WNRWL	TMPRSS2	HETLOSS	CNA
1WNRWL	U2AF1	HETLOSS	CNA
1WNRWL	CRLF2	HETLOSS	CNA
1WNRWL	P2RY8	HOMDEL	CNA
1WNRWL	TMSB4X	HOMDEL	CNA
1WNRWL	FANCB	HOMDEL	CNA
1WNRWL	ZRSR2	HOMDEL	CNA
1WNRWL	EIF1AX	HOMDEL	CNA
1WNRWL	FAM47C	HOMDEL	CNA
1WNRWL	RPGR	HETLOSS	CNA
1WNRWL	BCOR	HETLOSS	CNA
1WNRWL	ATP6AP2	HETLOSS	CNA
1WNRWL	DDX3X	HETLOSS	CNA
1WNRWL	KDM6A	HOMDEL	CNA
1WNRWL	RBM10	HOMDEL	CNA
1WNRWL	ARAF	HOMDEL	CNA
1WNRWL	SSX1	HOMDEL	CNA
1WNRWL	SSX4	HETLOSS	CNA
1WNRWL	WAS	HETLOSS	CNA
1WNRWL	GATA1	HETLOSS	CNA
1WNRWL	TFE3	HETLOSS	CNA
1WNRWL	SSX2	HETLOSS	CNA
1WNRWL	KDM5C	HETLOSS	CNA
1WNRWL	SMC1A	HETLOSS	CNA
1WNRWL	APEX2	HETLOSS	CNA
1WNRWL	AMER1	HOMDEL	CNA
1WNRWL	MSN	HETLOSS	CNA
1WNRWL	AR	HETLOSS	CNA
1WNRWL	FOXO4	HETLOSS	CNA
1WNRWL	MED12	HETLOSS	CNA
1WNRWL	ZMYM3	HETLOSS	CNA
1WNRWL	NONO	HETLOSS	CNA
1WNRWL	ATRX	HETLOSS	CNA
1WNRWL	BTK	HETLOSS	CNA
1WNRWL	IRS4	HETLOSS	CNA
1WNRWL	UBE2A	HETLOSS	CNA
1WNRWL	SEPT6	HETLOSS	CNA
1WNRWL	UPF3B	HETLOSS	CNA
1WNRWL	STAG2	HETLOSS	CNA
1WNRWL	DCAF12L2	HETLOSS	CNA
1WNRWL	SMARCA1	HETLOSS	CNA
1WNRWL	BCORL1	HETLOSS	CNA
1WNRWL	ELF4	HETLOSS	CNA
1WNRWL	GPC3	HETLOSS	CNA
1WNRWL	PHF6	HETLOSS	CNA
1WNRWL	ARHGEF6	HETLOSS	CNA
1WNRWL	FMR1	HOMDEL	CNA
1WNRWL	CETN2	HOMDEL	CNA
1WNRWL	TREX2	HOMDEL	CNA
1WNRWL	ATP2B3	HOMDEL	CNA
1WNRWL	FLNA	HOMDEL	CNA
1WNRWL	RPL10	HOMDEL	CNA
1WNRWL	MTCP1	HOMDEL	CNA
1WNRWL	CRLF2	HOMDEL	CNA
1WNRWL	P2RY8	HOMDEL	CNA
NODTWC	APLF	GAIN	CNA
NODTWC	PIK3CB	GAIN	CNA
NODTWC	FOXL2	GAIN	CNA
NODTWC	RASA2	GAIN	CNA
NODTWC	TFDP2	GAIN	CNA
NODTWC	XRN1	GAIN	CNA
NODTWC	ATR	GAIN	CNA
NODTWC	HLTF	GAIN	CNA
NODTWC	WWTR1	GAIN	CNA
NODTWC	GMPS	GAIN	CNA
NODTWC	MLF1	GAIN	CNA
NODTWC	MECOM	GAIN	CNA
NODTWC	TBL1XR1	GAIN	CNA
NODTWC	PIK3CA	GAIN	CNA
NODTWC	FXR1	GAIN	CNA
NODTWC	SOX2	GAIN	CNA
NODTWC	POLR2H	GAIN	CNA
NODTWC	MAP3K13	GAIN	CNA
NODTWC	IGF2BP2	GAIN	CNA
NODTWC	ETV5	GAIN	CNA
NODTWC	BCL6	GAIN	CNA
NODTWC	LPP	GAIN	CNA
NODTWC	TP63	GAIN	CNA
NODTWC	MB21D2	GAIN	CNA
NODTWC	HES1	GAIN	CNA
NODTWC	MUC20	GAIN	CNA
NODTWC	MUC4	GAIN	CNA
NODTWC	TFRC	GAIN	CNA
NODTWC	RNF168	GAIN	CNA
NODTWC	SDHA	GAIN	CNA
NODTWC	TERT	GAIN	CNA
NODTWC	CTNND2	AMP	CNA
NODTWC	CDH10	GAIN	CNA
NODTWC	DROSHA	GAIN	CNA
NODTWC	IL7R	AMP	CNA
NODTWC	LIFR	AMP	CNA
NODTWC	GTF2H2	HOMDEL	CNA
NODTWC	CDK6	AMP	CNA
NODTWC	SLC25A13	GAIN	CNA
NODTWC	SHFM1	GAIN	CNA
NODTWC	TRRAP	GAIN	CNA
NODTWC	CUX1	GAIN	CNA
NODTWC	POLR2J	GAIN	CNA
NODTWC	WHSC1L1	GAIN	CNA
NODTWC	FGFR1	GAIN	CNA
NODTWC	ANK1	GAIN	CNA
NODTWC	KAT6A	GAIN	CNA
NODTWC	IKBKB	GAIN	CNA
NODTWC	POLB	GAIN	CNA
NODTWC	HOOK3	GAIN	CNA
NODTWC	NUMA1	GAIN	CNA
NODTWC	INPPL1	GAIN	CNA
NODTWC	POLD3	GAIN	CNA
NODTWC	FUS	GAIN	CNA
NODTWC	RAD51D	GAIN	CNA
NODTWC	SOX9	GAIN	CNA
NODTWC	CRNKL1	GAIN	CNA
NODTWC	ASXL1	GAIN	CNA
NODTWC	TMSB4X	HETLOSS	CNA
NODTWC	FANCB	HETLOSS	CNA
NODTWC	ZRSR2	HETLOSS	CNA
NODTWC	EIF1AX	HETLOSS	CNA
NODTWC	FAM47C	HETLOSS	CNA
NODTWC	RPGR	HETLOSS	CNA
NODTWC	BCOR	HETLOSS	CNA
NODTWC	ATP6AP2	HETLOSS	CNA
NODTWC	DDX3X	HETLOSS	CNA
NODTWC	KDM6A	HETLOSS	CNA
NODTWC	RBM10	HETLOSS	CNA
NODTWC	ARAF	HETLOSS	CNA
NODTWC	SSX1	HETLOSS	CNA
NODTWC	SSX4	HETLOSS	CNA
NODTWC	WAS	HETLOSS	CNA
NODTWC	GATA1	HETLOSS	CNA
NODTWC	TFE3	HETLOSS	CNA
NODTWC	SSX2	HETLOSS	CNA
NODTWC	KDM5C	HETLOSS	CNA
NODTWC	SMC1A	HETLOSS	CNA
NODTWC	APEX2	HETLOSS	CNA
NODTWC	AMER1	HOMDEL	CNA
NODTWC	MSN	HETLOSS	CNA
NODTWC	AR	HETLOSS	CNA
NODTWC	FOXO4	HETLOSS	CNA
NODTWC	MED12	HETLOSS	CNA
NODTWC	ZMYM3	HETLOSS	CNA
NODTWC	NONO	HETLOSS	CNA
NODTWC	ATRX	HETLOSS	CNA
NODTWC	BTK	HETLOSS	CNA
NODTWC	IRS4	HETLOSS	CNA
NODTWC	UBE2A	HETLOSS	CNA
NODTWC	SEPT6	HETLOSS	CNA
NODTWC	UPF3B	HETLOSS	CNA
NODTWC	STAG2	HETLOSS	CNA
NODTWC	DCAF12L2	HETLOSS	CNA
NODTWC	SMARCA1	HETLOSS	CNA
NODTWC	BCORL1	HETLOSS	CNA
NODTWC	ELF4	HETLOSS	CNA
NODTWC	GPC3	HETLOSS	CNA
NODTWC	PHF6	HETLOSS	CNA
NODTWC	ARHGEF6	HETLOSS	CNA
NODTWC	FMR1	HETLOSS	CNA
NODTWC	CETN2	HETLOSS	CNA
NODTWC	TREX2	HETLOSS	CNA
NODTWC	ATP2B3	HETLOSS	CNA
NODTWC	FLNA	HETLOSS	CNA
NODTWC	RPL10	HETLOSS	CNA
NODTWC	MTCP1	HETLOSS	CNA
NODTWC	CRLF2	HOMDEL	CNA
NODTWC	P2RY8	HOMDEL	CNA
1X6495	BRE	GAIN	CNA
1X6495	CRBN	GAIN	CNA
1X6495	HLTF	GAIN	CNA
1X6495	MLF1	GAIN	CNA
1X6495	MECOM	GAIN	CNA
1X6495	TBL1XR1	GAIN	CNA
1X6495	PIK3CA	GAIN	CNA
1X6495	FXR1	GAIN	CNA
1X6495	SOX2	GAIN	CNA
1X6495	POLR2H	GAIN	CNA
1X6495	MAP3K13	GAIN	CNA
1X6495	IGF2BP2	GAIN	CNA
1X6495	ETV5	GAIN	CNA
1X6495	EIF4A2	GAIN	CNA
1X6495	RFC4	GAIN	CNA
1X6495	BCL6	GAIN	CNA
1X6495	LPP	GAIN	CNA
1X6495	TP63	GAIN	CNA
1X6495	MB21D2	GAIN	CNA
1X6495	HES1	GAIN	CNA
1X6495	MUC20	GAIN	CNA
1X6495	MUC4	GAIN	CNA
1X6495	TFRC	GAIN	CNA
1X6495	RNF168	GAIN	CNA
1X6495	FGFR3	HETLOSS	CNA
1X6495	TEC	GAIN	CNA
1X6495	ARHGEF10	HETLOSS	CNA
1X6495	WHSC1L1	AMP	CNA
1X6495	FGFR1	AMP	CNA
1X6495	PREX2	GAIN	CNA
1X6495	NCOA2	GAIN	CNA
1X6495	EYA1	GAIN	CNA
1X6495	TCEB1	GAIN	CNA
1X6495	COX6C	GAIN	CNA
1X6495	POLR2K	GAIN	CNA
1X6495	MTAP	HETLOSS	CNA
1X6495	CDKN2A	HETLOSS	CNA
1X6495	CDKN2B	HETLOSS	CNA
1X6495	BRD3	HETLOSS	CNA
1X6495	CCND1	HETLOSS	CNA
1X6495	CDKN1B	GAIN	CNA
1X6495	AJUBA	GAIN	CNA
1X6495	NFATC4	GAIN	CNA
1X6495	BRD7	HETLOSS	CNA
1X6495	CYLD	HETLOSS	CNA
1X6495	RBBP8	HOMDEL	CNA
1X6495	CEP89	AMP	CNA
1X6495	C19orf40	AMP	CNA
1X6495	CEBPA	AMP	CNA
1X6495	LSM14A	AMP	CNA
1X6495	ASXL1	GAIN	CNA
1X6495	U2AF1	HETLOSS	CNA
1X6495	CRLF2	HETLOSS	CNA
1X6495	P2RY8	HETLOSS	CNA
1X6495	TMSB4X	HOMDEL	CNA
1X6495	FANCB	HOMDEL	CNA
1X6495	ZRSR2	HOMDEL	CNA
1X6495	EIF1AX	HOMDEL	CNA
1X6495	FAM47C	HOMDEL	CNA
1X6495	RPGR	HOMDEL	CNA
1X6495	BCOR	HOMDEL	CNA
1X6495	ATP6AP2	HOMDEL	CNA
1X6495	DDX3X	HOMDEL	CNA
1X6495	KDM6A	HOMDEL	CNA
1X6495	RBM10	HOMDEL	CNA
1X6495	ARAF	HOMDEL	CNA
1X6495	SSX1	HOMDEL	CNA
1X6495	SSX4	HOMDEL	CNA
1X6495	WAS	HOMDEL	CNA
1X6495	GATA1	HOMDEL	CNA
1X6495	TFE3	HOMDEL	CNA
1X6495	SSX2	HOMDEL	CNA
1X6495	KDM5C	HOMDEL	CNA
1X6495	SMC1A	HOMDEL	CNA
1X6495	APEX2	HOMDEL	CNA
1X6495	AMER1	HOMDEL	CNA
1X6495	MSN	HOMDEL	CNA
1X6495	AR	HOMDEL	CNA
1X6495	FOXO4	HOMDEL	CNA
1X6495	MED12	HOMDEL	CNA
1X6495	ZMYM3	HOMDEL	CNA
1X6495	NONO	HOMDEL	CNA
1X6495	ATRX	HOMDEL	CNA
1X6495	BTK	HOMDEL	CNA
1X6495	IRS4	HOMDEL	CNA
1X6495	UBE2A	HOMDEL	CNA
1X6495	SEPT6	HOMDEL	CNA
1X6495	UPF3B	HOMDEL	CNA
1X6495	STAG2	HOMDEL	CNA
1X6495	DCAF12L2	HOMDEL	CNA
1X6495	SMARCA1	HOMDEL	CNA
1X6495	BCORL1	HOMDEL	CNA
1X6495	ELF4	HOMDEL	CNA
1X6495	GPC3	HOMDEL	CNA
1X6495	PHF6	HOMDEL	CNA
1X6495	ARHGEF6	HOMDEL	CNA
1X6495	FMR1	HOMDEL	CNA
1X6495	CETN2	HOMDEL	CNA
1X6495	TREX2	HOMDEL	CNA
1X6495	ATP2B3	HOMDEL	CNA
1X6495	FLNA	HOMDEL	CNA
1X6495	RPL10	HOMDEL	CNA
1X6495	MTCP1	HOMDEL	CNA
1X6495	CRLF2	HOMDEL	CNA
1X6495	P2RY8	HOMDEL	CNA
ZPWF1Q	MUC4	GAIN	CNA
ZPWF1Q	SDHA	GAIN	CNA
ZPWF1Q	TERT	GAIN	CNA
ZPWF1Q	CTNND2	GAIN	CNA
ZPWF1Q	CDH10	GAIN	CNA
ZPWF1Q	DROSHA	GAIN	CNA
ZPWF1Q	IL7R	GAIN	CNA
ZPWF1Q	LIFR	GAIN	CNA
ZPWF1Q	WHSC1L1	GAIN	CNA
ZPWF1Q	FGFR1	GAIN	CNA
ZPWF1Q	BTG1	GAIN	CNA
ZPWF1Q	RFC5	GAIN	CNA
ZPWF1Q	RBBP8	HOMDEL	CNA
ZPWF1Q	ASXL1	GAIN	CNA
ZPWF1Q	AMER1	HOMDEL	CNA
ZPWF1Q	CRLF2	HOMDEL	CNA
ZPWF1Q	P2RY8	HOMDEL	CNA
F57J9F	ITGAV	GAIN	CNA
F57J9F	COL3A1	GAIN	CNA
F57J9F	PMS1	GAIN	CNA
F57J9F	TFDP2	GAIN	CNA
F57J9F	XRN1	GAIN	CNA
F57J9F	ATR	GAIN	CNA
F57J9F	WWTR1	GAIN	CNA
F57J9F	GMPS	GAIN	CNA
F57J9F	MLF1	GAIN	CNA
F57J9F	MECOM	GAIN	CNA
F57J9F	TBL1XR1	GAIN	CNA
F57J9F	PIK3CA	GAIN	CNA
F57J9F	FXR1	GAIN	CNA
F57J9F	SOX2	GAIN	CNA
F57J9F	LIFR	GAIN	CNA
F57J9F	MTAP	HETLOSS	CNA
F57J9F	CDKN2A	HETLOSS	CNA
F57J9F	CDKN2B	HETLOSS	CNA
F57J9F	CCND1	AMP	CNA
F57J9F	CASP1	HETLOSS	CNA
F57J9F	FLI1	HETLOSS	CNA
F57J9F	KCNJ5	HETLOSS	CNA
F57J9F	RBBP8	HETLOSS	CNA
F57J9F	LZTR1	GAIN	CNA
F57J9F	MAPK1	GAIN	CNA
F57J9F	TOP3B	GAIN	CNA
F57J9F	AMER1	HOMDEL	CNA
F57J9F	CRLF2	HOMDEL	CNA
F57J9F	P2RY8	HOMDEL	CNA
1MHY8K	SDHC	GAIN	CNA
1MHY8K	FCGR2B	GAIN	CNA
1MHY8K	DDR2	GAIN	CNA
1MHY8K	TFG	GAIN	CNA
1MHY8K	WWTR1	GAIN	CNA
1MHY8K	MECOM	GAIN	CNA
1MHY8K	CDH10	GAIN	CNA
1MHY8K	IL7R	GAIN	CNA
1MHY8K	LIFR	GAIN	CNA
1MHY8K	GRM3	GAIN	CNA
1MHY8K	AKAP9	GAIN	CNA
1MHY8K	CDK6	GAIN	CNA
1MHY8K	SLC25A13	GAIN	CNA
1MHY8K	SHFM1	GAIN	CNA
1MHY8K	TRRAP	GAIN	CNA
1MHY8K	WHSC1L1	GAIN	CNA
1MHY8K	FGFR1	GAIN	CNA
1MHY8K	ANK1	GAIN	CNA
1MHY8K	KAT6A	GAIN	CNA
1MHY8K	IKBKB	GAIN	CNA
1MHY8K	POLB	GAIN	CNA
1MHY8K	HOOK3	GAIN	CNA
1MHY8K	PRKDC	GAIN	CNA
1MHY8K	UBE2V2	GAIN	CNA
1MHY8K	HRAS	HETLOSS	CNA
1MHY8K	POLR2L	HETLOSS	CNA
1MHY8K	CDKN1C	HETLOSS	CNA
1MHY8K	SLC22A18	HETLOSS	CNA
1MHY8K	CARS	HETLOSS	CNA
1MHY8K	NUP98	HETLOSS	CNA
1MHY8K	LMO1	HETLOSS	CNA
1MHY8K	ALKBH3	HETLOSS	CNA
1MHY8K	EXT2	HETLOSS	CNA
1MHY8K	CREB3L1	HETLOSS	CNA
1MHY8K	DDB2	HETLOSS	CNA
1MHY8K	PTPRJ	HETLOSS	CNA
1MHY8K	BIRC3	HETLOSS	CNA
1MHY8K	ERC1	GAIN	CNA
1MHY8K	CCND2	GAIN	CNA
1MHY8K	CHD4	GAIN	CNA
1MHY8K	ZNF384	GAIN	CNA
1MHY8K	PTPN6	GAIN	CNA
1MHY8K	ETV6	GAIN	CNA
1MHY8K	CDKN1B	GAIN	CNA
1MHY8K	RECQL	GAIN	CNA
1MHY8K	ETNK1	GAIN	CNA
1MHY8K	CCNB1IP1	HETLOSS	CNA
1MHY8K	PARP2	HETLOSS	CNA
1MHY8K	APEX1	HETLOSS	CNA
1MHY8K	CHD8	HETLOSS	CNA
1MHY8K	AJUBA	HETLOSS	CNA
1MHY8K	NFATC4	HETLOSS	CNA
1MHY8K	RBBP8	HOMDEL	CNA
1MHY8K	FSTL3	HETLOSS	CNA
1MHY8K	ELANE	HETLOSS	CNA
1MHY8K	POLR2E	HETLOSS	CNA
1MHY8K	STK11	HETLOSS	CNA
1MHY8K	TCF3	HETLOSS	CNA
1MHY8K	GNA11	HETLOSS	CNA
1MHY8K	MAP2K2	HETLOSS	CNA
1MHY8K	SH3GL1	HETLOSS	CNA
1MHY8K	CHAF1A	HETLOSS	CNA
1MHY8K	MLLT1	HETLOSS	CNA
1MHY8K	VAV1	HETLOSS	CNA
1MHY8K	XAB2	HETLOSS	CNA
1MHY8K	CD209	HETLOSS	CNA
1MHY8K	MUC16	HETLOSS	CNA
1MHY8K	KEAP1	HETLOSS	CNA
1MHY8K	DNM2	HETLOSS	CNA
1MHY8K	SMARCA4	HETLOSS	CNA
1MHY8K	CALR	HETLOSS	CNA
1MHY8K	RAD23A	HETLOSS	CNA
1MHY8K	LYL1	HETLOSS	CNA
1MHY8K	CCNE1	GAIN	CNA
1MHY8K	CEP89	GAIN	CNA
1MHY8K	C19orf40	GAIN	CNA
1MHY8K	CEBPA	GAIN	CNA
1MHY8K	ASXL1	GAIN	CNA
1MHY8K	ERG	HETLOSS	CNA
1MHY8K	TMPRSS2	HETLOSS	CNA
1MHY8K	U2AF1	HETLOSS	CNA
1MHY8K	TMSB4X	HETLOSS	CNA
1MHY8K	FANCB	HETLOSS	CNA
1MHY8K	ZRSR2	HETLOSS	CNA
1MHY8K	EIF1AX	HETLOSS	CNA
1MHY8K	FAM47C	HETLOSS	CNA
1MHY8K	RPGR	HETLOSS	CNA
1MHY8K	BCOR	HETLOSS	CNA
1MHY8K	ATP6AP2	HETLOSS	CNA
1MHY8K	DDX3X	HETLOSS	CNA
1MHY8K	KDM6A	HETLOSS	CNA
1MHY8K	RBM10	HETLOSS	CNA
1MHY8K	ARAF	HETLOSS	CNA
1MHY8K	SSX1	HETLOSS	CNA
1MHY8K	SSX4	HETLOSS	CNA
1MHY8K	WAS	HETLOSS	CNA
1MHY8K	GATA1	HETLOSS	CNA
1MHY8K	TFE3	HETLOSS	CNA
1MHY8K	SSX2	HETLOSS	CNA
1MHY8K	KDM5C	HETLOSS	CNA
1MHY8K	SMC1A	HETLOSS	CNA
1MHY8K	APEX2	HETLOSS	CNA
1MHY8K	AMER1	HOMDEL	CNA
1MHY8K	MSN	HETLOSS	CNA
1MHY8K	AR	HETLOSS	CNA
1MHY8K	FOXO4	HETLOSS	CNA
1MHY8K	MED12	HETLOSS	CNA
1MHY8K	ZMYM3	HETLOSS	CNA
1MHY8K	NONO	HETLOSS	CNA
1MHY8K	ATRX	HETLOSS	CNA
1MHY8K	BTK	HETLOSS	CNA
1MHY8K	IRS4	HETLOSS	CNA
1MHY8K	UBE2A	HETLOSS	CNA
1MHY8K	SEPT6	HETLOSS	CNA
1MHY8K	UPF3B	HETLOSS	CNA
1MHY8K	STAG2	HETLOSS	CNA
1MHY8K	DCAF12L2	HETLOSS	CNA
1MHY8K	SMARCA1	HETLOSS	CNA
1MHY8K	BCORL1	HETLOSS	CNA
1MHY8K	ELF4	HETLOSS	CNA
1MHY8K	GPC3	HETLOSS	CNA
1MHY8K	PHF6	HETLOSS	CNA
1MHY8K	ARHGEF6	HETLOSS	CNA
1MHY8K	FMR1	HETLOSS	CNA
1MHY8K	CETN2	HETLOSS	CNA
1MHY8K	TREX2	HETLOSS	CNA
1MHY8K	ATP2B3	HETLOSS	CNA
1MHY8K	FLNA	HETLOSS	CNA
1MHY8K	RPL10	HETLOSS	CNA
1MHY8K	MTCP1	HETLOSS	CNA
1MHY8K	CRLF2	HOMDEL	CNA
1MHY8K	P2RY8	HOMDEL	CNA
Y57U8R	TFG	GAIN	CNA
Y57U8R	CBLB	GAIN	CNA
Y57U8R	POLQ	GAIN	CNA
Y57U8R	GATA2	GAIN	CNA
Y57U8R	RPN1	GAIN	CNA
Y57U8R	CNBP	GAIN	CNA
Y57U8R	MBD4	GAIN	CNA
Y57U8R	STAG1	GAIN	CNA
Y57U8R	PIK3CB	GAIN	CNA
Y57U8R	FOXL2	GAIN	CNA
Y57U8R	RASA2	GAIN	CNA
Y57U8R	TFDP2	GAIN	CNA
Y57U8R	XRN1	GAIN	CNA
Y57U8R	ATR	GAIN	CNA
Y57U8R	HLTF	GAIN	CNA
Y57U8R	WWTR1	GAIN	CNA
Y57U8R	GMPS	GAIN	CNA
Y57U8R	MLF1	GAIN	CNA
Y57U8R	MECOM	GAIN	CNA
Y57U8R	TBL1XR1	GAIN	CNA
Y57U8R	PIK3CA	GAIN	CNA
Y57U8R	FXR1	GAIN	CNA
Y57U8R	SOX2	GAIN	CNA
Y57U8R	POLR2H	GAIN	CNA
Y57U8R	MAP3K13	GAIN	CNA
Y57U8R	IGF2BP2	GAIN	CNA
Y57U8R	ETV5	GAIN	CNA
Y57U8R	EIF4A2	GAIN	CNA
Y57U8R	RFC4	GAIN	CNA
Y57U8R	BCL6	GAIN	CNA
Y57U8R	LPP	GAIN	CNA
Y57U8R	TP63	GAIN	CNA
Y57U8R	MB21D2	GAIN	CNA
Y57U8R	HES1	GAIN	CNA
Y57U8R	MUC20	GAIN	CNA
Y57U8R	MUC4	GAIN	CNA
Y57U8R	TFRC	GAIN	CNA
Y57U8R	RNF168	GAIN	CNA
Y57U8R	CCND1	AMP	CNA
Y57U8R	NUMA1	GAIN	CNA
Y57U8R	INPPL1	GAIN	CNA
Y57U8R	POLD3	GAIN	CNA
Y57U8R	AMER1	HETLOSS	CNA
Y57U8R	CRLF2	HOMDEL	CNA
Y57U8R	P2RY8	HOMDEL	CNA
1AEWDG	MUTYH	HETLOSS	CNA
1AEWDG	PRRX1	GAIN	CNA
1AEWDG	HOXD13	GAIN	CNA
1AEWDG	HOXD11	GAIN	CNA
1AEWDG	NFE2L2	GAIN	CNA
1AEWDG	NCKAP1	GAIN	CNA
1AEWDG	ITGAV	GAIN	CNA
1AEWDG	COL3A1	GAIN	CNA
1AEWDG	PMS1	GAIN	CNA
1AEWDG	ANKRD44	GAIN	CNA
1AEWDG	SF3B1	GAIN	CNA
1AEWDG	CASP10	GAIN	CNA
1AEWDG	CASP8	GAIN	CNA
1AEWDG	BMPR2	GAIN	CNA
1AEWDG	CD28	GAIN	CNA
1AEWDG	CREB1	HETLOSS	CNA
1AEWDG	IDH1	HETLOSS	CNA
1AEWDG	BARD1	HETLOSS	CNA
1AEWDG	ATIC	HETLOSS	CNA
1AEWDG	FN1	HETLOSS	CNA
1AEWDG	XRCC5	HETLOSS	CNA
1AEWDG	FEV	HETLOSS	CNA
1AEWDG	NHEJ1	HETLOSS	CNA
1AEWDG	PAX3	HETLOSS	CNA
1AEWDG	ACSL3	HETLOSS	CNA
1AEWDG	CUL3	HETLOSS	CNA
1AEWDG	DIS3L2	HETLOSS	CNA
1AEWDG	ACKR3	HETLOSS	CNA
1AEWDG	SRGAP3	HETLOSS	CNA
1AEWDG	OGG1	HETLOSS	CNA
1AEWDG	FANCD2	HETLOSS	CNA
1AEWDG	VHL	HETLOSS	CNA
1AEWDG	PPARG	HETLOSS	CNA
1AEWDG	RAF1	HETLOSS	CNA
1AEWDG	FBLN2	HETLOSS	CNA
1AEWDG	XPC	HETLOSS	CNA
1AEWDG	ANKRD28	HETLOSS	CNA
1AEWDG	CCR4	HETLOSS	CNA
1AEWDG	CLASP2	HETLOSS	CNA
1AEWDG	SETD2	HETLOSS	CNA
1AEWDG	TREX1	HETLOSS	CNA
1AEWDG	COL7A1	HETLOSS	CNA
1AEWDG	NCKIPSD	HETLOSS	CNA
1AEWDG	RHOA	HETLOSS	CNA
1AEWDG	RBM5	HETLOSS	CNA
1AEWDG	PARP3	HETLOSS	CNA
1AEWDG	BAP1	HETLOSS	CNA
1AEWDG	PBRM1	HETLOSS	CNA
1AEWDG	CACNA1D	HETLOSS	CNA
1AEWDG	MITF	HETLOSS	CNA
1AEWDG	FOXP1	HETLOSS	CNA
1AEWDG	PPP4R2	HETLOSS	CNA
1AEWDG	ROBO2	HETLOSS	CNA
1AEWDG	TFG	GAIN	CNA
1AEWDG	CBLB	GAIN	CNA
1AEWDG	POLQ	GAIN	CNA
1AEWDG	GATA2	GAIN	CNA
1AEWDG	CNBP	GAIN	CNA
1AEWDG	MBD4	GAIN	CNA
1AEWDG	STAG1	GAIN	CNA
1AEWDG	PIK3CB	GAIN	CNA
1AEWDG	FOXL2	GAIN	CNA
1AEWDG	RASA2	GAIN	CNA
1AEWDG	TFDP2	GAIN	CNA
1AEWDG	XRN1	GAIN	CNA
1AEWDG	ATR	GAIN	CNA
1AEWDG	HLTF	GAIN	CNA
1AEWDG	WWTR1	GAIN	CNA
1AEWDG	GMPS	GAIN	CNA
1AEWDG	MLF1	GAIN	CNA
1AEWDG	MECOM	GAIN	CNA
1AEWDG	TBL1XR1	GAIN	CNA
1AEWDG	PIK3CA	GAIN	CNA
1AEWDG	FXR1	GAIN	CNA
1AEWDG	SOX2	GAIN	CNA
1AEWDG	POLR2H	GAIN	CNA
1AEWDG	MAP3K13	GAIN	CNA
1AEWDG	IGF2BP2	GAIN	CNA
1AEWDG	ETV5	GAIN	CNA
1AEWDG	EIF4A2	GAIN	CNA
1AEWDG	RFC4	GAIN	CNA
1AEWDG	BCL6	GAIN	CNA
1AEWDG	LPP	GAIN	CNA
1AEWDG	TP63	GAIN	CNA
1AEWDG	MB21D2	GAIN	CNA
1AEWDG	HES1	GAIN	CNA
1AEWDG	MUC20	GAIN	CNA
1AEWDG	MUC4	GAIN	CNA
1AEWDG	TFRC	GAIN	CNA
1AEWDG	RNF168	GAIN	CNA
1AEWDG	RNF4	HETLOSS	CNA
1AEWDG	DHX15	HETLOSS	CNA
1AEWDG	SLC34A2	HETLOSS	CNA
1AEWDG	ALB	AMP	CNA
1AEWDG	LEF1	HETLOSS	CNA
1AEWDG	ING2	HETLOSS	CNA
1AEWDG	IRF2	HETLOSS	CNA
1AEWDG	CASP3	HETLOSS	CNA
1AEWDG	FAT1	HETLOSS	CNA
1AEWDG	IL6ST	HETLOSS	CNA
1AEWDG	MAP3K1	HETLOSS	CNA
1AEWDG	DEPDC1B	HETLOSS	CNA
1AEWDG	ERCC8	HETLOSS	CNA
1AEWDG	ERBB2IP	HETLOSS	CNA
1AEWDG	PIK3R1	HETLOSS	CNA
1AEWDG	CDK7	HETLOSS	CNA
1AEWDG	RAD17	HETLOSS	CNA
1AEWDG	GTF2H2	HETLOSS	CNA
1AEWDG	POLK	HETLOSS	CNA
1AEWDG	MSH3	HETLOSS	CNA
1AEWDG	XRCC4	HETLOSS	CNA
1AEWDG	RASA1	HETLOSS	CNA
1AEWDG	CCNH	HETLOSS	CNA
1AEWDG	APC	HETLOSS	CNA
1AEWDG	MCC	HETLOSS	CNA
1AEWDG	CSNK1G3	HETLOSS	CNA
1AEWDG	ACSL6	HETLOSS	CNA
1AEWDG	IRF1	HETLOSS	CNA
1AEWDG	RAD50	HETLOSS	CNA
1AEWDG	AFF4	HETLOSS	CNA
1AEWDG	UBE2B	HETLOSS	CNA
1AEWDG	FOXO3	HETLOSS	CNA
1AEWDG	HDAC2	HETLOSS	CNA
1AEWDG	ROS1	HETLOSS	CNA
1AEWDG	GOPC	HETLOSS	CNA
1AEWDG	PTPRK	HETLOSS	CNA
1AEWDG	SGK1	HETLOSS	CNA
1AEWDG	BCLAF1	HETLOSS	CNA
1AEWDG	TNFAIP3	HETLOSS	CNA
1AEWDG	ECT2L	HETLOSS	CNA
1AEWDG	GTF2H5	HETLOSS	CNA
1AEWDG	IGF2R	HETLOSS	CNA
1AEWDG	QKI	HETLOSS	CNA
1AEWDG	FGFR1OP	HETLOSS	CNA
1AEWDG	MLLT4	HETLOSS	CNA
1AEWDG	ARHGEF10	HETLOSS	CNA
1AEWDG	NEIL2	HETLOSS	CNA
1AEWDG	DLC1	HETLOSS	CNA
1AEWDG	MSR1	HETLOSS	CNA
1AEWDG	PDGFRL	HETLOSS	CNA
1AEWDG	PCM1	HETLOSS	CNA
1AEWDG	LZTS1	HETLOSS	CNA
1AEWDG	LEPROTL1	HETLOSS	CNA
1AEWDG	WRN	HETLOSS	CNA
1AEWDG	NRG1	HETLOSS	CNA
1AEWDG	WHSC1L1	AMP	CNA
1AEWDG	FGFR1	AMP	CNA
1AEWDG	RET	HETLOSS	CNA
1AEWDG	CCDC6	HETLOSS	CNA
1AEWDG	PRF1	HETLOSS	CNA
1AEWDG	KAT6B	HETLOSS	CNA
1AEWDG	NUTM2B	HETLOSS	CNA
1AEWDG	PTEN	HETLOSS	CNA
1AEWDG	CYP2C8	HETLOSS	CNA
1AEWDG	POLL	HETLOSS	CNA
1AEWDG	NFKB2	HETLOSS	CNA
1AEWDG	SUFU	HETLOSS	CNA
1AEWDG	NT5C2	HETLOSS	CNA
1AEWDG	FGFR2	HETLOSS	CNA
1AEWDG	NSMCE4A	HETLOSS	CNA
1AEWDG	HRAS	HETLOSS	CNA
1AEWDG	POLR2L	HETLOSS	CNA
1AEWDG	CDKN1C	HETLOSS	CNA
1AEWDG	SLC22A18	HETLOSS	CNA
1AEWDG	CARS	HETLOSS	CNA
1AEWDG	LMO1	HETLOSS	CNA
1AEWDG	MYOD1	HETLOSS	CNA
1AEWDG	GTF2H1	HETLOSS	CNA
1AEWDG	LDHA	HETLOSS	CNA
1AEWDG	FANCF	HETLOSS	CNA
1AEWDG	WT1	HETLOSS	CNA
1AEWDG	ALKBH3	HETLOSS	CNA
1AEWDG	EXT2	HETLOSS	CNA
1AEWDG	CREB3L1	HETLOSS	CNA
1AEWDG	DDB2	HETLOSS	CNA
1AEWDG	PTPRJ	HETLOSS	CNA
1AEWDG	CLP1	HETLOSS	CNA
1AEWDG	CTNND1	HETLOSS	CNA
1AEWDG	DDB1	HETLOSS	CNA
1AEWDG	SDHAF2	HETLOSS	CNA
1AEWDG	FEN1	HETLOSS	CNA
1AEWDG	POLR2G	HETLOSS	CNA
1AEWDG	NXF1	HETLOSS	CNA
1AEWDG	STIP1	HETLOSS	CNA
1AEWDG	MEN1	HETLOSS	CNA
1AEWDG	MALAT1	HETLOSS	CNA
1AEWDG	KAT5	HETLOSS	CNA
1AEWDG	MUS81	HETLOSS	CNA
1AEWDG	POLD4	HETLOSS	CNA
1AEWDG	PPP6R3	HETLOSS	CNA
1AEWDG	CCND1	HETLOSS	CNA
1AEWDG	POLD3	HETLOSS	CNA
1AEWDG	EED	HETLOSS	CNA
1AEWDG	FAT3	HETLOSS	CNA
1AEWDG	BIRC3	HETLOSS	CNA
1AEWDG	CASP1	HETLOSS	CNA
1AEWDG	CUL5	HETLOSS	CNA
1AEWDG	SDHD	HETLOSS	CNA
1AEWDG	ZBTB16	HETLOSS	CNA
1AEWDG	PAFAH1B2	HETLOSS	CNA
1AEWDG	ARHGEF12	HETLOSS	CNA
1AEWDG	KCNJ5	HETLOSS	CNA
1AEWDG	OPCML	HETLOSS	CNA
1AEWDG	KDM5A	GAIN	CNA
1AEWDG	RAD52	GAIN	CNA
1AEWDG	ERC1	GAIN	CNA
1AEWDG	CHD4	HETLOSS	CNA
1AEWDG	ZNF384	HETLOSS	CNA
1AEWDG	PTPN6	HETLOSS	CNA
1AEWDG	RECQL	GAIN	CNA
1AEWDG	GJB2	HETLOSS	CNA
1AEWDG	PARP4	HETLOSS	CNA
1AEWDG	RNF6	HETLOSS	CNA
1AEWDG	CDX2	HETLOSS	CNA
1AEWDG	FLT3	HETLOSS	CNA
1AEWDG	BRCA2	HETLOSS	CNA
1AEWDG	RFC3	HETLOSS	CNA
1AEWDG	NBEA	HETLOSS	CNA
1AEWDG	LHFP	HETLOSS	CNA
1AEWDG	FOXO1	HETLOSS	CNA
1AEWDG	ELF1	HETLOSS	CNA
1AEWDG	LCP1	HETLOSS	CNA
1AEWDG	RB1	HETLOSS	CNA
1AEWDG	CYSLTR2	HETLOSS	CNA
1AEWDG	NFATC4	GAIN	CNA
1AEWDG	NKX2-1	GAIN	CNA
1AEWDG	MPG	HETLOSS	CNA
1AEWDG	AXIN1	HETLOSS	CNA
1AEWDG	TELO2	HETLOSS	CNA
1AEWDG	NTHL1	HETLOSS	CNA
1AEWDG	TSC2	HETLOSS	CNA
1AEWDG	TRAF7	HETLOSS	CNA
1AEWDG	TCEB2	HETLOSS	CNA
1AEWDG	SLX4	HETLOSS	CNA
1AEWDG	CREBBP	HETLOSS	CNA
1AEWDG	GRIN2A	HETLOSS	CNA
1AEWDG	CIITA	HETLOSS	CNA
1AEWDG	RMI2	HETLOSS	CNA
1AEWDG	SOCS1	HETLOSS	CNA
1AEWDG	TNFRSF17	HETLOSS	CNA
1AEWDG	ERCC4	HETLOSS	CNA
1AEWDG	PALB2	HETLOSS	CNA
1AEWDG	PRKCB	HETLOSS	CNA
1AEWDG	NSMCE1	HETLOSS	CNA
1AEWDG	IL21R	HETLOSS	CNA
1AEWDG	NFATC2IP	HETLOSS	CNA
1AEWDG	SLX1B	HETLOSS	CNA
1AEWDG	PPP4C	HETLOSS	CNA
1AEWDG	SLX1A	HETLOSS	CNA
1AEWDG	FUS	HETLOSS	CNA
1AEWDG	WWOX	HETLOSS	CNA
1AEWDG	CBFA2T3	HETLOSS	CNA
1AEWDG	FANCA	HETLOSS	CNA
1AEWDG	RBBP8	HOMDEL	CNA
1AEWDG	ZNF521	HETLOSS	CNA
1AEWDG	SS18	HETLOSS	CNA
1AEWDG	SMAD2	HETLOSS	CNA
1AEWDG	SMAD4	HETLOSS	CNA
1AEWDG	DCC	HETLOSS	CNA
1AEWDG	CSNK2A1	GAIN	CNA
1AEWDG	CRNKL1	GAIN	CNA
1AEWDG	FOXA2	GAIN	CNA
1AEWDG	CLTCL1	HETLOSS	CNA
1AEWDG	CRLF2	HETLOSS	CNA
1AEWDG	P2RY8	HETLOSS	CNA
1AEWDG	TMSB4X	HETLOSS	CNA
1AEWDG	FANCB	HETLOSS	CNA
1AEWDG	ZRSR2	HETLOSS	CNA
1AEWDG	EIF1AX	HETLOSS	CNA
1AEWDG	FAM47C	HETLOSS	CNA
1AEWDG	RPGR	HETLOSS	CNA
1AEWDG	BCOR	HETLOSS	CNA
1AEWDG	ATP6AP2	HETLOSS	CNA
1AEWDG	DDX3X	HETLOSS	CNA
1AEWDG	KDM6A	HETLOSS	CNA
1AEWDG	RBM10	HETLOSS	CNA
1AEWDG	ARAF	HETLOSS	CNA
1AEWDG	SSX1	HETLOSS	CNA
1AEWDG	SSX4	HETLOSS	CNA
1AEWDG	WAS	HETLOSS	CNA
1AEWDG	GATA1	HETLOSS	CNA
1AEWDG	TFE3	HETLOSS	CNA
1AEWDG	SSX2	HETLOSS	CNA
1AEWDG	KDM5C	HETLOSS	CNA
1AEWDG	SMC1A	HETLOSS	CNA
1AEWDG	APEX2	HETLOSS	CNA
1AEWDG	AMER1	HOMDEL	CNA
1AEWDG	MSN	HETLOSS	CNA
1AEWDG	AR	HETLOSS	CNA
1AEWDG	FOXO4	HETLOSS	CNA
1AEWDG	MED12	HETLOSS	CNA
1AEWDG	ZMYM3	HETLOSS	CNA
1AEWDG	NONO	HETLOSS	CNA
1AEWDG	ATRX	HETLOSS	CNA
1AEWDG	BTK	HETLOSS	CNA
1AEWDG	IRS4	HETLOSS	CNA
1AEWDG	UBE2A	HETLOSS	CNA
1AEWDG	SEPT6	HETLOSS	CNA
1AEWDG	UPF3B	HETLOSS	CNA
1AEWDG	STAG2	HETLOSS	CNA
1AEWDG	DCAF12L2	HETLOSS	CNA
1AEWDG	SMARCA1	HETLOSS	CNA
1AEWDG	BCORL1	HETLOSS	CNA
1AEWDG	ELF4	HETLOSS	CNA
1AEWDG	GPC3	HETLOSS	CNA
1AEWDG	PHF6	HETLOSS	CNA
1AEWDG	ARHGEF6	HETLOSS	CNA
1AEWDG	FMR1	HETLOSS	CNA
1AEWDG	CETN2	HETLOSS	CNA
1AEWDG	TREX2	HETLOSS	CNA
1AEWDG	ATP2B3	HETLOSS	CNA
1AEWDG	FLNA	HETLOSS	CNA
1AEWDG	RPL10	HETLOSS	CNA
1AEWDG	MTCP1	HETLOSS	CNA
1AEWDG	CRLF2	HOMDEL	CNA
1AEWDG	P2RY8	HOMDEL	CNA
H3D44S	BCL11A	GAIN	CNA
H3D44S	REL	GAIN	CNA
H3D44S	XPO1	AMP	CNA
H3D44S	STAG1	GAIN	CNA
H3D44S	PIK3CB	GAIN	CNA
H3D44S	FOXL2	GAIN	CNA
H3D44S	RASA2	GAIN	CNA
H3D44S	TFDP2	GAIN	CNA
H3D44S	XRN1	GAIN	CNA
H3D44S	ATR	GAIN	CNA
H3D44S	HLTF	GAIN	CNA
H3D44S	WWTR1	GAIN	CNA
H3D44S	GMPS	GAIN	CNA
H3D44S	MLF1	GAIN	CNA
H3D44S	MECOM	AMP	CNA
H3D44S	TBL1XR1	AMP	CNA
H3D44S	PIK3CA	AMP	CNA
H3D44S	FXR1	AMP	CNA
H3D44S	SOX2	AMP	CNA
H3D44S	POLR2H	GAIN	CNA
H3D44S	MAP3K13	AMP	CNA
H3D44S	IGF2BP2	GAIN	CNA
H3D44S	ETV5	GAIN	CNA
H3D44S	EIF4A2	GAIN	CNA
H3D44S	RFC4	GAIN	CNA
H3D44S	BCL6	GAIN	CNA
H3D44S	LPP	GAIN	CNA
H3D44S	TP63	GAIN	CNA
H3D44S	MB21D2	GAIN	CNA
H3D44S	HES1	GAIN	CNA
H3D44S	MUC20	GAIN	CNA
H3D44S	MUC4	GAIN	CNA
H3D44S	RNF168	GAIN	CNA
H3D44S	FIP1L1	GAIN	CNA
H3D44S	CHIC2	GAIN	CNA
H3D44S	PDGFRA	GAIN	CNA
H3D44S	KIT	GAIN	CNA
H3D44S	CLOCK	GAIN	CNA
H3D44S	POLR2B	GAIN	CNA
H3D44S	ALB	GAIN	CNA
H3D44S	SDHA	GAIN	CNA
H3D44S	TERT	GAIN	CNA
H3D44S	CTNND2	GAIN	CNA
H3D44S	CDH10	GAIN	CNA
H3D44S	DROSHA	GAIN	CNA
H3D44S	IL7R	GAIN	CNA
H3D44S	LIFR	GAIN	CNA
H3D44S	PPP6R3	GAIN	CNA
H3D44S	CCND1	AMP	CNA
H3D44S	TFPT	GAIN	CNA
H3D44S	CNOT3	GAIN	CNA
H3D44S	AMER1	HOMDEL	CNA
H3D44S	CRLF2	HOMDEL	CNA
H3D44S	P2RY8	HOMDEL	CNA
12BRP0	SOX2	GAIN	CNA
12BRP0	CD274	GAIN	CNA
12BRP0	RBBP8	HOMDEL	CNA
12BRP0	TMSB4X	HOMDEL	CNA
12BRP0	FANCB	HOMDEL	CNA
12BRP0	ZRSR2	HOMDEL	CNA
12BRP0	EIF1AX	HOMDEL	CNA
12BRP0	FAM47C	HOMDEL	CNA
12BRP0	RPGR	HOMDEL	CNA
12BRP0	BCOR	HOMDEL	CNA
12BRP0	ATP6AP2	HOMDEL	CNA
12BRP0	DDX3X	HOMDEL	CNA
12BRP0	KDM6A	HOMDEL	CNA
12BRP0	RBM10	HOMDEL	CNA
12BRP0	ARAF	HOMDEL	CNA
12BRP0	SSX1	HOMDEL	CNA
12BRP0	SSX4	HOMDEL	CNA
12BRP0	WAS	HOMDEL	CNA
12BRP0	GATA1	HOMDEL	CNA
12BRP0	TFE3	HOMDEL	CNA
12BRP0	SSX2	HOMDEL	CNA
12BRP0	KDM5C	HOMDEL	CNA
12BRP0	SMC1A	HOMDEL	CNA
12BRP0	APEX2	HOMDEL	CNA
12BRP0	AMER1	HOMDEL	CNA
12BRP0	MSN	HOMDEL	CNA
12BRP0	AR	HOMDEL	CNA
12BRP0	FOXO4	HOMDEL	CNA
12BRP0	MED12	HOMDEL	CNA
12BRP0	ZMYM3	HOMDEL	CNA
12BRP0	NONO	HOMDEL	CNA
12BRP0	ATRX	HOMDEL	CNA
12BRP0	BTK	HOMDEL	CNA
12BRP0	IRS4	HOMDEL	CNA
12BRP0	UBE2A	HOMDEL	CNA
12BRP0	SEPT6	HOMDEL	CNA
12BRP0	UPF3B	HOMDEL	CNA
12BRP0	STAG2	HOMDEL	CNA
12BRP0	DCAF12L2	HOMDEL	CNA
12BRP0	SMARCA1	HOMDEL	CNA
12BRP0	BCORL1	HOMDEL	CNA
12BRP0	ELF4	HOMDEL	CNA
12BRP0	GPC3	HOMDEL	CNA
12BRP0	PHF6	HOMDEL	CNA
12BRP0	ARHGEF6	HOMDEL	CNA
12BRP0	FMR1	HOMDEL	CNA
12BRP0	CETN2	HOMDEL	CNA
12BRP0	TREX2	HOMDEL	CNA
12BRP0	ATP2B3	HOMDEL	CNA
12BRP0	FLNA	HOMDEL	CNA
12BRP0	RPL10	HOMDEL	CNA
12BRP0	MTCP1	HOMDEL	CNA
12BRP0	CRLF2	HOMDEL	CNA
12BRP0	P2RY8	HOMDEL	CNA
15R0QH	MUC1	GAIN	CNA
15R0QH	GBA	GAIN	CNA
15R0QH	FCGR2B	GAIN	CNA
15R0QH	ARID4B	GAIN	CNA
15R0QH	FH	GAIN	CNA
15R0QH	AKT3	GAIN	CNA
15R0QH	XPO1	GAIN	CNA
15R0QH	MECOM	GAIN	CNA
15R0QH	TBL1XR1	GAIN	CNA
15R0QH	PIK3CA	GAIN	CNA
15R0QH	FXR1	GAIN	CNA
15R0QH	SOX2	GAIN	CNA
15R0QH	POLR2H	GAIN	CNA
15R0QH	MAP3K13	GAIN	CNA
15R0QH	IGF2BP2	GAIN	CNA
15R0QH	ETV5	GAIN	CNA
15R0QH	EIF4A2	GAIN	CNA
15R0QH	RFC4	GAIN	CNA
15R0QH	BCL6	GAIN	CNA
15R0QH	LPP	GAIN	CNA
15R0QH	TP63	GAIN	CNA
15R0QH	MB21D2	GAIN	CNA
15R0QH	SDHA	GAIN	CNA
15R0QH	HIST1H3B	GAIN	CNA
15R0QH	PMS2P3	HOMDEL	CNA
15R0QH	HIP1	HOMDEL	CNA
15R0QH	WHSC1L1	GAIN	CNA
15R0QH	FGFR1	GAIN	CNA
15R0QH	RAD52	GAIN	CNA
15R0QH	ERC1	GAIN	CNA
15R0QH	RBBP8	HOMDEL	CNA
15R0QH	ZNF521	GAIN	CNA
15R0QH	POLR2I	GAIN	CNA
15R0QH	ASXL1	GAIN	CNA
15R0QH	TMSB4X	HETLOSS	CNA
15R0QH	FANCB	HETLOSS	CNA
15R0QH	ZRSR2	HETLOSS	CNA
15R0QH	EIF1AX	HETLOSS	CNA
15R0QH	FAM47C	HETLOSS	CNA
15R0QH	RPGR	HETLOSS	CNA
15R0QH	BCOR	HETLOSS	CNA
15R0QH	ATP6AP2	HETLOSS	CNA
15R0QH	DDX3X	HETLOSS	CNA
15R0QH	KDM6A	HETLOSS	CNA
15R0QH	RBM10	HETLOSS	CNA
15R0QH	ARAF	HETLOSS	CNA
15R0QH	SSX1	HETLOSS	CNA
15R0QH	SSX4	HETLOSS	CNA
15R0QH	WAS	HETLOSS	CNA
15R0QH	GATA1	HETLOSS	CNA
15R0QH	TFE3	HETLOSS	CNA
15R0QH	SSX2	HETLOSS	CNA
15R0QH	KDM5C	HETLOSS	CNA
15R0QH	SMC1A	HETLOSS	CNA
15R0QH	APEX2	HETLOSS	CNA
15R0QH	AMER1	HOMDEL	CNA
15R0QH	MSN	HETLOSS	CNA
15R0QH	AR	HETLOSS	CNA
15R0QH	FOXO4	HETLOSS	CNA
15R0QH	MED12	HETLOSS	CNA
15R0QH	ZMYM3	HETLOSS	CNA
15R0QH	NONO	HETLOSS	CNA
15R0QH	ATRX	HETLOSS	CNA
15R0QH	BTK	HETLOSS	CNA
15R0QH	IRS4	HETLOSS	CNA
15R0QH	UBE2A	HETLOSS	CNA
15R0QH	SEPT6	HETLOSS	CNA
15R0QH	UPF3B	HETLOSS	CNA
15R0QH	STAG2	HETLOSS	CNA
15R0QH	DCAF12L2	HETLOSS	CNA
15R0QH	SMARCA1	HETLOSS	CNA
15R0QH	BCORL1	HETLOSS	CNA
15R0QH	ELF4	HETLOSS	CNA
15R0QH	GPC3	HETLOSS	CNA
15R0QH	PHF6	HETLOSS	CNA
15R0QH	ARHGEF6	HETLOSS	CNA
15R0QH	FMR1	HETLOSS	CNA
15R0QH	CETN2	HETLOSS	CNA
15R0QH	TREX2	HETLOSS	CNA
15R0QH	ATP2B3	HETLOSS	CNA
15R0QH	FLNA	HETLOSS	CNA
15R0QH	RPL10	HETLOSS	CNA
15R0QH	MTCP1	HETLOSS	CNA
15R0QH	CRLF2	HETLOSS	CNA
15R0QH	P2RY8	HETLOSS	CNA
998A7Z	HLTF	GAIN	CNA
998A7Z	WWTR1	GAIN	CNA
998A7Z	GMPS	GAIN	CNA
998A7Z	MLF1	GAIN	CNA
998A7Z	MECOM	GAIN	CNA
998A7Z	TBL1XR1	GAIN	CNA
998A7Z	PIK3CA	GAIN	CNA
998A7Z	FXR1	GAIN	CNA
998A7Z	SOX2	GAIN	CNA
998A7Z	POLR2H	GAIN	CNA
998A7Z	MAP3K13	GAIN	CNA
998A7Z	IGF2BP2	GAIN	CNA
998A7Z	ETV5	GAIN	CNA
998A7Z	EIF4A2	GAIN	CNA
998A7Z	RFC4	GAIN	CNA
998A7Z	BCL6	GAIN	CNA
998A7Z	LPP	GAIN	CNA
998A7Z	TP63	GAIN	CNA
998A7Z	MB21D2	GAIN	CNA
998A7Z	HES1	GAIN	CNA
998A7Z	MUC20	GAIN	CNA
998A7Z	MUC4	GAIN	CNA
998A7Z	TFRC	GAIN	CNA
998A7Z	RNF168	GAIN	CNA
998A7Z	FIP1L1	GAIN	CNA
998A7Z	CHIC2	GAIN	CNA
998A7Z	PDGFRA	GAIN	CNA
998A7Z	KIT	GAIN	CNA
998A7Z	KDR	GAIN	CNA
998A7Z	GTF2H2	HETLOSS	CNA
998A7Z	IRF4	GAIN	CNA
998A7Z	PMS2P3	HETLOSS	CNA
998A7Z	HIP1	HETLOSS	CNA
998A7Z	PRKDC	GAIN	CNA
998A7Z	UBE2V2	GAIN	CNA
998A7Z	TCEA1	GAIN	CNA
998A7Z	RRM2B	GAIN	CNA
998A7Z	UBR5	GAIN	CNA
998A7Z	FAM135B	HETLOSS	CNA
998A7Z	PTPRD	HETLOSS	CNA
998A7Z	CDKN2A	HOMDEL	CNA
998A7Z	CDKN2B	HOMDEL	CNA
998A7Z	PAX5	HETLOSS	CNA
998A7Z	POLR2L	HETLOSS	CNA
998A7Z	CDKN1C	HETLOSS	CNA
998A7Z	SLC22A18	HETLOSS	CNA
998A7Z	CARS	HETLOSS	CNA
998A7Z	MYOD1	HETLOSS	CNA
998A7Z	ALKBH3	HETLOSS	CNA
998A7Z	EXT2	HETLOSS	CNA
998A7Z	DDB2	HETLOSS	CNA
998A7Z	STIP1	GAIN	CNA
998A7Z	CCND1	AMP	CNA
998A7Z	FAT3	HETLOSS	CNA
998A7Z	ATM	HETLOSS	CNA
998A7Z	HMGN2P46	HETLOSS	CNA
998A7Z	PML	HETLOSS	CNA
998A7Z	USP6	HETLOSS	CNA
998A7Z	RABEP1	HETLOSS	CNA
998A7Z	RBBP8	HETLOSS	CNA
998A7Z	SMAD4	HETLOSS	CNA
998A7Z	DCC	HETLOSS	CNA
998A7Z	POLI	HETLOSS	CNA
998A7Z	FSTL3	HETLOSS	CNA
998A7Z	ELANE	HETLOSS	CNA
998A7Z	POLR2E	HETLOSS	CNA
998A7Z	STK11	HETLOSS	CNA
998A7Z	TCF3	HETLOSS	CNA
998A7Z	GNA11	HETLOSS	CNA
998A7Z	MAP2K2	HETLOSS	CNA
998A7Z	SH3GL1	HETLOSS	CNA
998A7Z	CHAF1A	HETLOSS	CNA
998A7Z	MLLT1	HETLOSS	CNA
998A7Z	VAV1	HETLOSS	CNA
998A7Z	MUC16	HETLOSS	CNA
998A7Z	KEAP1	HETLOSS	CNA
998A7Z	TFPT	GAIN	CNA
998A7Z	CNOT3	GAIN	CNA
998A7Z	PPP6R1	GAIN	CNA
998A7Z	TMSB4X	HETLOSS	CNA
998A7Z	FANCB	HETLOSS	CNA
998A7Z	AMER1	HOMDEL	CNA
998A7Z	MSN	HOMDEL	CNA
998A7Z	AR	HOMDEL	CNA
998A7Z	FOXO4	HOMDEL	CNA
998A7Z	MED12	HOMDEL	CNA
998A7Z	ZMYM3	HOMDEL	CNA
998A7Z	NONO	HOMDEL	CNA
998A7Z	ATRX	HOMDEL	CNA
998A7Z	BTK	HOMDEL	CNA
998A7Z	IRS4	HOMDEL	CNA
998A7Z	UBE2A	HOMDEL	CNA
998A7Z	SEPT6	HOMDEL	CNA
998A7Z	UPF3B	HOMDEL	CNA
998A7Z	STAG2	HOMDEL	CNA
998A7Z	DCAF12L2	HOMDEL	CNA
998A7Z	SMARCA1	HOMDEL	CNA
998A7Z	BCORL1	HOMDEL	CNA
998A7Z	ELF4	HOMDEL	CNA
998A7Z	GPC3	HOMDEL	CNA
998A7Z	PHF6	HOMDEL	CNA
998A7Z	ARHGEF6	HOMDEL	CNA
998A7Z	FMR1	HOMDEL	CNA
998A7Z	CETN2	HOMDEL	CNA
998A7Z	TREX2	HOMDEL	CNA
998A7Z	ATP2B3	HOMDEL	CNA
998A7Z	FLNA	HOMDEL	CNA
998A7Z	RPL10	HOMDEL	CNA
998A7Z	MTCP1	HOMDEL	CNA
998A7Z	CRLF2	HOMDEL	CNA
998A7Z	P2RY8	HOMDEL	CNA
H7PHY	GPSM2	HETLOSS	CNA
H7PHY	PDE4DIP	HETLOSS	CNA
H7PHY	RAF1	HETLOSS	CNA
H7PHY	TREX1	HETLOSS	CNA
H7PHY	COL7A1	HETLOSS	CNA
H7PHY	NCKIPSD	HETLOSS	CNA
H7PHY	RHOA	HETLOSS	CNA
H7PHY	RBM5	HETLOSS	CNA
H7PHY	CACNA1D	HETLOSS	CNA
H7PHY	GTF2H2	HETLOSS	CNA
H7PHY	UIMC1	HETLOSS	CNA
H7PHY	FGFR4	HETLOSS	CNA
H7PHY	NSD1	HETLOSS	CNA
H7PHY	NHP2	HETLOSS	CNA
H7PHY	GTF2H5	HETLOSS	CNA
H7PHY	CCND1	GAIN	CNA
H7PHY	CUL4A	HETLOSS	CNA
H7PHY	YWHAE	HETLOSS	CNA
H7PHY	USP6	HETLOSS	CNA
H7PHY	GPS2	HETLOSS	CNA
H7PHY	POLR2A	HETLOSS	CNA
H7PHY	TP53	HETLOSS	CNA
H7PHY	CHD3	HETLOSS	CNA
H7PHY	PER1	HETLOSS	CNA
H7PHY	RBBP8	HOMDEL	CNA
H7PHY	ELANE	HETLOSS	CNA
H7PHY	PIK3R2	HETLOSS	CNA
H7PHY	PIK3R2	HETLOSS	CNA
H7PHY	OLIG2	HETLOSS	CNA
H7PHY	U2AF1	HETLOSS	CNA
H7PHY	TMSB4X	HETLOSS	CNA
H7PHY	FANCB	HETLOSS	CNA
H7PHY	ZRSR2	HETLOSS	CNA
H7PHY	EIF1AX	HETLOSS	CNA
H7PHY	FAM47C	HETLOSS	CNA
H7PHY	RPGR	HETLOSS	CNA
H7PHY	BCOR	HETLOSS	CNA
H7PHY	ATP6AP2	HETLOSS	CNA
H7PHY	DDX3X	HETLOSS	CNA
H7PHY	KDM6A	HETLOSS	CNA
H7PHY	RBM10	HETLOSS	CNA
H7PHY	ARAF	HETLOSS	CNA
H7PHY	SSX1	HETLOSS	CNA
H7PHY	SSX4	HETLOSS	CNA
H7PHY	WAS	HETLOSS	CNA
H7PHY	GATA1	HETLOSS	CNA
H7PHY	TFE3	HETLOSS	CNA
H7PHY	SSX2	HETLOSS	CNA
H7PHY	KDM5C	HETLOSS	CNA
H7PHY	SMC1A	HETLOSS	CNA
H7PHY	APEX2	HETLOSS	CNA
H7PHY	AMER1	HOMDEL	CNA
H7PHY	MSN	HOMDEL	CNA
H7PHY	AR	HETLOSS	CNA
H7PHY	FOXO4	HETLOSS	CNA
H7PHY	MED12	HETLOSS	CNA
H7PHY	ZMYM3	HETLOSS	CNA
H7PHY	NONO	HETLOSS	CNA
H7PHY	ATRX	HETLOSS	CNA
H7PHY	BTK	HETLOSS	CNA
H7PHY	IRS4	HETLOSS	CNA
H7PHY	UBE2A	HETLOSS	CNA
H7PHY	SEPT6	HETLOSS	CNA
H7PHY	UPF3B	HETLOSS	CNA
H7PHY	STAG2	HETLOSS	CNA
H7PHY	DCAF12L2	HETLOSS	CNA
H7PHY	SMARCA1	HETLOSS	CNA
H7PHY	BCORL1	HETLOSS	CNA
H7PHY	ELF4	HETLOSS	CNA
H7PHY	GPC3	HETLOSS	CNA
H7PHY	PHF6	HETLOSS	CNA
H7PHY	ARHGEF6	HETLOSS	CNA
H7PHY	FMR1	HETLOSS	CNA
H7PHY	CETN2	HETLOSS	CNA
H7PHY	TREX2	HETLOSS	CNA
H7PHY	ATP2B3	HETLOSS	CNA
H7PHY	FLNA	HOMDEL	CNA
H7PHY	RPL10	HOMDEL	CNA
H7PHY	MTCP1	HOMDEL	CNA
H7PHY	CRLF2	HOMDEL	CNA
H7PHY	P2RY8	HOMDEL	CNA
1HGXBV	APITD1	HETLOSS	CNA
1HGXBV	MTOR	HETLOSS	CNA
1HGXBV	MAD2L2	HETLOSS	CNA
1HGXBV	PRDM2	HETLOSS	CNA
1HGXBV	CASP9	HETLOSS	CNA
1HGXBV	SPEN	HETLOSS	CNA
1HGXBV	EPHA2	HETLOSS	CNA
1HGXBV	SDHB	HETLOSS	CNA
1HGXBV	ARHGEF10L	HETLOSS	CNA
1HGXBV	PAX7	HETLOSS	CNA
1HGXBV	ID3	HETLOSS	CNA
1HGXBV	MDS2	HETLOSS	CNA
1HGXBV	TCEB3	HETLOSS	CNA
1HGXBV	RUNX3	HETLOSS	CNA
1HGXBV	ARID1A	HETLOSS	CNA
1HGXBV	RPA2	HETLOSS	CNA
1HGXBV	EYA3	HETLOSS	CNA
1HGXBV	LCK	HETLOSS	CNA
1HGXBV	SFPQ	HETLOSS	CNA
1HGXBV	CLSPN	HETLOSS	CNA
1HGXBV	THRAP3	HETLOSS	CNA
1HGXBV	CSF3R	HETLOSS	CNA
1HGXBV	SF3A3	HETLOSS	CNA
1HGXBV	MYCL	HETLOSS	CNA
1HGXBV	MPL	HETLOSS	CNA
1HGXBV	UROD	HETLOSS	CNA
1HGXBV	MUTYH	HETLOSS	CNA
1HGXBV	RAD54L	HETLOSS	CNA
1HGXBV	TAL1	HETLOSS	CNA
1HGXBV	STIL	HETLOSS	CNA
1HGXBV	FAF1	HETLOSS	CNA
1HGXBV	CDKN2C	HETLOSS	CNA
1HGXBV	EPS15	HETLOSS	CNA
1HGXBV	JUN	HETLOSS	CNA
1HGXBV	USP1	HETLOSS	CNA
1HGXBV	JAK1	HETLOSS	CNA
1HGXBV	GADD45A	HETLOSS	CNA
1HGXBV	MSH4	HETLOSS	CNA
1HGXBV	FUBP1	HETLOSS	CNA
1HGXBV	BCL10	HETLOSS	CNA
1HGXBV	HFM1	HETLOSS	CNA
1HGXBV	RPL5	HETLOSS	CNA
1HGXBV	ARHGAP29	HETLOSS	CNA
1HGXBV	GPSM2	HETLOSS	CNA
1HGXBV	RBM15	HETLOSS	CNA
1HGXBV	TRIM33	HETLOSS	CNA
1HGXBV	NRAS	HETLOSS	CNA
1HGXBV	CSDE1	HETLOSS	CNA
1HGXBV	ATP1A1	HETLOSS	CNA
1HGXBV	FAM46C	HETLOSS	CNA
1HGXBV	NOTCH2	HETLOSS	CNA
1HGXBV	CDC73	HETLOSS	CNA
1HGXBV	PTPRC	HETLOSS	CNA
1HGXBV	ELF3	HETLOSS	CNA
1HGXBV	UBE2T	HETLOSS	CNA
1HGXBV	MDM4	HETLOSS	CNA
1HGXBV	ELK4	HETLOSS	CNA
1HGXBV	SLC45A3	HETLOSS	CNA
1HGXBV	TRAF5	HETLOSS	CNA
1HGXBV	PPP2R5A	HETLOSS	CNA
1HGXBV	MYCN	HETLOSS	CNA
1HGXBV	SMC6	HETLOSS	CNA
1HGXBV	GEN1	HETLOSS	CNA
1HGXBV	CREB1	HETLOSS	CNA
1HGXBV	IDH1	HETLOSS	CNA
1HGXBV	ERBB4	HETLOSS	CNA
1HGXBV	BARD1	HETLOSS	CNA
1HGXBV	ATIC	HETLOSS	CNA
1HGXBV	FN1	HETLOSS	CNA
1HGXBV	XRCC5	HETLOSS	CNA
1HGXBV	FEV	HETLOSS	CNA
1HGXBV	NHEJ1	HETLOSS	CNA
1HGXBV	PAX3	HETLOSS	CNA
1HGXBV	ACSL3	HETLOSS	CNA
1HGXBV	CUL3	HETLOSS	CNA
1HGXBV	CRBN	HETLOSS	CNA
1HGXBV	SETMAR	HETLOSS	CNA
1HGXBV	RAD18	HETLOSS	CNA
1HGXBV	SRGAP3	HETLOSS	CNA
1HGXBV	OGG1	HETLOSS	CNA
1HGXBV	FANCD2	HETLOSS	CNA
1HGXBV	VHL	HETLOSS	CNA
1HGXBV	PPARG	HETLOSS	CNA
1HGXBV	RAF1	HETLOSS	CNA
1HGXBV	FBLN2	HETLOSS	CNA
1HGXBV	XPC	HETLOSS	CNA
1HGXBV	ANKRD28	HETLOSS	CNA
1HGXBV	TGFBR2	HETLOSS	CNA
1HGXBV	CCR4	HETLOSS	CNA
1HGXBV	CLASP2	HETLOSS	CNA
1HGXBV	MLH1	HETLOSS	CNA
1HGXBV	MYD88	HETLOSS	CNA
1HGXBV	WDR48	HETLOSS	CNA
1HGXBV	CTNNB1	HETLOSS	CNA
1HGXBV	SETD2	HETLOSS	CNA
1HGXBV	TREX1	HETLOSS	CNA
1HGXBV	COL7A1	HETLOSS	CNA
1HGXBV	NCKIPSD	HETLOSS	CNA
1HGXBV	RHOA	HETLOSS	CNA
1HGXBV	RBM5	HETLOSS	CNA
1HGXBV	PARP3	HETLOSS	CNA
1HGXBV	BAP1	HETLOSS	CNA
1HGXBV	PBRM1	HETLOSS	CNA
1HGXBV	CACNA1D	HETLOSS	CNA
1HGXBV	FHIT	HETLOSS	CNA
1HGXBV	MITF	HETLOSS	CNA
1HGXBV	FOXP1	HETLOSS	CNA
1HGXBV	PPP4R2	HETLOSS	CNA
1HGXBV	ROBO2	HETLOSS	CNA
1HGXBV	EPHA3	HOMDEL	CNA
1HGXBV	SOX2	GAIN	CNA
1HGXBV	MAP3K13	GAIN	CNA
1HGXBV	IGF2BP2	GAIN	CNA
1HGXBV	ETV5	GAIN	CNA
1HGXBV	EIF4A2	GAIN	CNA
1HGXBV	RFC4	GAIN	CNA
1HGXBV	BCL6	GAIN	CNA
1HGXBV	LPP	GAIN	CNA
1HGXBV	TP63	GAIN	CNA
1HGXBV	MUC4	GAIN	CNA
1HGXBV	TFRC	GAIN	CNA
1HGXBV	RNF168	GAIN	CNA
1HGXBV	UVSSA	HETLOSS	CNA
1HGXBV	FGFR3	HETLOSS	CNA
1HGXBV	WHSC1	HETLOSS	CNA
1HGXBV	POLN	HETLOSS	CNA
1HGXBV	RNF4	HETLOSS	CNA
1HGXBV	DHX15	HETLOSS	CNA
1HGXBV	SLC34A2	HETLOSS	CNA
1HGXBV	RFC1	HETLOSS	CNA
1HGXBV	N4BP2	HETLOSS	CNA
1HGXBV	RHOH	HETLOSS	CNA
1HGXBV	PHOX2B	HETLOSS	CNA
1HGXBV	IL6ST	HETLOSS	CNA
1HGXBV	MAP3K1	HETLOSS	CNA
1HGXBV	DEPDC1B	HETLOSS	CNA
1HGXBV	ERCC8	HETLOSS	CNA
1HGXBV	ERBB2IP	HETLOSS	CNA
1HGXBV	PIK3R1	HETLOSS	CNA
1HGXBV	CDK7	HETLOSS	CNA
1HGXBV	RAD17	HETLOSS	CNA
1HGXBV	GTF2H2	HETLOSS	CNA
1HGXBV	POLK	HETLOSS	CNA
1HGXBV	MSH3	HETLOSS	CNA
1HGXBV	XRCC4	HETLOSS	CNA
1HGXBV	RASA1	HETLOSS	CNA
1HGXBV	CCNH	HETLOSS	CNA
1HGXBV	APC	HETLOSS	CNA
1HGXBV	MCC	HETLOSS	CNA
1HGXBV	CSNK1G3	HETLOSS	CNA
1HGXBV	ACSL6	HETLOSS	CNA
1HGXBV	IRF1	HETLOSS	CNA
1HGXBV	RAD50	HETLOSS	CNA
1HGXBV	AFF4	HETLOSS	CNA
1HGXBV	UBE2B	HETLOSS	CNA
1HGXBV	HDAC3	HETLOSS	CNA
1HGXBV	ARAP3	HETLOSS	CNA
1HGXBV	ARHGAP26	HETLOSS	CNA
1HGXBV	CSF1R	HETLOSS	CNA
1HGXBV	PDGFRB	HETLOSS	CNA
1HGXBV	CD74	HETLOSS	CNA
1HGXBV	ITK	HETLOSS	CNA
1HGXBV	EBF1	HETLOSS	CNA
1HGXBV	PWWP2A	HETLOSS	CNA
1HGXBV	TLX3	HETLOSS	CNA
1HGXBV	NPM1	HETLOSS	CNA
1HGXBV	UIMC1	HETLOSS	CNA
1HGXBV	FGFR4	HETLOSS	CNA
1HGXBV	NSD1	HETLOSS	CNA
1HGXBV	NHP2	HETLOSS	CNA
1HGXBV	FLT4	HETLOSS	CNA
1HGXBV	IRF4	HETLOSS	CNA
1HGXBV	DEK	HETLOSS	CNA
1HGXBV	TDP2	HETLOSS	CNA
1HGXBV	HIST1H3B	HETLOSS	CNA
1HGXBV	HIST1H4I	HETLOSS	CNA
1HGXBV	TRIM27	HETLOSS	CNA
1HGXBV	HLA-A	HETLOSS	CNA
1HGXBV	MDC1	HETLOSS	CNA
1HGXBV	GTF2H4	HETLOSS	CNA
1HGXBV	POU5F1	HETLOSS	CNA
1HGXBV	MSH5	HETLOSS	CNA
1HGXBV	DAXX	HETLOSS	CNA
1HGXBV	HMGA1	HETLOSS	CNA
1HGXBV	FANCE	HETLOSS	CNA
1HGXBV	SRSF3	HETLOSS	CNA
1HGXBV	CDKN1A	HETLOSS	CNA
1HGXBV	PIM1	HETLOSS	CNA
1HGXBV	RNF8	HETLOSS	CNA
1HGXBV	TFEB	HETLOSS	CNA
1HGXBV	MAD1L1	HETLOSS	CNA
1HGXBV	NUDT1	HETLOSS	CNA
1HGXBV	CARD11	HETLOSS	CNA
1HGXBV	PMS2	HETLOSS	CNA
1HGXBV	RAC1	HETLOSS	CNA
1HGXBV	RPA3	HETLOSS	CNA
1HGXBV	ETV1	HETLOSS	CNA
1HGXBV	HNRNPA2B1	HETLOSS	CNA
1HGXBV	HOXA9	HETLOSS	CNA
1HGXBV	HOXA11	HETLOSS	CNA
1HGXBV	HOXA13	HETLOSS	CNA
1HGXBV	JAZF1	HETLOSS	CNA
1HGXBV	FKBP9	HETLOSS	CNA
1HGXBV	SFRP4	HETLOSS	CNA
1HGXBV	POLM	HETLOSS	CNA
1HGXBV	POLD2	HETLOSS	CNA
1HGXBV	HUS1	HETLOSS	CNA
1HGXBV	IKZF1	HETLOSS	CNA
1HGXBV	EGFR	AMP	CNA
1HGXBV	HIP1	HOMDEL	CNA
1HGXBV	ARHGEF10	HETLOSS	CNA
1HGXBV	NEIL2	HETLOSS	CNA
1HGXBV	DLC1	HETLOSS	CNA
1HGXBV	MSR1	HETLOSS	CNA
1HGXBV	PDGFRL	HETLOSS	CNA
1HGXBV	PCM1	HETLOSS	CNA
1HGXBV	LZTS1	HETLOSS	CNA
1HGXBV	LEPROTL1	HETLOSS	CNA
1HGXBV	WRN	HETLOSS	CNA
1HGXBV	NRG1	HETLOSS	CNA
1HGXBV	FGFR1	GAIN	CNA
1HGXBV	RUNX1T1	HETLOSS	CNA
1HGXBV	CDH17	HETLOSS	CNA
1HGXBV	RAD54B	HETLOSS	CNA
1HGXBV	COX6C	HETLOSS	CNA
1HGXBV	POLR2K	HETLOSS	CNA
1HGXBV	PABPC1	HETLOSS	CNA
1HGXBV	RRM2B	HETLOSS	CNA
1HGXBV	UBR5	HETLOSS	CNA
1HGXBV	RSPO2	HETLOSS	CNA
1HGXBV	EIF3E	HETLOSS	CNA
1HGXBV	DOCK8	HETLOSS	CNA
1HGXBV	JAK2	HETLOSS	CNA
1HGXBV	CD274	HETLOSS	CNA
1HGXBV	PDCD1LG2	HETLOSS	CNA
1HGXBV	PTPRD	HETLOSS	CNA
1HGXBV	NFIB	HETLOSS	CNA
1HGXBV	PSIP1	HETLOSS	CNA
1HGXBV	MLLT3	HETLOSS	CNA
1HGXBV	MTAP	HETLOSS	CNA
1HGXBV	CDKN2A	HETLOSS	CNA
1HGXBV	CDKN2B	HETLOSS	CNA
1HGXBV	ACO1	HETLOSS	CNA
1HGXBV	APTX	HETLOSS	CNA
1HGXBV	FANCG	HETLOSS	CNA
1HGXBV	RMRP	HETLOSS	CNA
1HGXBV	PAX5	HETLOSS	CNA
1HGXBV	LARP4B	HETLOSS	CNA
1HGXBV	KLF6	HETLOSS	CNA
1HGXBV	GATA3	HETLOSS	CNA
1HGXBV	DCLRE1C	HETLOSS	CNA
1HGXBV	MLLT10	HETLOSS	CNA
1HGXBV	CUL2	HETLOSS	CNA
1HGXBV	HRAS	HETLOSS	CNA
1HGXBV	POLR2L	HETLOSS	CNA
1HGXBV	CDKN1C	HETLOSS	CNA
1HGXBV	SLC22A18	HETLOSS	CNA
1HGXBV	CARS	HETLOSS	CNA
1HGXBV	NUP98	HETLOSS	CNA
1HGXBV	LMO1	HETLOSS	CNA
1HGXBV	ARNTL	HETLOSS	CNA
1HGXBV	MYOD1	HETLOSS	CNA
1HGXBV	GTF2H1	HETLOSS	CNA
1HGXBV	LDHA	HETLOSS	CNA
1HGXBV	DDB2	HETLOSS	CNA
1HGXBV	GJB2	HETLOSS	CNA
1HGXBV	PARP4	HETLOSS	CNA
1HGXBV	RNF6	HETLOSS	CNA
1HGXBV	CDX2	HETLOSS	CNA
1HGXBV	FLT3	HETLOSS	CNA
1HGXBV	HMGB1	HETLOSS	CNA
1HGXBV	BRCA2	HETLOSS	CNA
1HGXBV	RFC3	HETLOSS	CNA
1HGXBV	NBEA	HETLOSS	CNA
1HGXBV	LHFP	HETLOSS	CNA
1HGXBV	FOXO1	HETLOSS	CNA
1HGXBV	ELF1	HETLOSS	CNA
1HGXBV	LCP1	HETLOSS	CNA
1HGXBV	RB1	HETLOSS	CNA
1HGXBV	CYSLTR2	HETLOSS	CNA
1HGXBV	NKX2-1	AMP	CNA
1HGXBV	FANCM	HETLOSS	CNA
1HGXBV	POLE2	HETLOSS	CNA
1HGXBV	NIN	HETLOSS	CNA
1HGXBV	GNG2	HETLOSS	CNA
1HGXBV	KTN1	HETLOSS	CNA
1HGXBV	SIX1	HETLOSS	CNA
1HGXBV	MNAT1	HETLOSS	CNA
1HGXBV	HIF1A	HETLOSS	CNA
1HGXBV	MAX	HETLOSS	CNA
1HGXBV	GPHN	HETLOSS	CNA
1HGXBV	RAD51B	HETLOSS	CNA
1HGXBV	ZFP36L1	HETLOSS	CNA
1HGXBV	MLH3	HETLOSS	CNA
1HGXBV	ALKBH1	HETLOSS	CNA
1HGXBV	TSHR	HETLOSS	CNA
1HGXBV	TDP1	HETLOSS	CNA
1HGXBV	C17orf70	GAIN	CNA
1HGXBV	PPP4R1	HETLOSS	CNA
1HGXBV	RBBP8	HOMDEL	CNA
1HGXBV	SS18	HETLOSS	CNA
1HGXBV	SETBP1	HETLOSS	CNA
1HGXBV	SMAD2	HETLOSS	CNA
1HGXBV	SMAD4	HETLOSS	CNA
1HGXBV	DCC	HETLOSS	CNA
1HGXBV	POLI	HETLOSS	CNA
1HGXBV	MALT1	HETLOSS	CNA
1HGXBV	BCL2	HETLOSS	CNA
1HGXBV	KDSR	HETLOSS	CNA
1HGXBV	FSTL3	HETLOSS	CNA
1HGXBV	ELANE	HETLOSS	CNA
1HGXBV	POLR2E	HETLOSS	CNA
1HGXBV	STK11	HETLOSS	CNA
1HGXBV	TCF3	HETLOSS	CNA
1HGXBV	GNA11	HETLOSS	CNA
1HGXBV	MAP2K2	HETLOSS	CNA
1HGXBV	SH3GL1	HETLOSS	CNA
1HGXBV	CHAF1A	HETLOSS	CNA
1HGXBV	MLLT1	HETLOSS	CNA
1HGXBV	VAV1	HETLOSS	CNA
1HGXBV	XAB2	HETLOSS	CNA
1HGXBV	CD209	HETLOSS	CNA
1HGXBV	MUC16	HETLOSS	CNA
1HGXBV	KEAP1	HETLOSS	CNA
1HGXBV	DNM2	HETLOSS	CNA
1HGXBV	SMARCA4	HETLOSS	CNA
1HGXBV	CALR	HETLOSS	CNA
1HGXBV	RAD23A	HETLOSS	CNA
1HGXBV	LYL1	HETLOSS	CNA
1HGXBV	PRKACA	HETLOSS	CNA
1HGXBV	DNAJB1	HETLOSS	CNA
1HGXBV	BRD4	HETLOSS	CNA
1HGXBV	TPM4	HETLOSS	CNA
1HGXBV	JAK3	HETLOSS	CNA
1HGXBV	PIK3R2	HETLOSS	CNA
1HGXBV	PIK3R2	HETLOSS	CNA
1HGXBV	ELL	HETLOSS	CNA
1HGXBV	CRTC1	HETLOSS	CNA
1HGXBV	ZNF429	HETLOSS	CNA
1HGXBV	CCNE1	HETLOSS	CNA
1HGXBV	CEP89	HETLOSS	CNA
1HGXBV	C19orf40	HETLOSS	CNA
1HGXBV	CEBPA	HETLOSS	CNA
1HGXBV	LSM14A	HETLOSS	CNA
1HGXBV	CRNKL1	HETLOSS	CNA
1HGXBV	FOXA2	HETLOSS	CNA
1HGXBV	ITSN1	HETLOSS	CNA
1HGXBV	RUNX1	HETLOSS	CNA
1HGXBV	ERG	HETLOSS	CNA
1HGXBV	TMPRSS2	HETLOSS	CNA
1HGXBV	U2AF1	HETLOSS	CNA
1HGXBV	CRLF2	HETLOSS	CNA
1HGXBV	P2RY8	HETLOSS	CNA
1HGXBV	TMSB4X	HETLOSS	CNA
1HGXBV	FANCB	HETLOSS	CNA
1HGXBV	ZRSR2	HETLOSS	CNA
1HGXBV	EIF1AX	HETLOSS	CNA
1HGXBV	FAM47C	HETLOSS	CNA
1HGXBV	RPGR	HETLOSS	CNA
1HGXBV	BCOR	HETLOSS	CNA
1HGXBV	ATP6AP2	HETLOSS	CNA
1HGXBV	DDX3X	HETLOSS	CNA
1HGXBV	KDM6A	HETLOSS	CNA
1HGXBV	RBM10	HETLOSS	CNA
1HGXBV	ARAF	HETLOSS	CNA
1HGXBV	SSX1	HETLOSS	CNA
1HGXBV	SSX4	HETLOSS	CNA
1HGXBV	WAS	HETLOSS	CNA
1HGXBV	GATA1	HETLOSS	CNA
1HGXBV	TFE3	HETLOSS	CNA
1HGXBV	SSX2	HETLOSS	CNA
1HGXBV	KDM5C	HETLOSS	CNA
1HGXBV	SMC1A	HETLOSS	CNA
1HGXBV	APEX2	HETLOSS	CNA
1HGXBV	AMER1	HOMDEL	CNA
1HGXBV	MSN	HETLOSS	CNA
1HGXBV	AR	HETLOSS	CNA
1HGXBV	FOXO4	HETLOSS	CNA
1HGXBV	MED12	HETLOSS	CNA
1HGXBV	ZMYM3	HETLOSS	CNA
1HGXBV	NONO	HETLOSS	CNA
1HGXBV	ATRX	HETLOSS	CNA
1HGXBV	BTK	HETLOSS	CNA
1HGXBV	IRS4	HETLOSS	CNA
1HGXBV	UBE2A	HETLOSS	CNA
1HGXBV	SEPT6	HETLOSS	CNA
1HGXBV	UPF3B	HETLOSS	CNA
1HGXBV	STAG2	HETLOSS	CNA
1HGXBV	DCAF12L2	HETLOSS	CNA
1HGXBV	SMARCA1	HETLOSS	CNA
1HGXBV	BCORL1	HETLOSS	CNA
1HGXBV	ELF4	HETLOSS	CNA
1HGXBV	GPC3	HETLOSS	CNA
1HGXBV	PHF6	HETLOSS	CNA
1HGXBV	ARHGEF6	HETLOSS	CNA
1HGXBV	FMR1	HETLOSS	CNA
1HGXBV	CETN2	HETLOSS	CNA
1HGXBV	TREX2	HETLOSS	CNA
1HGXBV	ATP2B3	HETLOSS	CNA
1HGXBV	FLNA	HETLOSS	CNA
1HGXBV	RPL10	HETLOSS	CNA
1HGXBV	MTCP1	HETLOSS	CNA
1HGXBV	CRLF2	HOMDEL	CNA
1HGXBV	P2RY8	HOMDEL	CNA
K0HCJ3	PTPRC	GAIN	CNA
K0HCJ3	CNBP	GAIN	CNA
K0HCJ3	MBD4	GAIN	CNA
K0HCJ3	STAG1	GAIN	CNA
K0HCJ3	RASA2	GAIN	CNA
K0HCJ3	TFDP2	GAIN	CNA
K0HCJ3	XRN1	GAIN	CNA
K0HCJ3	ATR	GAIN	CNA
K0HCJ3	HLTF	GAIN	CNA
K0HCJ3	WWTR1	GAIN	CNA
K0HCJ3	MLF1	GAIN	CNA
K0HCJ3	MECOM	GAIN	CNA
K0HCJ3	PIK3CA	GAIN	CNA
K0HCJ3	FXR1	GAIN	CNA
K0HCJ3	SOX2	GAIN	CNA
K0HCJ3	POLR2H	GAIN	CNA
K0HCJ3	BCL6	GAIN	CNA
K0HCJ3	LPP	GAIN	CNA
K0HCJ3	TP63	GAIN	CNA
K0HCJ3	MB21D2	GAIN	CNA
K0HCJ3	HES1	GAIN	CNA
K0HCJ3	MUC20	GAIN	CNA
K0HCJ3	MUC4	GAIN	CNA
K0HCJ3	TFRC	GAIN	CNA
K0HCJ3	RNF168	GAIN	CNA
K0HCJ3	SDHA	GAIN	CNA
K0HCJ3	TERT	GAIN	CNA
K0HCJ3	CTNND2	GAIN	CNA
K0HCJ3	CDH10	GAIN	CNA
K0HCJ3	DROSHA	GAIN	CNA
K0HCJ3	IL7R	GAIN	CNA
K0HCJ3	LIFR	GAIN	CNA
K0HCJ3	GTF2H2	HOMDEL	CNA
K0HCJ3	ELN	GAIN	CNA
K0HCJ3	PMS2P3	HETLOSS	CNA
K0HCJ3	HIP1	HETLOSS	CNA
K0HCJ3	CREB3L2	GAIN	CNA
K0HCJ3	WHSC1L1	AMP	CNA
K0HCJ3	FGFR1	AMP	CNA
K0HCJ3	PRKDC	GAIN	CNA
K0HCJ3	UBE2V2	GAIN	CNA
K0HCJ3	TCEA1	GAIN	CNA
K0HCJ3	PLAG1	GAIN	CNA
K0HCJ3	CHCHD7	GAIN	CNA
K0HCJ3	PREX2	GAIN	CNA
K0HCJ3	NCOA2	GAIN	CNA
K0HCJ3	EYA1	GAIN	CNA
K0HCJ3	TCEB1	GAIN	CNA
K0HCJ3	HEY1	GAIN	CNA
K0HCJ3	NBN	GAIN	CNA
K0HCJ3	RUNX1T1	GAIN	CNA
K0HCJ3	CDH17	GAIN	CNA
K0HCJ3	RAD54B	GAIN	CNA
K0HCJ3	COX6C	GAIN	CNA
K0HCJ3	POLR2K	GAIN	CNA
K0HCJ3	PABPC1	GAIN	CNA
K0HCJ3	RRM2B	GAIN	CNA
K0HCJ3	UBR5	GAIN	CNA
K0HCJ3	RSPO2	GAIN	CNA
K0HCJ3	EIF3E	GAIN	CNA
K0HCJ3	CSMD3	GAIN	CNA
K0HCJ3	RAD21	GAIN	CNA
K0HCJ3	EXT1	GAIN	CNA
K0HCJ3	NSMCE2	GAIN	CNA
K0HCJ3	MYC	GAIN	CNA
K0HCJ3	NDRG1	GAIN	CNA
K0HCJ3	FAM135B	GAIN	CNA
K0HCJ3	TSHR	GAIN	CNA
K0HCJ3	TDP1	GAIN	CNA
K0HCJ3	TRIP11	GAIN	CNA
K0HCJ3	GOLGA5	GAIN	CNA
K0HCJ3	PPP4R4	GAIN	CNA
K0HCJ3	SERPINA1	GAIN	CNA
K0HCJ3	DICER1	GAIN	CNA
K0HCJ3	TCL1A	GAIN	CNA
K0HCJ3	HSP90AA1	GAIN	CNA
K0HCJ3	TRAF3	GAIN	CNA
K0HCJ3	AKT1	GAIN	CNA
K0HCJ3	PIK3R2	GAIN	CNA
K0HCJ3	PIK3R2	GAIN	CNA
K0HCJ3	POLR2I	GAIN	CNA
K0HCJ3	ASXL1	GAIN	CNA
K0HCJ3	LZTR1	GAIN	CNA
K0HCJ3	MAPK1	GAIN	CNA
K0HCJ3	TOP3B	GAIN	CNA
K0HCJ3	BCR	GAIN	CNA
K0HCJ3	SMARCB1	AMP	CNA
K0HCJ3	CRLF2	HOMDEL	CNA
K0HCJ3	P2RY8	HOMDEL	CNA
PR84W0	THRAP3	AMP	CNA
PR84W0	SF3A3	AMP	CNA
PR84W0	MYCL	GAIN	CNA
PR84W0	WWTR1	GAIN	CNA
PR84W0	GMPS	GAIN	CNA
PR84W0	MLF1	GAIN	CNA
PR84W0	MECOM	GAIN	CNA
PR84W0	PIK3CA	GAIN	CNA
PR84W0	FXR1	GAIN	CNA
PR84W0	SOX2	GAIN	CNA
PR84W0	POLR2H	GAIN	CNA
PR84W0	MAP3K13	GAIN	CNA
PR84W0	IGF2BP2	GAIN	CNA
PR84W0	ETV5	GAIN	CNA
PR84W0	EIF4A2	GAIN	CNA
PR84W0	RFC4	GAIN	CNA
PR84W0	BCL6	GAIN	CNA
PR84W0	LPP	GAIN	CNA
PR84W0	TP63	GAIN	CNA
PR84W0	MB21D2	GAIN	CNA
PR84W0	HES1	GAIN	CNA
PR84W0	MUC20	GAIN	CNA
PR84W0	MUC4	GAIN	CNA
PR84W0	TFRC	GAIN	CNA
PR84W0	RNF168	GAIN	CNA
PR84W0	TEC	GAIN	CNA
PR84W0	DROSHA	GAIN	CNA
PR84W0	IL7R	GAIN	CNA
PR84W0	LIFR	GAIN	CNA
PR84W0	QKI	GAIN	CNA
PR84W0	PMS2P3	HETLOSS	CNA
PR84W0	HIP1	HETLOSS	CNA
PR84W0	WHSC1L1	AMP	CNA
PR84W0	FGFR1	AMP	CNA
PR84W0	MYOD1	GAIN	CNA
PR84W0	CCND1	GAIN	CNA
PR84W0	KDM5A	GAIN	CNA
PR84W0	RAD52	GAIN	CNA
PR84W0	ERC1	GAIN	CNA
PR84W0	CCND2	GAIN	CNA
PR84W0	CHD4	GAIN	CNA
PR84W0	ZNF384	GAIN	CNA
PR84W0	PTPN6	GAIN	CNA
PR84W0	ETV6	GAIN	CNA
PR84W0	CDKN1B	GAIN	CNA
PR84W0	RECQL	GAIN	CNA
PR84W0	ETNK1	GAIN	CNA
PR84W0	KRAS	GAIN	CNA
PR84W0	PPFIBP1	GAIN	CNA
PR84W0	RAD51C	GAIN	CNA
PR84W0	RBBP8	HETLOSS	CNA
PR84W0	ASXL1	AMP	CNA
PR84W0	TMSB4X	HETLOSS	CNA
PR84W0	FANCB	HETLOSS	CNA
PR84W0	ZRSR2	HETLOSS	CNA
PR84W0	EIF1AX	HETLOSS	CNA
PR84W0	FAM47C	HETLOSS	CNA
PR84W0	RPGR	HETLOSS	CNA
PR84W0	BCOR	HETLOSS	CNA
PR84W0	ATP6AP2	HETLOSS	CNA
PR84W0	DDX3X	HETLOSS	CNA
PR84W0	KDM6A	HETLOSS	CNA
PR84W0	RBM10	HETLOSS	CNA
PR84W0	ARAF	HETLOSS	CNA
PR84W0	SSX1	HETLOSS	CNA
PR84W0	SSX4	HETLOSS	CNA
PR84W0	WAS	HETLOSS	CNA
PR84W0	GATA1	HETLOSS	CNA
PR84W0	TFE3	HETLOSS	CNA
PR84W0	SSX2	HETLOSS	CNA
PR84W0	KDM5C	HETLOSS	CNA
PR84W0	SMC1A	HETLOSS	CNA
PR84W0	APEX2	HETLOSS	CNA
PR84W0	AMER1	HOMDEL	CNA
PR84W0	MSN	HETLOSS	CNA
PR84W0	AR	HETLOSS	CNA
PR84W0	FOXO4	HETLOSS	CNA
PR84W0	MED12	HETLOSS	CNA
PR84W0	ZMYM3	HETLOSS	CNA
PR84W0	NONO	HETLOSS	CNA
PR84W0	ATRX	HETLOSS	CNA
PR84W0	BTK	HETLOSS	CNA
PR84W0	IRS4	HETLOSS	CNA
PR84W0	ARHGEF6	HETLOSS	CNA
PR84W0	CETN2	HETLOSS	CNA
PR84W0	TREX2	HETLOSS	CNA
PR84W0	ATP2B3	HETLOSS	CNA
PR84W0	FLNA	HETLOSS	CNA
PR84W0	RPL10	HETLOSS	CNA
PR84W0	MTCP1	HETLOSS	CNA
PR84W0	CRLF2	HOMDEL	CNA
PR84W0	P2RY8	HOMDEL	CNA
E14MK8	C1orf86	HETLOSS	CNA
E14MK8	SKI	HETLOSS	CNA
E14MK8	TNFRSF14	HETLOSS	CNA
E14MK8	PRDM16	HETLOSS	CNA
E14MK8	RPL22	HETLOSS	CNA
E14MK8	CAMTA1	HETLOSS	CNA
E14MK8	APITD1	HETLOSS	CNA
E14MK8	MTOR	HETLOSS	CNA
E14MK8	MAD2L2	HETLOSS	CNA
E14MK8	PRDM2	HETLOSS	CNA
E14MK8	CASP9	HETLOSS	CNA
E14MK8	SPEN	HETLOSS	CNA
E14MK8	EPHA2	HETLOSS	CNA
E14MK8	SDHB	HETLOSS	CNA
E14MK8	ARHGEF10L	HETLOSS	CNA
E14MK8	PAX7	HETLOSS	CNA
E14MK8	ID3	HETLOSS	CNA
E14MK8	MDS2	HETLOSS	CNA
E14MK8	TCEB3	HETLOSS	CNA
E14MK8	RUNX3	HETLOSS	CNA
E14MK8	ARID1A	HETLOSS	CNA
E14MK8	RPA2	HETLOSS	CNA
E14MK8	EYA3	HETLOSS	CNA
E14MK8	LCK	HETLOSS	CNA
E14MK8	SFPQ	HETLOSS	CNA
E14MK8	CLSPN	HETLOSS	CNA
E14MK8	THRAP3	HETLOSS	CNA
E14MK8	CSF3R	HETLOSS	CNA
E14MK8	SF3A3	HETLOSS	CNA
E14MK8	MYCL	HETLOSS	CNA
E14MK8	MPL	HETLOSS	CNA
E14MK8	UROD	HETLOSS	CNA
E14MK8	MUTYH	HETLOSS	CNA
E14MK8	RAD54L	HETLOSS	CNA
E14MK8	TAL1	HETLOSS	CNA
E14MK8	STIL	HETLOSS	CNA
E14MK8	FAF1	HETLOSS	CNA
E14MK8	CDKN2C	HETLOSS	CNA
E14MK8	EPS15	HETLOSS	CNA
E14MK8	JUN	HETLOSS	CNA
E14MK8	USP1	HETLOSS	CNA
E14MK8	JAK1	HETLOSS	CNA
E14MK8	GADD45A	HETLOSS	CNA
E14MK8	MSH4	HETLOSS	CNA
E14MK8	FUBP1	HETLOSS	CNA
E14MK8	BCL10	HETLOSS	CNA
E14MK8	HFM1	HETLOSS	CNA
E14MK8	RPL5	HETLOSS	CNA
E14MK8	ARHGAP29	HETLOSS	CNA
E14MK8	GPSM2	HETLOSS	CNA
E14MK8	RBM15	HETLOSS	CNA
E14MK8	TRIM33	HETLOSS	CNA
E14MK8	NRAS	HETLOSS	CNA
E14MK8	CSDE1	HETLOSS	CNA
E14MK8	ATP1A1	HETLOSS	CNA
E14MK8	FAM46C	HETLOSS	CNA
E14MK8	NOTCH2	HETLOSS	CNA
E14MK8	PDE4DIP	HETLOSS	CNA
E14MK8	BCL9	HETLOSS	CNA
E14MK8	ARNT	HETLOSS	CNA
E14MK8	MLLT11	HETLOSS	CNA
E14MK8	S100A7	HETLOSS	CNA
E14MK8	TPM3	HETLOSS	CNA
E14MK8	MUC1	HETLOSS	CNA
E14MK8	GBA	HETLOSS	CNA
E14MK8	LMNA	HETLOSS	CNA
E14MK8	PRCC	HETLOSS	CNA
E14MK8	NTRK1	HETLOSS	CNA
E14MK8	FCRL4	HETLOSS	CNA
E14MK8	SDHC	HETLOSS	CNA
E14MK8	FCGR2B	HETLOSS	CNA
E14MK8	DDR2	HETLOSS	CNA
E14MK8	PBX1	HETLOSS	CNA
E14MK8	PRRX1	HETLOSS	CNA
E14MK8	ABL2	HETLOSS	CNA
E14MK8	TPR	HETLOSS	CNA
E14MK8	CDC73	HETLOSS	CNA
E14MK8	PTPRC	HETLOSS	CNA
E14MK8	ELF3	HETLOSS	CNA
E14MK8	UBE2T	HETLOSS	CNA
E14MK8	MDM4	HETLOSS	CNA
E14MK8	ELK4	HETLOSS	CNA
E14MK8	SLC45A3	HETLOSS	CNA
E14MK8	TRAF5	HETLOSS	CNA
E14MK8	PPP2R5A	HETLOSS	CNA
E14MK8	H3F3A	HETLOSS	CNA
E14MK8	PARP1	HETLOSS	CNA
E14MK8	SPRTN	HETLOSS	CNA
E14MK8	ARID4B	HETLOSS	CNA
E14MK8	RGS7	HETLOSS	CNA
E14MK8	FH	HETLOSS	CNA
E14MK8	EXO1	HETLOSS	CNA
E14MK8	AKT3	HETLOSS	CNA
E14MK8	MYCN	HETLOSS	CNA
E14MK8	SMC6	HETLOSS	CNA
E14MK8	GEN1	HETLOSS	CNA
E14MK8	C2orf44	HETLOSS	CNA
E14MK8	NCOA1	HETLOSS	CNA
E14MK8	DNMT3A	HETLOSS	CNA
E14MK8	ASXL2	HETLOSS	CNA
E14MK8	BRE	HETLOSS	CNA
E14MK8	ALK	HETLOSS	CNA
E14MK8	BIRC6	HETLOSS	CNA
E14MK8	STRN	HETLOSS	CNA
E14MK8	MAP4K3	HETLOSS	CNA
E14MK8	EML4	HETLOSS	CNA
E14MK8	ZFP36L2	HETLOSS	CNA
E14MK8	LRPPRC	HETLOSS	CNA
E14MK8	SIX2	HETLOSS	CNA
E14MK8	EPAS1	HETLOSS	CNA
E14MK8	EPCAM	HETLOSS	CNA
E14MK8	MSH2	HETLOSS	CNA
E14MK8	MSH6	HETLOSS	CNA
E14MK8	FBXO11	HETLOSS	CNA
E14MK8	RTN4	HETLOSS	CNA
E14MK8	FANCL	HETLOSS	CNA
E14MK8	BCL11A	HETLOSS	CNA
E14MK8	REL	HETLOSS	CNA
E14MK8	XPO1	HETLOSS	CNA
E14MK8	APLF	HETLOSS	CNA
E14MK8	PCBP1	HETLOSS	CNA
E14MK8	DCTN1	HETLOSS	CNA
E14MK8	POLE4	HETLOSS	CNA
E14MK8	CTNNA2	HETLOSS	CNA
E14MK8	EIF2AK3	HETLOSS	CNA
E14MK8	TMEM127	HETLOSS	CNA
E14MK8	INPP4A	HETLOSS	CNA
E14MK8	REV1	HETLOSS	CNA
E14MK8	AFF3	HETLOSS	CNA
E14MK8	RGPD3	HETLOSS	CNA
E14MK8	RANBP2	HETLOSS	CNA
E14MK8	PAX8	HETLOSS	CNA
E14MK8	ERCC3	HETLOSS	CNA
E14MK8	POLR2D	HETLOSS	CNA
E14MK8	CXCR4	HETLOSS	CNA
E14MK8	LRP1B	HETLOSS	CNA
E14MK8	ACVR2A	HETLOSS	CNA
E14MK8	NR4A2	HETLOSS	CNA
E14MK8	ACVR1	HETLOSS	CNA
E14MK8	ABCB11	HETLOSS	CNA
E14MK8	HOXD13	HETLOSS	CNA
E14MK8	HOXD11	HETLOSS	CNA
E14MK8	NFE2L2	HETLOSS	CNA
E14MK8	NCKAP1	HETLOSS	CNA
E14MK8	ITGAV	HETLOSS	CNA
E14MK8	COL3A1	HETLOSS	CNA
E14MK8	PMS1	HETLOSS	CNA
E14MK8	ANKRD44	HETLOSS	CNA
E14MK8	SF3B1	HETLOSS	CNA
E14MK8	CASP10	HETLOSS	CNA
E14MK8	CASP8	HETLOSS	CNA
E14MK8	BMPR2	HETLOSS	CNA
E14MK8	CD28	HETLOSS	CNA
E14MK8	CREB1	HETLOSS	CNA
E14MK8	IDH1	HETLOSS	CNA
E14MK8	ERBB4	HETLOSS	CNA
E14MK8	BARD1	HETLOSS	CNA
E14MK8	ATIC	HETLOSS	CNA
E14MK8	FN1	HETLOSS	CNA
E14MK8	XRCC5	HETLOSS	CNA
E14MK8	FEV	HETLOSS	CNA
E14MK8	NHEJ1	HETLOSS	CNA
E14MK8	PAX3	HETLOSS	CNA
E14MK8	ACSL3	HETLOSS	CNA
E14MK8	CUL3	HETLOSS	CNA
E14MK8	DIS3L2	HETLOSS	CNA
E14MK8	ACKR3	HETLOSS	CNA
E14MK8	CRBN	HETLOSS	CNA
E14MK8	SETMAR	HETLOSS	CNA
E14MK8	RAD18	HETLOSS	CNA
E14MK8	SRGAP3	HETLOSS	CNA
E14MK8	OGG1	HETLOSS	CNA
E14MK8	FANCD2	HETLOSS	CNA
E14MK8	VHL	HETLOSS	CNA
E14MK8	PPARG	HETLOSS	CNA
E14MK8	RAF1	HETLOSS	CNA
E14MK8	FBLN2	HETLOSS	CNA
E14MK8	XPC	HETLOSS	CNA
E14MK8	ANKRD28	HETLOSS	CNA
E14MK8	TGFBR2	HETLOSS	CNA
E14MK8	CCR4	HETLOSS	CNA
E14MK8	CLASP2	HETLOSS	CNA
E14MK8	MLH1	HETLOSS	CNA
E14MK8	MYD88	HETLOSS	CNA
E14MK8	WDR48	HETLOSS	CNA
E14MK8	CTNNB1	HETLOSS	CNA
E14MK8	SETD2	HETLOSS	CNA
E14MK8	TREX1	HETLOSS	CNA
E14MK8	COL7A1	HETLOSS	CNA
E14MK8	NCKIPSD	HETLOSS	CNA
E14MK8	RHOA	HETLOSS	CNA
E14MK8	RBM5	HETLOSS	CNA
E14MK8	PARP3	HETLOSS	CNA
E14MK8	BAP1	HETLOSS	CNA
E14MK8	PBRM1	HETLOSS	CNA
E14MK8	CACNA1D	HETLOSS	CNA
E14MK8	FHIT	HETLOSS	CNA
E14MK8	MITF	HETLOSS	CNA
E14MK8	FOXP1	HETLOSS	CNA
E14MK8	PPP4R2	HETLOSS	CNA
E14MK8	ROBO2	HETLOSS	CNA
E14MK8	EPHA3	HETLOSS	CNA
E14MK8	HLTF	HETLOSS	CNA
E14MK8	WWTR1	HETLOSS	CNA
E14MK8	GMPS	HETLOSS	CNA
E14MK8	MLF1	HETLOSS	CNA
E14MK8	UVSSA	HETLOSS	CNA
E14MK8	FGFR3	HETLOSS	CNA
E14MK8	WHSC1	HETLOSS	CNA
E14MK8	POLN	HETLOSS	CNA
E14MK8	RNF4	HETLOSS	CNA
E14MK8	DHX15	HETLOSS	CNA
E14MK8	SLC34A2	HETLOSS	CNA
E14MK8	RFC1	HETLOSS	CNA
E14MK8	N4BP2	HETLOSS	CNA
E14MK8	RHOH	HETLOSS	CNA
E14MK8	PHOX2B	HETLOSS	CNA
E14MK8	FIP1L1	HETLOSS	CNA
E14MK8	CHIC2	HETLOSS	CNA
E14MK8	PDGFRA	HETLOSS	CNA
E14MK8	KIT	HETLOSS	CNA
E14MK8	KDR	HETLOSS	CNA
E14MK8	CLOCK	HETLOSS	CNA
E14MK8	POLR2B	HETLOSS	CNA
E14MK8	ALB	HETLOSS	CNA
E14MK8	SEC31A	HETLOSS	CNA
E14MK8	HELQ	HETLOSS	CNA
E14MK8	FAM175A	HETLOSS	CNA
E14MK8	PTPN13	HETLOSS	CNA
E14MK8	AFF1	HETLOSS	CNA
E14MK8	SMARCAD1	HETLOSS	CNA
E14MK8	RAP1GDS1	HETLOSS	CNA
E14MK8	TET2	HETLOSS	CNA
E14MK8	LEF1	HETLOSS	CNA
E14MK8	SEC24D	HETLOSS	CNA
E14MK8	IL2	HETLOSS	CNA
E14MK8	FAT4	HETLOSS	CNA
E14MK8	INPP4B	HETLOSS	CNA
E14MK8	FBXW7	HETLOSS	CNA
E14MK8	HMGB2	HETLOSS	CNA
E14MK8	NEIL3	HETLOSS	CNA
E14MK8	ING2	HETLOSS	CNA
E14MK8	IRF2	HETLOSS	CNA
E14MK8	CASP3	HETLOSS	CNA
E14MK8	FAT1	HETLOSS	CNA
E14MK8	SDHA	HETLOSS	CNA
E14MK8	TERT	HETLOSS	CNA
E14MK8	CTNND2	HETLOSS	CNA
E14MK8	CDH10	HETLOSS	CNA
E14MK8	DROSHA	HETLOSS	CNA
E14MK8	IL7R	HETLOSS	CNA
E14MK8	LIFR	HETLOSS	CNA
E14MK8	IL6ST	HETLOSS	CNA
E14MK8	MAP3K1	HETLOSS	CNA
E14MK8	DEPDC1B	HETLOSS	CNA
E14MK8	ERCC8	HETLOSS	CNA
E14MK8	ERBB2IP	HETLOSS	CNA
E14MK8	PIK3R1	HETLOSS	CNA
E14MK8	CDK7	HETLOSS	CNA
E14MK8	RAD17	HETLOSS	CNA
E14MK8	GTF2H2	HETLOSS	CNA
E14MK8	POLK	HETLOSS	CNA
E14MK8	MSH3	HETLOSS	CNA
E14MK8	XRCC4	HETLOSS	CNA
E14MK8	RASA1	HETLOSS	CNA
E14MK8	CCNH	HETLOSS	CNA
E14MK8	APC	HETLOSS	CNA
E14MK8	MCC	HETLOSS	CNA
E14MK8	CSNK1G3	HETLOSS	CNA
E14MK8	ACSL6	HETLOSS	CNA
E14MK8	IRF1	HETLOSS	CNA
E14MK8	RAD50	HETLOSS	CNA
E14MK8	AFF4	HETLOSS	CNA
E14MK8	UBE2B	HETLOSS	CNA
E14MK8	HDAC3	HETLOSS	CNA
E14MK8	ARAP3	HETLOSS	CNA
E14MK8	ARHGAP26	HETLOSS	CNA
E14MK8	CSF1R	HETLOSS	CNA
E14MK8	PDGFRB	HETLOSS	CNA
E14MK8	CD74	HETLOSS	CNA
E14MK8	ITK	HETLOSS	CNA
E14MK8	EBF1	HETLOSS	CNA
E14MK8	PWWP2A	HETLOSS	CNA
E14MK8	TLX3	HETLOSS	CNA
E14MK8	NPM1	HETLOSS	CNA
E14MK8	UIMC1	HETLOSS	CNA
E14MK8	FGFR4	HETLOSS	CNA
E14MK8	NSD1	HETLOSS	CNA
E14MK8	NHP2	HETLOSS	CNA
E14MK8	FLT4	HETLOSS	CNA
E14MK8	IRF4	HETLOSS	CNA
E14MK8	DEK	HETLOSS	CNA
E14MK8	TDP2	HETLOSS	CNA
E14MK8	HIST1H3B	HETLOSS	CNA
E14MK8	HIST1H4I	HETLOSS	CNA
E14MK8	TRIM27	HETLOSS	CNA
E14MK8	HLA-A	HETLOSS	CNA
E14MK8	MDC1	HETLOSS	CNA
E14MK8	GTF2H4	HETLOSS	CNA
E14MK8	POU5F1	HETLOSS	CNA
E14MK8	MSH5	HETLOSS	CNA
E14MK8	DAXX	HETLOSS	CNA
E14MK8	HMGA1	HETLOSS	CNA
E14MK8	FANCE	HETLOSS	CNA
E14MK8	SRSF3	HETLOSS	CNA
E14MK8	CDKN1A	HETLOSS	CNA
E14MK8	PIM1	HETLOSS	CNA
E14MK8	RNF8	HETLOSS	CNA
E14MK8	TFEB	HETLOSS	CNA
E14MK8	CCND3	HETLOSS	CNA
E14MK8	POLH	HETLOSS	CNA
E14MK8	HSP90AB1	HETLOSS	CNA
E14MK8	NFKBIE	HETLOSS	CNA
E14MK8	BMP5	HETLOSS	CNA
E14MK8	EEF1A1	HETLOSS	CNA
E14MK8	TMEM30A	HETLOSS	CNA
E14MK8	ZNF292	HETLOSS	CNA
E14MK8	EPHA7	HETLOSS	CNA
E14MK8	REV3L	HETLOSS	CNA
E14MK8	HDAC2	HETLOSS	CNA
E14MK8	ROS1	HETLOSS	CNA
E14MK8	GOPC	HETLOSS	CNA
E14MK8	RSPO3	HETLOSS	CNA
E14MK8	PTPRK	HETLOSS	CNA
E14MK8	MED23	HETLOSS	CNA
E14MK8	SGK1	HETLOSS	CNA
E14MK8	MYB	HETLOSS	CNA
E14MK8	BCLAF1	HETLOSS	CNA
E14MK8	TNFAIP3	HETLOSS	CNA
E14MK8	ECT2L	HETLOSS	CNA
E14MK8	SHPRH	HETLOSS	CNA
E14MK8	ESR1	HETLOSS	CNA
E14MK8	ARID1B	HETLOSS	CNA
E14MK8	GTF2H5	HETLOSS	CNA
E14MK8	EZR	HETLOSS	CNA
E14MK8	IGF2R	HETLOSS	CNA
E14MK8	QKI	HETLOSS	CNA
E14MK8	FGFR1OP	HETLOSS	CNA
E14MK8	MLLT4	HETLOSS	CNA
E14MK8	MAD1L1	HETLOSS	CNA
E14MK8	NUDT1	HETLOSS	CNA
E14MK8	CARD11	HETLOSS	CNA
E14MK8	PMS2	HETLOSS	CNA
E14MK8	RAC1	HETLOSS	CNA
E14MK8	RPA3	HETLOSS	CNA
E14MK8	ETV1	HETLOSS	CNA
E14MK8	HNRNPA2B1	HETLOSS	CNA
E14MK8	HOXA9	HETLOSS	CNA
E14MK8	HOXA11	HETLOSS	CNA
E14MK8	HOXA13	HETLOSS	CNA
E14MK8	JAZF1	HETLOSS	CNA
E14MK8	FKBP9	HETLOSS	CNA
E14MK8	SFRP4	HETLOSS	CNA
E14MK8	POLM	HETLOSS	CNA
E14MK8	POLD2	HETLOSS	CNA
E14MK8	HUS1	HETLOSS	CNA
E14MK8	IKZF1	HETLOSS	CNA
E14MK8	EGFR	HETLOSS	CNA
E14MK8	ZNF479	HETLOSS	CNA
E14MK8	SBDS	HETLOSS	CNA
E14MK8	ELN	HETLOSS	CNA
E14MK8	RFC2	HETLOSS	CNA
E14MK8	PMS2P3	HETLOSS	CNA
E14MK8	HIP1	HETLOSS	CNA
E14MK8	PTPN12	HETLOSS	CNA
E14MK8	GNAI1	HETLOSS	CNA
E14MK8	GRM3	HETLOSS	CNA
E14MK8	AKAP9	HETLOSS	CNA
E14MK8	CDK6	HETLOSS	CNA
E14MK8	SLC25A13	HETLOSS	CNA
E14MK8	SHFM1	HETLOSS	CNA
E14MK8	TRRAP	HETLOSS	CNA
E14MK8	CUX1	HETLOSS	CNA
E14MK8	POLR2J	HETLOSS	CNA
E14MK8	MET	HETLOSS	CNA
E14MK8	POT1	HETLOSS	CNA
E14MK8	SND1	HETLOSS	CNA
E14MK8	SMO	HETLOSS	CNA
E14MK8	CREB3L2	HETLOSS	CNA
E14MK8	TRIM24	HETLOSS	CNA
E14MK8	KIAA1549	HETLOSS	CNA
E14MK8	BRAF	HETLOSS	CNA
E14MK8	PRSS1	HETLOSS	CNA
E14MK8	FAM131B	HETLOSS	CNA
E14MK8	CNTNAP2	HETLOSS	CNA
E14MK8	CUL1	HETLOSS	CNA
E14MK8	EZH2	HETLOSS	CNA
E14MK8	KMT2C	HETLOSS	CNA
E14MK8	XRCC2	HETLOSS	CNA
E14MK8	PAXIP1	HETLOSS	CNA
E14MK8	MNX1	HETLOSS	CNA
E14MK8	ARHGEF10	HETLOSS	CNA
E14MK8	NEIL2	HETLOSS	CNA
E14MK8	DLC1	HETLOSS	CNA
E14MK8	MSR1	HETLOSS	CNA
E14MK8	PDGFRL	HETLOSS	CNA
E14MK8	PCM1	HETLOSS	CNA
E14MK8	LZTS1	HETLOSS	CNA
E14MK8	LEPROTL1	HETLOSS	CNA
E14MK8	WRN	HETLOSS	CNA
E14MK8	NRG1	HETLOSS	CNA
E14MK8	ANK1	HETLOSS	CNA
E14MK8	KAT6A	HETLOSS	CNA
E14MK8	IKBKB	HETLOSS	CNA
E14MK8	POLB	HETLOSS	CNA
E14MK8	HOOK3	HETLOSS	CNA
E14MK8	PRKDC	HETLOSS	CNA
E14MK8	UBE2V2	HETLOSS	CNA
E14MK8	DOCK8	HETLOSS	CNA
E14MK8	JAK2	HETLOSS	CNA
E14MK8	CD274	HETLOSS	CNA
E14MK8	PDCD1LG2	HETLOSS	CNA
E14MK8	PTPRD	HETLOSS	CNA
E14MK8	NFIB	HETLOSS	CNA
E14MK8	PSIP1	HETLOSS	CNA
E14MK8	MLLT3	HETLOSS	CNA
E14MK8	MTAP	HETLOSS	CNA
E14MK8	CDKN2A	HETLOSS	CNA
E14MK8	CDKN2B	HETLOSS	CNA
E14MK8	ACO1	HETLOSS	CNA
E14MK8	APTX	HETLOSS	CNA
E14MK8	FANCG	HETLOSS	CNA
E14MK8	RMRP	HETLOSS	CNA
E14MK8	PAX5	HETLOSS	CNA
E14MK8	SMC5	HETLOSS	CNA
E14MK8	GNAQ	HETLOSS	CNA
E14MK8	GADD45G	HETLOSS	CNA
E14MK8	SYK	HETLOSS	CNA
E14MK8	OMD	HETLOSS	CNA
E14MK8	WNK2	HETLOSS	CNA
E14MK8	FANCC	HETLOSS	CNA
E14MK8	PTCH1	HETLOSS	CNA
E14MK8	XPA	HETLOSS	CNA
E14MK8	TGFBR1	HETLOSS	CNA
E14MK8	NR4A3	HETLOSS	CNA
E14MK8	TAL2	HETLOSS	CNA
E14MK8	RAD23B	HETLOSS	CNA
E14MK8	KLF4	HETLOSS	CNA
E14MK8	POLE3	HETLOSS	CNA
E14MK8	TNC	HETLOSS	CNA
E14MK8	CNTRL	HETLOSS	CNA
E14MK8	PTGS1	HETLOSS	CNA
E14MK8	PPP6C	HETLOSS	CNA
E14MK8	SPTAN1	HETLOSS	CNA
E14MK8	SET	HETLOSS	CNA
E14MK8	FNBP1	HETLOSS	CNA
E14MK8	ABL1	HETLOSS	CNA
E14MK8	NUP214	HETLOSS	CNA
E14MK8	TSC1	HETLOSS	CNA
E14MK8	RALGDS	HETLOSS	CNA
E14MK8	BRD3	HETLOSS	CNA
E14MK8	LARP4B	HETLOSS	CNA
E14MK8	KLF6	HETLOSS	CNA
E14MK8	GATA3	HETLOSS	CNA
E14MK8	DCLRE1C	HETLOSS	CNA
E14MK8	MLLT10	HETLOSS	CNA
E14MK8	ABI1	HETLOSS	CNA
E14MK8	ZEB1	HETLOSS	CNA
E14MK8	KIF5B	HETLOSS	CNA
E14MK8	CUL2	HETLOSS	CNA
E14MK8	RET	HETLOSS	CNA
E14MK8	ERCC6	HETLOSS	CNA
E14MK8	PARG	HETLOSS	CNA
E14MK8	NCOA4	HETLOSS	CNA
E14MK8	A1CF	HETLOSS	CNA
E14MK8	CCDC6	HETLOSS	CNA
E14MK8	ARID5B	HETLOSS	CNA
E14MK8	DNA2	HETLOSS	CNA
E14MK8	TET1	HETLOSS	CNA
E14MK8	CCAR1	HETLOSS	CNA
E14MK8	PRF1	HETLOSS	CNA
E14MK8	KAT6B	HETLOSS	CNA
E14MK8	NUTM2B	HETLOSS	CNA
E14MK8	BMPR1A	HETLOSS	CNA
E14MK8	NUTM2A	HETLOSS	CNA
E14MK8	PTEN	HETLOSS	CNA
E14MK8	FAS	HETLOSS	CNA
E14MK8	CPEB3	HETLOSS	CNA
E14MK8	CYP2C8	HETLOSS	CNA
E14MK8	DNTT	HETLOSS	CNA
E14MK8	MMS19	HETLOSS	CNA
E14MK8	TLX1	HETLOSS	CNA
E14MK8	POLL	HETLOSS	CNA
E14MK8	NFKB2	HETLOSS	CNA
E14MK8	SUFU	HETLOSS	CNA
E14MK8	NT5C2	HETLOSS	CNA
E14MK8	VTI1A	HETLOSS	CNA
E14MK8	TCF7L2	HETLOSS	CNA
E14MK8	KIAA1598	HETLOSS	CNA
E14MK8	FGFR2	HETLOSS	CNA
E14MK8	NSMCE4A	HETLOSS	CNA
E14MK8	MGMT	HETLOSS	CNA
E14MK8	HRAS	HETLOSS	CNA
E14MK8	POLR2L	HETLOSS	CNA
E14MK8	CDKN1C	HETLOSS	CNA
E14MK8	SLC22A18	HETLOSS	CNA
E14MK8	CARS	HETLOSS	CNA
E14MK8	NUP98	HETLOSS	CNA
E14MK8	LMO1	HETLOSS	CNA
E14MK8	ARNTL	HETLOSS	CNA
E14MK8	MYOD1	HETLOSS	CNA
E14MK8	GTF2H1	HETLOSS	CNA
E14MK8	LDHA	HETLOSS	CNA
E14MK8	FANCF	HETLOSS	CNA
E14MK8	WT1	HETLOSS	CNA
E14MK8	LMO2	HETLOSS	CNA
E14MK8	ALKBH3	HETLOSS	CNA
E14MK8	EXT2	HETLOSS	CNA
E14MK8	CREB3L1	HETLOSS	CNA
E14MK8	DDB2	HETLOSS	CNA
E14MK8	PTPRJ	HETLOSS	CNA
E14MK8	CLP1	HETLOSS	CNA
E14MK8	CTNND1	HETLOSS	CNA
E14MK8	DDB1	HETLOSS	CNA
E14MK8	SDHAF2	HETLOSS	CNA
E14MK8	FEN1	HETLOSS	CNA
E14MK8	POLR2G	HETLOSS	CNA
E14MK8	NXF1	HETLOSS	CNA
E14MK8	STIP1	HETLOSS	CNA
E14MK8	MEN1	HETLOSS	CNA
E14MK8	MALAT1	HETLOSS	CNA
E14MK8	KAT5	HETLOSS	CNA
E14MK8	MUS81	HETLOSS	CNA
E14MK8	POLD4	HETLOSS	CNA
E14MK8	PPP6R3	HETLOSS	CNA
E14MK8	CCND1	HETLOSS	CNA
E14MK8	NUMA1	HETLOSS	CNA
E14MK8	INPPL1	HETLOSS	CNA
E14MK8	POLD3	HETLOSS	CNA
E14MK8	PICALM	HETLOSS	CNA
E14MK8	EED	HETLOSS	CNA
E14MK8	FAT3	HETLOSS	CNA
E14MK8	MRE11A	HETLOSS	CNA
E14MK8	MAML2	HETLOSS	CNA
E14MK8	BIRC3	HETLOSS	CNA
E14MK8	CASP1	HETLOSS	CNA
E14MK8	CUL5	HETLOSS	CNA
E14MK8	ATM	HETLOSS	CNA
E14MK8	DDX10	HETLOSS	CNA
E14MK8	POU2AF1	HETLOSS	CNA
E14MK8	SDHD	HETLOSS	CNA
E14MK8	SDHD	HETLOSS	CNA
E14MK8	ZBTB16	HETLOSS	CNA
E14MK8	PAFAH1B2	HETLOSS	CNA
E14MK8	FLI1	HETLOSS	CNA
E14MK8	KCNJ5	HETLOSS	CNA
E14MK8	OPCML	HETLOSS	CNA
E14MK8	CHD4	HETLOSS	CNA
E14MK8	ZNF384	HETLOSS	CNA
E14MK8	PTPN6	HETLOSS	CNA
E14MK8	ETV6	HETLOSS	CNA
E14MK8	CDKN1B	HETLOSS	CNA
E14MK8	RECQL	HETLOSS	CNA
E14MK8	ETNK1	HETLOSS	CNA
E14MK8	KRAS	HETLOSS	CNA
E14MK8	PPFIBP1	HETLOSS	CNA
E14MK8	ARID2	HETLOSS	CNA
E14MK8	COL2A1	HETLOSS	CNA
E14MK8	KMT2D	HETLOSS	CNA
E14MK8	PRPF40B	HETLOSS	CNA
E14MK8	SMARCD1	HETLOSS	CNA
E14MK8	LIMA1	HETLOSS	CNA
E14MK8	ATF1	HETLOSS	CNA
E14MK8	ACVR1B	HETLOSS	CNA
E14MK8	HOXC13	HETLOSS	CNA
E14MK8	HOXC11	HETLOSS	CNA
E14MK8	SMUG1	HETLOSS	CNA
E14MK8	ERBB3	HETLOSS	CNA
E14MK8	NABP2	HETLOSS	CNA
E14MK8	ANKRD52	HETLOSS	CNA
E14MK8	NACA	HETLOSS	CNA
E14MK8	NAB2	HETLOSS	CNA
E14MK8	STAT6	HETLOSS	CNA
E14MK8	GLI1	HETLOSS	CNA
E14MK8	DDIT3	HETLOSS	CNA
E14MK8	CDK4	HETLOSS	CNA
E14MK8	LRIG3	HETLOSS	CNA
E14MK8	WIF1	HETLOSS	CNA
E14MK8	HMGA2	HETLOSS	CNA
E14MK8	MDM2	HETLOSS	CNA
E14MK8	PTPRB	HETLOSS	CNA
E14MK8	NAP1L1	HETLOSS	CNA
E14MK8	CEP290	HETLOSS	CNA
E14MK8	BTG1	HETLOSS	CNA
E14MK8	UBE2N	HETLOSS	CNA
E14MK8	USP44	HETLOSS	CNA
E14MK8	APAF1	HETLOSS	CNA
E14MK8	TDG	HETLOSS	CNA
E14MK8	EID3	HETLOSS	CNA
E14MK8	CHST11	HETLOSS	CNA
E14MK8	ALKBH2	HETLOSS	CNA
E14MK8	UNG	HETLOSS	CNA
E14MK8	SH2B3	HETLOSS	CNA
E14MK8	ALDH2	HETLOSS	CNA
E14MK8	PTPN11	HETLOSS	CNA
E14MK8	TBX3	HETLOSS	CNA
E14MK8	RFC5	HETLOSS	CNA
E14MK8	HNF1A	HETLOSS	CNA
E14MK8	SETD1B	HETLOSS	CNA
E14MK8	BCL7A	HETLOSS	CNA
E14MK8	CLIP1	HETLOSS	CNA
E14MK8	ZCCHC8	HETLOSS	CNA
E14MK8	GTF2H3	HETLOSS	CNA
E14MK8	NCOR2	HETLOSS	CNA
E14MK8	POLE	HETLOSS	CNA
E14MK8	GJB2	HETLOSS	CNA
E14MK8	PARP4	HETLOSS	CNA
E14MK8	RNF6	HETLOSS	CNA
E14MK8	CDX2	HETLOSS	CNA
E14MK8	FLT3	HETLOSS	CNA
E14MK8	HMGB1	HETLOSS	CNA
E14MK8	BRCA2	HETLOSS	CNA
E14MK8	RFC3	HETLOSS	CNA
E14MK8	NBEA	HETLOSS	CNA
E14MK8	LHFP	HETLOSS	CNA
E14MK8	FOXO1	HETLOSS	CNA
E14MK8	ELF1	HETLOSS	CNA
E14MK8	LCP1	HETLOSS	CNA
E14MK8	RB1	HETLOSS	CNA
E14MK8	CYSLTR2	HETLOSS	CNA
E14MK8	DIS3	HETLOSS	CNA
E14MK8	GPC5	HETLOSS	CNA
E14MK8	SOX21	HETLOSS	CNA
E14MK8	ERCC5	HETLOSS	CNA
E14MK8	LIG4	HETLOSS	CNA
E14MK8	IRS2	HETLOSS	CNA
E14MK8	ING1	HETLOSS	CNA
E14MK8	CUL4A	HETLOSS	CNA
E14MK8	CCNB1IP1	HETLOSS	CNA
E14MK8	PARP2	HETLOSS	CNA
E14MK8	APEX1	HETLOSS	CNA
E14MK8	CHD8	HETLOSS	CNA
E14MK8	AJUBA	HETLOSS	CNA
E14MK8	NFATC4	HETLOSS	CNA
E14MK8	ARHGAP5	HETLOSS	CNA
E14MK8	BAZ1A	HETLOSS	CNA
E14MK8	NKX2-1	HETLOSS	CNA
E14MK8	FOXA1	HETLOSS	CNA
E14MK8	FANCM	HETLOSS	CNA
E14MK8	POLE2	HETLOSS	CNA
E14MK8	NIN	HETLOSS	CNA
E14MK8	GNG2	HETLOSS	CNA
E14MK8	KTN1	HETLOSS	CNA
E14MK8	SIX1	HETLOSS	CNA
E14MK8	MNAT1	HETLOSS	CNA
E14MK8	HIF1A	HETLOSS	CNA
E14MK8	MAX	HETLOSS	CNA
E14MK8	GPHN	HETLOSS	CNA
E14MK8	RAD51B	HETLOSS	CNA
E14MK8	ZFP36L1	HETLOSS	CNA
E14MK8	MLH3	HETLOSS	CNA
E14MK8	ALKBH1	HETLOSS	CNA
E14MK8	TSHR	HETLOSS	CNA
E14MK8	TDP1	HETLOSS	CNA
E14MK8	TRIP11	HETLOSS	CNA
E14MK8	GOLGA5	HETLOSS	CNA
E14MK8	PPP4R4	HETLOSS	CNA
E14MK8	SERPINA1	HETLOSS	CNA
E14MK8	DICER1	HETLOSS	CNA
E14MK8	TCL1A	HETLOSS	CNA
E14MK8	BCL11B	HETLOSS	CNA
E14MK8	HSP90AA1	HETLOSS	CNA
E14MK8	TRAF3	HETLOSS	CNA
E14MK8	XRCC3	HETLOSS	CNA
E14MK8	AKT1	HETLOSS	CNA
E14MK8	NDNL2	HETLOSS	CNA
E14MK8	TJP1	HETLOSS	CNA
E14MK8	FAN1	HETLOSS	CNA
E14MK8	NOP10	HETLOSS	CNA
E14MK8	NUTM1	HETLOSS	CNA
E14MK8	BUB1B	HETLOSS	CNA
E14MK8	KNSTRN	HETLOSS	CNA
E14MK8	CASC5	HETLOSS	CNA
E14MK8	RAD51	HETLOSS	CNA
E14MK8	MGA	HETLOSS	CNA
E14MK8	TP53BP1	HETLOSS	CNA
E14MK8	B2M	HETLOSS	CNA
E14MK8	HMGN2P46	HETLOSS	CNA
E14MK8	DUT	HETLOSS	CNA
E14MK8	COPS2	HETLOSS	CNA
E14MK8	USP8	HETLOSS	CNA
E14MK8	MYO5A	HETLOSS	CNA
E14MK8	C15orf65	HETLOSS	CNA
E14MK8	TCF12	HETLOSS	CNA
E14MK8	PIF1	HETLOSS	CNA
E14MK8	MAP2K1	HETLOSS	CNA
E14MK8	SMAD3	HETLOSS	CNA
E14MK8	PML	HETLOSS	CNA
E14MK8	NEIL1	HETLOSS	CNA
E14MK8	FAH	HETLOSS	CNA
E14MK8	NTRK3	HETLOSS	CNA
E14MK8	FANCI	AMP	CNA
E14MK8	POLG	AMP	CNA
E14MK8	IDH2	AMP	CNA
E14MK8	CRTC3	AMP	CNA
E14MK8	BLM	AMP	CNA
E14MK8	FES	AMP	CNA
E14MK8	CHD2	AMP	CNA
E14MK8	MPG	HETLOSS	CNA
E14MK8	AXIN1	HETLOSS	CNA
E14MK8	TELO2	HETLOSS	CNA
E14MK8	EME2	HETLOSS	CNA
E14MK8	NTHL1	HETLOSS	CNA
E14MK8	TSC2	HETLOSS	CNA
E14MK8	TRAF7	HETLOSS	CNA
E14MK8	TCEB2	HETLOSS	CNA
E14MK8	SLX4	HETLOSS	CNA
E14MK8	CREBBP	HETLOSS	CNA
E14MK8	GRIN2A	HETLOSS	CNA
E14MK8	CIITA	HETLOSS	CNA
E14MK8	RMI2	HETLOSS	CNA
E14MK8	SOCS1	HETLOSS	CNA
E14MK8	TNFRSF17	HETLOSS	CNA
E14MK8	ERCC4	HETLOSS	CNA
E14MK8	MYH11	HETLOSS	CNA
E14MK8	PALB2	HETLOSS	CNA
E14MK8	PRKCB	HETLOSS	CNA
E14MK8	NSMCE1	HETLOSS	CNA
E14MK8	IL21R	HETLOSS	CNA
E14MK8	NFATC2IP	HETLOSS	CNA
E14MK8	SLX1B	HETLOSS	CNA
E14MK8	PPP4C	HETLOSS	CNA
E14MK8	SLX1A	HETLOSS	CNA
E14MK8	FUS	HETLOSS	CNA
E14MK8	BRD7	HETLOSS	CNA
E14MK8	CYLD	HETLOSS	CNA
E14MK8	NUP93	HETLOSS	CNA
E14MK8	HERPUD1	HETLOSS	CNA
E14MK8	POLR2C	HETLOSS	CNA
E14MK8	CNOT1	HETLOSS	CNA
E14MK8	CDH11	HETLOSS	CNA
E14MK8	CBFB	HETLOSS	CNA
E14MK8	CTCF	HETLOSS	CNA
E14MK8	CDH1	HETLOSS	CNA
E14MK8	ZFHX3	HETLOSS	CNA
E14MK8	RFWD3	HETLOSS	CNA
E14MK8	WWOX	HETLOSS	CNA
E14MK8	MAF	HETLOSS	CNA
E14MK8	CBFA2T3	HETLOSS	CNA
E14MK8	FANCA	HETLOSS	CNA
E14MK8	YWHAE	HETLOSS	CNA
E14MK8	RPA1	HETLOSS	CNA
E14MK8	USP6	HETLOSS	CNA
E14MK8	RABEP1	HETLOSS	CNA
E14MK8	GPS2	HETLOSS	CNA
E14MK8	POLR2A	HETLOSS	CNA
E14MK8	TP53	HETLOSS	CNA
E14MK8	CHD3	HETLOSS	CNA
E14MK8	PER1	HETLOSS	CNA
E14MK8	GAS7	HETLOSS	CNA
E14MK8	MAP2K4	HETLOSS	CNA
E14MK8	NCOR1	HETLOSS	CNA
E14MK8	FLCN	HETLOSS	CNA
E14MK8	TOP3A	HETLOSS	CNA
E14MK8	SPECC1	HETLOSS	CNA
E14MK8	NF1	HETLOSS	CNA
E14MK8	SUZ12	HETLOSS	CNA
E14MK8	PSMD11	HETLOSS	CNA
E14MK8	LIG3	HETLOSS	CNA
E14MK8	RAD51D	HETLOSS	CNA
E14MK8	TAF15	HETLOSS	CNA
E14MK8	RDM1	HETLOSS	CNA
E14MK8	MLLT6	HETLOSS	CNA
E14MK8	LASP1	HETLOSS	CNA
E14MK8	CDK12	HETLOSS	CNA
E14MK8	ERBB2	HETLOSS	CNA
E14MK8	RARA	HETLOSS	CNA
E14MK8	CCR7	HETLOSS	CNA
E14MK8	SMARCE1	HETLOSS	CNA
E14MK8	STAT5B	HETLOSS	CNA
E14MK8	STAT3	HETLOSS	CNA
E14MK8	PSME3	HETLOSS	CNA
E14MK8	BRCA1	HETLOSS	CNA
E14MK8	ETV4	HETLOSS	CNA
E14MK8	KANSL1	HETLOSS	CNA
E14MK8	CDC27	HETLOSS	CNA
E14MK8	SPOP	HETLOSS	CNA
E14MK8	KAT7	HETLOSS	CNA
E14MK8	COL1A1	HETLOSS	CNA
E14MK8	EME1	HETLOSS	CNA
E14MK8	HLF	HETLOSS	CNA
E14MK8	MSI2	HETLOSS	CNA
E14MK8	RNF43	HETLOSS	CNA
E14MK8	RAD51C	HETLOSS	CNA
E14MK8	TRIM37	HETLOSS	CNA
E14MK8	CLTC	HETLOSS	CNA
E14MK8	PPM1D	HETLOSS	CNA
E14MK8	BRIP1	HETLOSS	CNA
E14MK8	CD79B	HETLOSS	CNA
E14MK8	DDX5	HETLOSS	CNA
E14MK8	GNA13	HETLOSS	CNA
E14MK8	AXIN2	HETLOSS	CNA
E14MK8	PRKAR1A	HETLOSS	CNA
E14MK8	SOX9	HETLOSS	CNA
E14MK8	RECQL5	HETLOSS	CNA
E14MK8	H3F3B	HETLOSS	CNA
E14MK8	SRSF2	HETLOSS	CNA
E14MK8	SEPT9	HETLOSS	CNA
E14MK8	CANT1	HETLOSS	CNA
E14MK8	RNF213	HETLOSS	CNA
E14MK8	ENDOV	HETLOSS	CNA
E14MK8	C17orf70	HETLOSS	CNA
E14MK8	ASPSCR1	HETLOSS	CNA
E14MK8	STRA13	HETLOSS	CNA
E14MK8	ZNF750	HETLOSS	CNA
E14MK8	PPP4R1	HETLOSS	CNA
E14MK8	RBBP8	HOMDEL	CNA
E14MK8	ZNF521	HETLOSS	CNA
E14MK8	SS18	HETLOSS	CNA
E14MK8	SETBP1	HETLOSS	CNA
E14MK8	SMAD2	HETLOSS	CNA
E14MK8	SMAD4	HETLOSS	CNA
E14MK8	DCC	HETLOSS	CNA
E14MK8	POLI	HETLOSS	CNA
E14MK8	MALT1	HETLOSS	CNA
E14MK8	BCL2	HETLOSS	CNA
E14MK8	KDSR	HETLOSS	CNA
E14MK8	FSTL3	HETLOSS	CNA
E14MK8	ELANE	HETLOSS	CNA
E14MK8	POLR2E	HETLOSS	CNA
E14MK8	STK11	HETLOSS	CNA
E14MK8	TCF3	HETLOSS	CNA
E14MK8	GNA11	HETLOSS	CNA
E14MK8	MAP2K2	HETLOSS	CNA
E14MK8	SH3GL1	HETLOSS	CNA
E14MK8	CHAF1A	HETLOSS	CNA
E14MK8	MLLT1	HETLOSS	CNA
E14MK8	VAV1	HETLOSS	CNA
E14MK8	XAB2	HETLOSS	CNA
E14MK8	CD209	HETLOSS	CNA
E14MK8	MUC16	HETLOSS	CNA
E14MK8	KEAP1	HETLOSS	CNA
E14MK8	DNM2	HETLOSS	CNA
E14MK8	SMARCA4	HETLOSS	CNA
E14MK8	CALR	HETLOSS	CNA
E14MK8	RAD23A	HETLOSS	CNA
E14MK8	LYL1	HETLOSS	CNA
E14MK8	PRKACA	HETLOSS	CNA
E14MK8	DNAJB1	HETLOSS	CNA
E14MK8	BRD4	HETLOSS	CNA
E14MK8	TPM4	HETLOSS	CNA
E14MK8	JAK3	HETLOSS	CNA
E14MK8	PIK3R2	HETLOSS	CNA
E14MK8	PIK3R2	HETLOSS	CNA
E14MK8	ELL	HETLOSS	CNA
E14MK8	CRTC1	HETLOSS	CNA
E14MK8	ZNF429	HETLOSS	CNA
E14MK8	CCNE1	HETLOSS	CNA
E14MK8	CEP89	HETLOSS	CNA
E14MK8	C19orf40	HETLOSS	CNA
E14MK8	CEBPA	HETLOSS	CNA
E14MK8	LSM14A	HETLOSS	CNA
E14MK8	POLR2I	HETLOSS	CNA
E14MK8	AKT2	HETLOSS	CNA
E14MK8	CD79A	HETLOSS	CNA
E14MK8	CIC	HETLOSS	CNA
E14MK8	XRCC1	HETLOSS	CNA
E14MK8	BCL3	HETLOSS	CNA
E14MK8	CBLC	HETLOSS	CNA
E14MK8	ERCC2	HETLOSS	CNA
E14MK8	ERCC1	HETLOSS	CNA
E14MK8	ARHGAP35	HETLOSS	CNA
E14MK8	LIG1	HETLOSS	CNA
E14MK8	BAX	HETLOSS	CNA
E14MK8	BCL2L12	HETLOSS	CNA
E14MK8	PNKP	HETLOSS	CNA
E14MK8	POLD1	HETLOSS	CNA
E14MK8	KLK2	HETLOSS	CNA
E14MK8	PPP2R1A	HETLOSS	CNA
E14MK8	ZNF331	HETLOSS	CNA
E14MK8	TFPT	HETLOSS	CNA
E14MK8	CNOT3	HETLOSS	CNA
E14MK8	PPP6R1	HETLOSS	CNA
E14MK8	CSNK2A1	HETLOSS	CNA
E14MK8	SIRPA	HETLOSS	CNA
E14MK8	PCNA	HETLOSS	CNA
E14MK8	CRNKL1	HETLOSS	CNA
E14MK8	FOXA2	HETLOSS	CNA
E14MK8	ASXL1	HETLOSS	CNA
E14MK8	SRC	HETLOSS	CNA
E14MK8	MAFB	HETLOSS	CNA
E14MK8	TOP1	HETLOSS	CNA
E14MK8	PLCG1	HETLOSS	CNA
E14MK8	PTPRT	HETLOSS	CNA
E14MK8	SDC4	HETLOSS	CNA
E14MK8	NFATC2	HETLOSS	CNA
E14MK8	SALL4	HETLOSS	CNA
E14MK8	SPO11	HETLOSS	CNA
E14MK8	GNAS	HETLOSS	CNA
E14MK8	SS18L1	HETLOSS	CNA
E14MK8	PTK6	HETLOSS	CNA
E14MK8	OLIG2	HETLOSS	CNA
E14MK8	ITSN1	HETLOSS	CNA
E14MK8	RUNX1	HETLOSS	CNA
E14MK8	ERG	HETLOSS	CNA
E14MK8	TMPRSS2	HETLOSS	CNA
E14MK8	U2AF1	HETLOSS	CNA
E14MK8	CLTCL1	HETLOSS	CNA
E14MK8	SEPT5	HETLOSS	CNA
E14MK8	MAPK1	HETLOSS	CNA
E14MK8	TOP3B	HETLOSS	CNA
E14MK8	BCR	HETLOSS	CNA
E14MK8	SMARCB1	HETLOSS	CNA
E14MK8	MN1	HETLOSS	CNA
E14MK8	CHEK2	HETLOSS	CNA
E14MK8	ZNRF3	HETLOSS	CNA
E14MK8	EWSR1	HETLOSS	CNA
E14MK8	NF2	HETLOSS	CNA
E14MK8	ISX	HETLOSS	CNA
E14MK8	TOM1	HETLOSS	CNA
E14MK8	MYH9	HETLOSS	CNA
E14MK8	POLR2F	HETLOSS	CNA
E14MK8	DMC1	HETLOSS	CNA
E14MK8	APOBEC3B	HETLOSS	CNA
E14MK8	PDGFB	HETLOSS	CNA
E14MK8	MKL1	HETLOSS	CNA
E14MK8	RBX1	HETLOSS	CNA
E14MK8	EP300	HETLOSS	CNA
E14MK8	XRCC6	HETLOSS	CNA
E14MK8	ARFGAP3	HETLOSS	CNA
E14MK8	PPP6R2	HETLOSS	CNA
E14MK8	CRLF2	HETLOSS	CNA
E14MK8	P2RY8	HETLOSS	CNA
E14MK8	TMSB4X	HOMDEL	CNA
E14MK8	FANCB	HOMDEL	CNA
E14MK8	ZRSR2	HOMDEL	CNA
E14MK8	EIF1AX	HOMDEL	CNA
E14MK8	FAM47C	HOMDEL	CNA
E14MK8	RPGR	HOMDEL	CNA
E14MK8	BCOR	HOMDEL	CNA
E14MK8	ATP6AP2	HOMDEL	CNA
E14MK8	DDX3X	HOMDEL	CNA
E14MK8	KDM6A	HOMDEL	CNA
E14MK8	RBM10	HOMDEL	CNA
E14MK8	ARAF	HOMDEL	CNA
E14MK8	SSX1	HOMDEL	CNA
E14MK8	SSX4	HOMDEL	CNA
E14MK8	WAS	HOMDEL	CNA
E14MK8	GATA1	HOMDEL	CNA
E14MK8	TFE3	HOMDEL	CNA
E14MK8	SSX2	HOMDEL	CNA
E14MK8	KDM5C	HOMDEL	CNA
E14MK8	SMC1A	HOMDEL	CNA
E14MK8	APEX2	HOMDEL	CNA
E14MK8	AMER1	HOMDEL	CNA
E14MK8	MSN	HOMDEL	CNA
E14MK8	AR	HOMDEL	CNA
E14MK8	FOXO4	HOMDEL	CNA
E14MK8	MED12	HOMDEL	CNA
E14MK8	ZMYM3	HOMDEL	CNA
E14MK8	NONO	HOMDEL	CNA
E14MK8	ATRX	HOMDEL	CNA
E14MK8	BTK	HOMDEL	CNA
E14MK8	IRS4	HOMDEL	CNA
E14MK8	UBE2A	HOMDEL	CNA
E14MK8	SEPT6	HOMDEL	CNA
E14MK8	UPF3B	HOMDEL	CNA
E14MK8	STAG2	HOMDEL	CNA
E14MK8	DCAF12L2	HOMDEL	CNA
E14MK8	SMARCA1	HOMDEL	CNA
E14MK8	BCORL1	HOMDEL	CNA
E14MK8	ELF4	HOMDEL	CNA
E14MK8	GPC3	HOMDEL	CNA
E14MK8	PHF6	HOMDEL	CNA
E14MK8	ARHGEF6	HOMDEL	CNA
E14MK8	FMR1	HOMDEL	CNA
E14MK8	CETN2	HOMDEL	CNA
E14MK8	TREX2	HOMDEL	CNA
E14MK8	ATP2B3	HOMDEL	CNA
E14MK8	FLNA	HOMDEL	CNA
E14MK8	RPL10	HOMDEL	CNA
E14MK8	MTCP1	HOMDEL	CNA
E14MK8	CRLF2	HOMDEL	CNA
E14MK8	P2RY8	HOMDEL	CNA
1E2AVA	TNFRSF14	HETLOSS	CNA
1E2AVA	PRDM16	HETLOSS	CNA
1E2AVA	APITD1	HOMDEL	CNA
1E2AVA	MTOR	HOMDEL	CNA
1E2AVA	MAD2L2	HOMDEL	CNA
1E2AVA	PRDM2	HOMDEL	CNA
1E2AVA	CASP9	HOMDEL	CNA
1E2AVA	SPEN	HOMDEL	CNA
1E2AVA	EPHA2	HOMDEL	CNA
1E2AVA	SDHB	HOMDEL	CNA
1E2AVA	ARHGEF10L	HOMDEL	CNA
1E2AVA	ARID1A	GAIN	CNA
1E2AVA	RPA2	GAIN	CNA
1E2AVA	EYA3	GAIN	CNA
1E2AVA	FAF1	HETLOSS	CNA
1E2AVA	CDKN2C	HETLOSS	CNA
1E2AVA	EPS15	HETLOSS	CNA
1E2AVA	JUN	HETLOSS	CNA
1E2AVA	USP1	HETLOSS	CNA
1E2AVA	MSH4	HETLOSS	CNA
1E2AVA	RPL5	HETLOSS	CNA
1E2AVA	GPSM2	GAIN	CNA
1E2AVA	RBM15	GAIN	CNA
1E2AVA	TRIM33	GAIN	CNA
1E2AVA	LRPPRC	GAIN	CNA
1E2AVA	CXCR4	HETLOSS	CNA
1E2AVA	LRP1B	HETLOSS	CNA
1E2AVA	ACVR2A	HETLOSS	CNA
1E2AVA	HOXD13	HETLOSS	CNA
1E2AVA	HOXD11	HETLOSS	CNA
1E2AVA	NFE2L2	HETLOSS	CNA
1E2AVA	NCKAP1	HETLOSS	CNA
1E2AVA	ITGAV	HETLOSS	CNA
1E2AVA	FEV	HETLOSS	CNA
1E2AVA	CUL3	HETLOSS	CNA
1E2AVA	ACKR3	HETLOSS	CNA
1E2AVA	CRBN	HETLOSS	CNA
1E2AVA	RAD18	HETLOSS	CNA
1E2AVA	PPARG	HETLOSS	CNA
1E2AVA	RAF1	HETLOSS	CNA
1E2AVA	FBLN2	HETLOSS	CNA
1E2AVA	MYD88	HETLOSS	CNA
1E2AVA	CTNNB1	HETLOSS	CNA
1E2AVA	RHOA	HETLOSS	CNA
1E2AVA	RBM5	HETLOSS	CNA
1E2AVA	PARP3	HETLOSS	CNA
1E2AVA	BAP1	HETLOSS	CNA
1E2AVA	PBRM1	HETLOSS	CNA
1E2AVA	FHIT	HETLOSS	CNA
1E2AVA	MITF	HETLOSS	CNA
1E2AVA	POLQ	GAIN	CNA
1E2AVA	GATA2	GAIN	CNA
1E2AVA	RPN1	GAIN	CNA
1E2AVA	CNBP	GAIN	CNA
1E2AVA	MBD4	GAIN	CNA
1E2AVA	HLTF	GAIN	CNA
1E2AVA	WWTR1	GAIN	CNA
1E2AVA	GMPS	GAIN	CNA
1E2AVA	MLF1	GAIN	CNA
1E2AVA	MECOM	GAIN	CNA
1E2AVA	TBL1XR1	GAIN	CNA
1E2AVA	PIK3CA	AMP	CNA
1E2AVA	FXR1	AMP	CNA
1E2AVA	SOX2	AMP	CNA
1E2AVA	POLR2H	GAIN	CNA
1E2AVA	MAP3K13	GAIN	CNA
1E2AVA	IGF2BP2	GAIN	CNA
1E2AVA	ETV5	AMP	CNA
1E2AVA	EIF4A2	GAIN	CNA
1E2AVA	RFC4	GAIN	CNA
1E2AVA	BCL6	AMP	CNA
1E2AVA	LPP	AMP	CNA
1E2AVA	TP63	GAIN	CNA
1E2AVA	TEC	HETLOSS	CNA
1E2AVA	FIP1L1	AMP	CNA
1E2AVA	CHIC2	AMP	CNA
1E2AVA	PDGFRA	AMP	CNA
1E2AVA	KIT	AMP	CNA
1E2AVA	KDR	AMP	CNA
1E2AVA	CLOCK	AMP	CNA
1E2AVA	IL2	HETLOSS	CNA
1E2AVA	FAT4	HETLOSS	CNA
1E2AVA	INPP4B	HETLOSS	CNA
1E2AVA	HMGB2	HETLOSS	CNA
1E2AVA	NEIL3	HETLOSS	CNA
1E2AVA	FAT1	HETLOSS	CNA
1E2AVA	IL6ST	HETLOSS	CNA
1E2AVA	MAP3K1	HETLOSS	CNA
1E2AVA	DEPDC1B	HETLOSS	CNA
1E2AVA	ERCC8	HETLOSS	CNA
1E2AVA	ERBB2IP	HETLOSS	CNA
1E2AVA	PIK3R1	HETLOSS	CNA
1E2AVA	CDK7	HETLOSS	CNA
1E2AVA	RAD17	HETLOSS	CNA
1E2AVA	GTF2H2	HOMDEL	CNA
1E2AVA	POLK	HETLOSS	CNA
1E2AVA	APC	HETLOSS	CNA
1E2AVA	MCC	HETLOSS	CNA
1E2AVA	CSNK1G3	HETLOSS	CNA
1E2AVA	ACSL6	HETLOSS	CNA
1E2AVA	IRF1	HETLOSS	CNA
1E2AVA	RAD50	HETLOSS	CNA
1E2AVA	HDAC3	HETLOSS	CNA
1E2AVA	ARAP3	HETLOSS	CNA
1E2AVA	ARHGAP26	HETLOSS	CNA
1E2AVA	TLX3	HETLOSS	CNA
1E2AVA	NPM1	HETLOSS	CNA
1E2AVA	FGFR4	HETLOSS	CNA
1E2AVA	NSD1	HETLOSS	CNA
1E2AVA	NHP2	HETLOSS	CNA
1E2AVA	FLT4	HETLOSS	CNA
1E2AVA	IRF4	HOMDEL	CNA
1E2AVA	HIST1H4I	HETLOSS	CNA
1E2AVA	EPHA7	HETLOSS	CNA
1E2AVA	CCNC	HETLOSS	CNA
1E2AVA	HDAC2	HETLOSS	CNA
1E2AVA	ROS1	HETLOSS	CNA
1E2AVA	GOPC	HETLOSS	CNA
1E2AVA	RSPO3	HETLOSS	CNA
1E2AVA	PTPRK	HETLOSS	CNA
1E2AVA	MLLT4	GAIN	CNA
1E2AVA	AKAP9	GAIN	CNA
1E2AVA	CDK6	GAIN	CNA
1E2AVA	SLC25A13	GAIN	CNA
1E2AVA	SHFM1	GAIN	CNA
1E2AVA	TRRAP	GAIN	CNA
1E2AVA	CUX1	GAIN	CNA
1E2AVA	POLR2J	GAIN	CNA
1E2AVA	MET	GAIN	CNA
1E2AVA	POT1	GAIN	CNA
1E2AVA	ARHGEF10	HOMDEL	CNA
1E2AVA	NEIL2	HOMDEL	CNA
1E2AVA	DLC1	HOMDEL	CNA
1E2AVA	MSR1	HOMDEL	CNA
1E2AVA	PDGFRL	HOMDEL	CNA
1E2AVA	PCM1	HOMDEL	CNA
1E2AVA	LZTS1	HOMDEL	CNA
1E2AVA	LEPROTL1	HOMDEL	CNA
1E2AVA	WRN	HOMDEL	CNA
1E2AVA	NRG1	HOMDEL	CNA
1E2AVA	WHSC1L1	AMP	CNA
1E2AVA	FGFR1	AMP	CNA
1E2AVA	IKBKB	HOMDEL	CNA
1E2AVA	POLB	HOMDEL	CNA
1E2AVA	HOOK3	HOMDEL	CNA
1E2AVA	JAK2	HETLOSS	CNA
1E2AVA	CD274	HETLOSS	CNA
1E2AVA	PDCD1LG2	HETLOSS	CNA
1E2AVA	PTPRD	HETLOSS	CNA
1E2AVA	NFIB	HETLOSS	CNA
1E2AVA	PSIP1	HETLOSS	CNA
1E2AVA	SPTAN1	GAIN	CNA
1E2AVA	SET	AMP	CNA
1E2AVA	RALGDS	HETLOSS	CNA
1E2AVA	BRD3	HETLOSS	CNA
1E2AVA	ERCC6	GAIN	CNA
1E2AVA	PARG	GAIN	CNA
1E2AVA	NCOA4	GAIN	CNA
1E2AVA	A1CF	GAIN	CNA
1E2AVA	CCDC6	AMP	CNA
1E2AVA	NUTM2B	GAIN	CNA
1E2AVA	CLP1	HETLOSS	CNA
1E2AVA	CTNND1	HETLOSS	CNA
1E2AVA	PICALM	HETLOSS	CNA
1E2AVA	EED	HETLOSS	CNA
1E2AVA	FAT3	HETLOSS	CNA
1E2AVA	MRE11A	HETLOSS	CNA
1E2AVA	MAML2	HETLOSS	CNA
1E2AVA	BIRC3	HETLOSS	CNA
1E2AVA	CASP1	HETLOSS	CNA
1E2AVA	CUL5	HETLOSS	CNA
1E2AVA	ATM	HETLOSS	CNA
1E2AVA	ZBTB16	HETLOSS	CNA
1E2AVA	PAFAH1B2	HETLOSS	CNA
1E2AVA	KMT2A	HETLOSS	CNA
1E2AVA	DDX6	HETLOSS	CNA
1E2AVA	BCL9L	HETLOSS	CNA
1E2AVA	FOXR1	HETLOSS	CNA
1E2AVA	HMBS	HETLOSS	CNA
1E2AVA	H2AFX	HETLOSS	CNA
1E2AVA	CBL	HETLOSS	CNA
1E2AVA	ARHGEF12	HETLOSS	CNA
1E2AVA	OPCML	HETLOSS	CNA
1E2AVA	KDM5A	GAIN	CNA
1E2AVA	RAD52	GAIN	CNA
1E2AVA	ERC1	GAIN	CNA
1E2AVA	CCND2	GAIN	CNA
1E2AVA	CHD4	GAIN	CNA
1E2AVA	ZNF384	GAIN	CNA
1E2AVA	PTPN6	GAIN	CNA
1E2AVA	ETV6	GAIN	CNA
1E2AVA	CDKN1B	GAIN	CNA
1E2AVA	RECQL	GAIN	CNA
1E2AVA	ETNK1	GAIN	CNA
1E2AVA	KRAS	GAIN	CNA
1E2AVA	PPFIBP1	GAIN	CNA
1E2AVA	WIF1	AMP	CNA
1E2AVA	HMGA2	AMP	CNA
1E2AVA	MDM2	AMP	CNA
1E2AVA	PTPRB	GAIN	CNA
1E2AVA	CCNB1IP1	HETLOSS	CNA
1E2AVA	PARP2	HETLOSS	CNA
1E2AVA	APEX1	HETLOSS	CNA
1E2AVA	AJUBA	HETLOSS	CNA
1E2AVA	NFATC4	HETLOSS	CNA
1E2AVA	FANCM	HETLOSS	CNA
1E2AVA	SIX1	HETLOSS	CNA
1E2AVA	MNAT1	HETLOSS	CNA
1E2AVA	ZFP36L1	HETLOSS	CNA
1E2AVA	TDP1	GAIN	CNA
1E2AVA	TCL1A	GAIN	CNA
1E2AVA	BCL11B	GAIN	CNA
1E2AVA	XRCC3	GAIN	CNA
1E2AVA	AKT1	AMP	CNA
1E2AVA	TP53BP1	GAIN	CNA
1E2AVA	B2M	GAIN	CNA
1E2AVA	HMGN2P46	GAIN	CNA
1E2AVA	IDH2	GAIN	CNA
1E2AVA	CRTC3	GAIN	CNA
1E2AVA	BLM	GAIN	CNA
1E2AVA	FES	GAIN	CNA
1E2AVA	CHD2	GAIN	CNA
1E2AVA	POLR2C	GAIN	CNA
1E2AVA	RABEP1	HETLOSS	CNA
1E2AVA	TOP3A	AMP	CNA
1E2AVA	NF1	GAIN	CNA
1E2AVA	SUZ12	GAIN	CNA
1E2AVA	PSMD11	AMP	CNA
1E2AVA	LIG3	GAIN	CNA
1E2AVA	RAD51D	GAIN	CNA
1E2AVA	TAF15	GAIN	CNA
1E2AVA	RDM1	GAIN	CNA
1E2AVA	MLLT6	GAIN	CNA
1E2AVA	LASP1	GAIN	CNA
1E2AVA	CDK12	GAIN	CNA
1E2AVA	ERBB2	GAIN	CNA
1E2AVA	RARA	GAIN	CNA
1E2AVA	CCR7	GAIN	CNA
1E2AVA	SMARCE1	GAIN	CNA
1E2AVA	STAT5B	GAIN	CNA
1E2AVA	STAT3	GAIN	CNA
1E2AVA	PSME3	GAIN	CNA
1E2AVA	RBBP8	HETLOSS	CNA
1E2AVA	SETBP1	GAIN	CNA
1E2AVA	SMAD2	GAIN	CNA
1E2AVA	SMAD4	GAIN	CNA
1E2AVA	DCC	GAIN	CNA
1E2AVA	POLI	GAIN	CNA
1E2AVA	MALT1	GAIN	CNA
1E2AVA	GNA11	GAIN	CNA
1E2AVA	CCNE1	GAIN	CNA
1E2AVA	CEP89	GAIN	CNA
1E2AVA	C19orf40	GAIN	CNA
1E2AVA	CEBPA	GAIN	CNA
1E2AVA	LSM14A	GAIN	CNA
1E2AVA	FOXA2	AMP	CNA
1E2AVA	ASXL1	GAIN	CNA
1E2AVA	OLIG2	HETLOSS	CNA
1E2AVA	U2AF1	HETLOSS	CNA
1E2AVA	CRLF2	HETLOSS	CNA
1E2AVA	P2RY8	HETLOSS	CNA
1E2AVA	TMSB4X	HETLOSS	CNA
1E2AVA	FANCB	HETLOSS	CNA
1E2AVA	ZRSR2	HETLOSS	CNA
1E2AVA	EIF1AX	HETLOSS	CNA
1E2AVA	FAM47C	HETLOSS	CNA
1E2AVA	RPGR	HETLOSS	CNA
1E2AVA	BCOR	HETLOSS	CNA
1E2AVA	ATP6AP2	HETLOSS	CNA
1E2AVA	DDX3X	HETLOSS	CNA
1E2AVA	KDM6A	HETLOSS	CNA
1E2AVA	RBM10	HETLOSS	CNA
1E2AVA	ARAF	HETLOSS	CNA
1E2AVA	SSX1	HETLOSS	CNA
1E2AVA	SSX4	HETLOSS	CNA
1E2AVA	WAS	HETLOSS	CNA
1E2AVA	GATA1	HETLOSS	CNA
1E2AVA	TFE3	HETLOSS	CNA
1E2AVA	SSX2	HETLOSS	CNA
1E2AVA	KDM5C	HETLOSS	CNA
1E2AVA	SMC1A	HETLOSS	CNA
1E2AVA	APEX2	HETLOSS	CNA
1E2AVA	AMER1	HOMDEL	CNA
1E2AVA	MSN	HETLOSS	CNA
1E2AVA	AR	HETLOSS	CNA
1E2AVA	FOXO4	HETLOSS	CNA
1E2AVA	MED12	HETLOSS	CNA
1E2AVA	ZMYM3	HETLOSS	CNA
1E2AVA	NONO	HETLOSS	CNA
1E2AVA	ATRX	HETLOSS	CNA
1E2AVA	BTK	HETLOSS	CNA
1E2AVA	IRS4	HETLOSS	CNA
1E2AVA	UBE2A	HETLOSS	CNA
1E2AVA	SEPT6	HETLOSS	CNA
1E2AVA	UPF3B	HETLOSS	CNA
1E2AVA	STAG2	HETLOSS	CNA
1E2AVA	DCAF12L2	HETLOSS	CNA
1E2AVA	SMARCA1	HETLOSS	CNA
1E2AVA	CRLF2	HOMDEL	CNA
1E2AVA	P2RY8	HOMDEL	CNA
1MZ9S4	STRN	GAIN	CNA
1MZ9S4	MAP4K3	GAIN	CNA
1MZ9S4	SIX2	GAIN	CNA
1MZ9S4	RTN4	GAIN	CNA
1MZ9S4	XPO1	GAIN	CNA
1MZ9S4	BARD1	GAIN	CNA
1MZ9S4	ATIC	GAIN	CNA
1MZ9S4	FN1	GAIN	CNA
1MZ9S4	XRCC5	GAIN	CNA
1MZ9S4	FBLN2	HETLOSS	CNA
1MZ9S4	XPC	HETLOSS	CNA
1MZ9S4	EPHA3	GAIN	CNA
1MZ9S4	GMPS	GAIN	CNA
1MZ9S4	MLF1	GAIN	CNA
1MZ9S4	MECOM	GAIN	CNA
1MZ9S4	TBL1XR1	GAIN	CNA
1MZ9S4	PIK3CA	GAIN	CNA
1MZ9S4	FXR1	GAIN	CNA
1MZ9S4	SOX2	GAIN	CNA
1MZ9S4	POLR2H	GAIN	CNA
1MZ9S4	MAP3K13	GAIN	CNA
1MZ9S4	IGF2BP2	GAIN	CNA
1MZ9S4	ETV5	GAIN	CNA
1MZ9S4	EIF4A2	GAIN	CNA
1MZ9S4	RFC4	GAIN	CNA
1MZ9S4	BCL6	GAIN	CNA
1MZ9S4	LPP	GAIN	CNA
1MZ9S4	TP63	GAIN	CNA
1MZ9S4	MB21D2	GAIN	CNA
1MZ9S4	HES1	GAIN	CNA
1MZ9S4	MUC20	GAIN	CNA
1MZ9S4	MUC4	GAIN	CNA
1MZ9S4	TFRC	GAIN	CNA
1MZ9S4	RNF168	GAIN	CNA
1MZ9S4	FGFR3	HETLOSS	CNA
1MZ9S4	WHSC1	HETLOSS	CNA
1MZ9S4	POLN	HETLOSS	CNA
1MZ9S4	RNF4	HETLOSS	CNA
1MZ9S4	SLC34A2	HETLOSS	CNA
1MZ9S4	FAT4	HETLOSS	CNA
1MZ9S4	MSH3	HETLOSS	CNA
1MZ9S4	NHP2	HETLOSS	CNA
1MZ9S4	PRDM1	AMP	CNA
1MZ9S4	BCLAF1	HETLOSS	CNA
1MZ9S4	GTF2H5	HETLOSS	CNA
1MZ9S4	NEIL2	HETLOSS	CNA
1MZ9S4	WHSC1L1	AMP	CNA
1MZ9S4	FGFR1	AMP	CNA
1MZ9S4	ANK1	GAIN	CNA
1MZ9S4	KAT6A	GAIN	CNA
1MZ9S4	IKBKB	GAIN	CNA
1MZ9S4	POLB	GAIN	CNA
1MZ9S4	HOOK3	GAIN	CNA
1MZ9S4	NDRG1	GAIN	CNA
1MZ9S4	NT5C2	HETLOSS	CNA
1MZ9S4	HRAS	HETLOSS	CNA
1MZ9S4	POLR2L	HETLOSS	CNA
1MZ9S4	CDKN1C	HETLOSS	CNA
1MZ9S4	SLC22A18	HETLOSS	CNA
1MZ9S4	CARS	HETLOSS	CNA
1MZ9S4	NUP98	HETLOSS	CNA
1MZ9S4	ARNTL	AMP	CNA
1MZ9S4	MYOD1	GAIN	CNA
1MZ9S4	GTF2H1	GAIN	CNA
1MZ9S4	LDHA	GAIN	CNA
1MZ9S4	FANCF	GAIN	CNA
1MZ9S4	WT1	GAIN	CNA
1MZ9S4	LMO2	GAIN	CNA
1MZ9S4	ING1	HETLOSS	CNA
1MZ9S4	CUL4A	HETLOSS	CNA
1MZ9S4	YWHAE	HETLOSS	CNA
1MZ9S4	RPA1	HETLOSS	CNA
1MZ9S4	RNF43	GAIN	CNA
1MZ9S4	RAD51C	GAIN	CNA
1MZ9S4	TRIM37	GAIN	CNA
1MZ9S4	RBBP8	HOMDEL	CNA
1MZ9S4	FSTL3	HETLOSS	CNA
1MZ9S4	ELANE	HETLOSS	CNA
1MZ9S4	POLR2E	HETLOSS	CNA
1MZ9S4	STK11	HETLOSS	CNA
1MZ9S4	TCF3	HETLOSS	CNA
1MZ9S4	GNA11	HETLOSS	CNA
1MZ9S4	MAP2K2	HETLOSS	CNA
1MZ9S4	SH3GL1	HETLOSS	CNA
1MZ9S4	CHAF1A	HETLOSS	CNA
1MZ9S4	XAB2	HETLOSS	CNA
1MZ9S4	CD209	HETLOSS	CNA
1MZ9S4	KEAP1	HETLOSS	CNA
1MZ9S4	DNM2	HETLOSS	CNA
1MZ9S4	SMARCA4	HETLOSS	CNA
1MZ9S4	CALR	HETLOSS	CNA
1MZ9S4	RAD23A	HETLOSS	CNA
1MZ9S4	LYL1	HETLOSS	CNA
1MZ9S4	PRKACA	HETLOSS	CNA
1MZ9S4	DNAJB1	HETLOSS	CNA
1MZ9S4	CRTC1	HETLOSS	CNA
1MZ9S4	CCNE1	HETLOSS	CNA
1MZ9S4	ZNF331	HETLOSS	CNA
1MZ9S4	CSNK2A1	GAIN	CNA
1MZ9S4	SIRPA	GAIN	CNA
1MZ9S4	PCNA	GAIN	CNA
1MZ9S4	CRNKL1	GAIN	CNA
1MZ9S4	FOXA2	GAIN	CNA
1MZ9S4	ASXL1	GAIN	CNA
1MZ9S4	SRC	GAIN	CNA
1MZ9S4	MAFB	GAIN	CNA
1MZ9S4	TOP1	GAIN	CNA
1MZ9S4	PLCG1	GAIN	CNA
1MZ9S4	PTPRT	GAIN	CNA
1MZ9S4	NFATC2	GAIN	CNA
1MZ9S4	SALL4	GAIN	CNA
1MZ9S4	SPO11	GAIN	CNA
1MZ9S4	GNAS	GAIN	CNA
1MZ9S4	SS18L1	GAIN	CNA
1MZ9S4	TMPRSS2	HETLOSS	CNA
1MZ9S4	U2AF1	HETLOSS	CNA
1MZ9S4	CLTCL1	GAIN	CNA
1MZ9S4	SEPT5	GAIN	CNA
1MZ9S4	DGCR8	GAIN	CNA
1MZ9S4	LZTR1	GAIN	CNA
1MZ9S4	MAPK1	GAIN	CNA
1MZ9S4	TOP3B	GAIN	CNA
1MZ9S4	AMER1	HOMDEL	CNA
1MZ9S4	CRLF2	HOMDEL	CNA
1MZ9S4	P2RY8	HOMDEL	CNA
1IDEVD	C1orf86	HETLOSS	CNA
1IDEVD	SKI	HETLOSS	CNA
1IDEVD	TNFRSF14	HETLOSS	CNA
1IDEVD	PRDM16	HETLOSS	CNA
1IDEVD	RPL22	HETLOSS	CNA
1IDEVD	CAMTA1	HETLOSS	CNA
1IDEVD	APITD1	HETLOSS	CNA
1IDEVD	MTOR	HETLOSS	CNA
1IDEVD	MAD2L2	HETLOSS	CNA
1IDEVD	PRDM2	HETLOSS	CNA
1IDEVD	CASP9	HETLOSS	CNA
1IDEVD	SPEN	HETLOSS	CNA
1IDEVD	EPHA2	HETLOSS	CNA
1IDEVD	SDHB	HETLOSS	CNA
1IDEVD	ARHGEF10L	HETLOSS	CNA
1IDEVD	PAX7	HETLOSS	CNA
1IDEVD	ID3	HETLOSS	CNA
1IDEVD	MDS2	HETLOSS	CNA
1IDEVD	TCEB3	HETLOSS	CNA
1IDEVD	RUNX3	HETLOSS	CNA
1IDEVD	ARID1A	HETLOSS	CNA
1IDEVD	RPA2	HETLOSS	CNA
1IDEVD	EYA3	HETLOSS	CNA
1IDEVD	LCK	HETLOSS	CNA
1IDEVD	SFPQ	HETLOSS	CNA
1IDEVD	CLSPN	HETLOSS	CNA
1IDEVD	THRAP3	HETLOSS	CNA
1IDEVD	CSF3R	HETLOSS	CNA
1IDEVD	SF3A3	HETLOSS	CNA
1IDEVD	MYCL	HETLOSS	CNA
1IDEVD	MPL	HETLOSS	CNA
1IDEVD	UROD	HETLOSS	CNA
1IDEVD	MUTYH	HETLOSS	CNA
1IDEVD	RAD54L	HETLOSS	CNA
1IDEVD	TAL1	HETLOSS	CNA
1IDEVD	STIL	HETLOSS	CNA
1IDEVD	FAF1	HETLOSS	CNA
1IDEVD	CDKN2C	HETLOSS	CNA
1IDEVD	EPS15	HETLOSS	CNA
1IDEVD	JUN	HETLOSS	CNA
1IDEVD	USP1	HETLOSS	CNA
1IDEVD	JAK1	HETLOSS	CNA
1IDEVD	GADD45A	HETLOSS	CNA
1IDEVD	MSH4	HETLOSS	CNA
1IDEVD	FUBP1	HETLOSS	CNA
1IDEVD	BCL10	HETLOSS	CNA
1IDEVD	HFM1	HETLOSS	CNA
1IDEVD	RPL5	HETLOSS	CNA
1IDEVD	ARHGAP29	HETLOSS	CNA
1IDEVD	GPSM2	HETLOSS	CNA
1IDEVD	RBM15	HETLOSS	CNA
1IDEVD	TRIM33	HETLOSS	CNA
1IDEVD	NRAS	HETLOSS	CNA
1IDEVD	CSDE1	HETLOSS	CNA
1IDEVD	ATP1A1	HETLOSS	CNA
1IDEVD	FAM46C	HETLOSS	CNA
1IDEVD	NOTCH2	HETLOSS	CNA
1IDEVD	PDE4DIP	GAIN	CNA
1IDEVD	FCRL4	GAIN	CNA
1IDEVD	FCGR2B	GAIN	CNA
1IDEVD	PRRX1	GAIN	CNA
1IDEVD	RTN4	GAIN	CNA
1IDEVD	FANCL	GAIN	CNA
1IDEVD	BCL11A	GAIN	CNA
1IDEVD	REL	GAIN	CNA
1IDEVD	XPO1	GAIN	CNA
1IDEVD	APLF	GAIN	CNA
1IDEVD	HLTF	GAIN	CNA
1IDEVD	WWTR1	GAIN	CNA
1IDEVD	GMPS	GAIN	CNA
1IDEVD	MLF1	GAIN	CNA
1IDEVD	MECOM	GAIN	CNA
1IDEVD	TBL1XR1	GAIN	CNA
1IDEVD	PIK3CA	GAIN	CNA
1IDEVD	FXR1	GAIN	CNA
1IDEVD	SOX2	GAIN	CNA
1IDEVD	POLR2H	GAIN	CNA
1IDEVD	MAP3K13	GAIN	CNA
1IDEVD	IGF2BP2	GAIN	CNA
1IDEVD	ETV5	GAIN	CNA
1IDEVD	EIF4A2	GAIN	CNA
1IDEVD	RFC4	GAIN	CNA
1IDEVD	BCL6	GAIN	CNA
1IDEVD	LPP	GAIN	CNA
1IDEVD	TP63	GAIN	CNA
1IDEVD	MB21D2	GAIN	CNA
1IDEVD	HES1	GAIN	CNA
1IDEVD	MUC20	GAIN	CNA
1IDEVD	MUC4	GAIN	CNA
1IDEVD	TFRC	GAIN	CNA
1IDEVD	RNF168	GAIN	CNA
1IDEVD	UVSSA	HETLOSS	CNA
1IDEVD	FGFR3	HETLOSS	CNA
1IDEVD	WHSC1	HETLOSS	CNA
1IDEVD	POLN	HETLOSS	CNA
1IDEVD	RNF4	HETLOSS	CNA
1IDEVD	DHX15	HETLOSS	CNA
1IDEVD	SLC34A2	HETLOSS	CNA
1IDEVD	ALB	HETLOSS	CNA
1IDEVD	SEC31A	HETLOSS	CNA
1IDEVD	HELQ	HETLOSS	CNA
1IDEVD	FAM175A	HETLOSS	CNA
1IDEVD	PTPN13	HETLOSS	CNA
1IDEVD	AFF1	HETLOSS	CNA
1IDEVD	SMARCAD1	HETLOSS	CNA
1IDEVD	RAP1GDS1	HETLOSS	CNA
1IDEVD	TET2	HETLOSS	CNA
1IDEVD	LEF1	HETLOSS	CNA
1IDEVD	SEC24D	HETLOSS	CNA
1IDEVD	IL2	HETLOSS	CNA
1IDEVD	FAT4	HETLOSS	CNA
1IDEVD	INPP4B	HETLOSS	CNA
1IDEVD	FBXW7	HETLOSS	CNA
1IDEVD	HMGB2	HETLOSS	CNA
1IDEVD	NEIL3	HETLOSS	CNA
1IDEVD	ING2	HETLOSS	CNA
1IDEVD	IRF2	HETLOSS	CNA
1IDEVD	CASP3	HETLOSS	CNA
1IDEVD	FAT1	HETLOSS	CNA
1IDEVD	SDHA	HETLOSS	CNA
1IDEVD	TERT	HETLOSS	CNA
1IDEVD	ARHGEF10	HETLOSS	CNA
1IDEVD	NEIL2	HETLOSS	CNA
1IDEVD	LZTS1	HETLOSS	CNA
1IDEVD	LEPROTL1	HETLOSS	CNA
1IDEVD	WHSC1L1	AMP	CNA
1IDEVD	FGFR1	AMP	CNA
1IDEVD	ANK1	AMP	CNA
1IDEVD	KAT6A	AMP	CNA
1IDEVD	IKBKB	AMP	CNA
1IDEVD	POLB	AMP	CNA
1IDEVD	HEY1	HETLOSS	CNA
1IDEVD	CNBD1	HETLOSS	CNA
1IDEVD	NBN	HETLOSS	CNA
1IDEVD	RUNX1T1	HETLOSS	CNA
1IDEVD	CDH17	HETLOSS	CNA
1IDEVD	RAD54B	HETLOSS	CNA
1IDEVD	SMC5	HETLOSS	CNA
1IDEVD	GADD45G	HETLOSS	CNA
1IDEVD	SYK	HETLOSS	CNA
1IDEVD	WNK2	HETLOSS	CNA
1IDEVD	FANCC	HETLOSS	CNA
1IDEVD	PTCH1	HETLOSS	CNA
1IDEVD	XPA	HETLOSS	CNA
1IDEVD	TGFBR1	HETLOSS	CNA
1IDEVD	NR4A3	HETLOSS	CNA
1IDEVD	TAL2	HETLOSS	CNA
1IDEVD	RAD23B	HETLOSS	CNA
1IDEVD	POLE3	HETLOSS	CNA
1IDEVD	TNC	HETLOSS	CNA
1IDEVD	CNTRL	HETLOSS	CNA
1IDEVD	PTGS1	HETLOSS	CNA
1IDEVD	PPP6C	HETLOSS	CNA
1IDEVD	SPTAN1	HETLOSS	CNA
1IDEVD	SET	HETLOSS	CNA
1IDEVD	FNBP1	HETLOSS	CNA
1IDEVD	ABL1	HETLOSS	CNA
1IDEVD	NUP214	HETLOSS	CNA
1IDEVD	TSC1	HETLOSS	CNA
1IDEVD	RALGDS	HETLOSS	CNA
1IDEVD	BRD3	HETLOSS	CNA
1IDEVD	HRAS	HETLOSS	CNA
1IDEVD	POLR2L	HETLOSS	CNA
1IDEVD	CDKN1C	HETLOSS	CNA
1IDEVD	SLC22A18	HETLOSS	CNA
1IDEVD	CARS	HETLOSS	CNA
1IDEVD	NUP98	HETLOSS	CNA
1IDEVD	LMO1	HETLOSS	CNA
1IDEVD	ARNTL	HETLOSS	CNA
1IDEVD	DDB1	HETLOSS	CNA
1IDEVD	SDHAF2	HETLOSS	CNA
1IDEVD	FEN1	HETLOSS	CNA
1IDEVD	POLR2G	HETLOSS	CNA
1IDEVD	NXF1	HETLOSS	CNA
1IDEVD	STIP1	HETLOSS	CNA
1IDEVD	MEN1	HETLOSS	CNA
1IDEVD	MALAT1	HETLOSS	CNA
1IDEVD	KAT5	HETLOSS	CNA
1IDEVD	MUS81	HETLOSS	CNA
1IDEVD	POLD4	HETLOSS	CNA
1IDEVD	PPP6R3	HETLOSS	CNA
1IDEVD	CCND1	HETLOSS	CNA
1IDEVD	NUMA1	HETLOSS	CNA
1IDEVD	INPPL1	HETLOSS	CNA
1IDEVD	POLD3	HETLOSS	CNA
1IDEVD	PICALM	HETLOSS	CNA
1IDEVD	EED	HETLOSS	CNA
1IDEVD	FAT3	HETLOSS	CNA
1IDEVD	MRE11A	HETLOSS	CNA
1IDEVD	MAML2	HETLOSS	CNA
1IDEVD	BIRC3	HETLOSS	CNA
1IDEVD	CASP1	HETLOSS	CNA
1IDEVD	CUL5	HETLOSS	CNA
1IDEVD	ATM	HETLOSS	CNA
1IDEVD	DDX10	HETLOSS	CNA
1IDEVD	POU2AF1	HETLOSS	CNA
1IDEVD	SDHD	HETLOSS	CNA
1IDEVD	SDHD	HETLOSS	CNA
1IDEVD	ZBTB16	HETLOSS	CNA
1IDEVD	ALDH2	HETLOSS	CNA
1IDEVD	PTPN11	HETLOSS	CNA
1IDEVD	TBX3	HETLOSS	CNA
1IDEVD	RFC5	HETLOSS	CNA
1IDEVD	HNF1A	HETLOSS	CNA
1IDEVD	SETD1B	HETLOSS	CNA
1IDEVD	BCL7A	HETLOSS	CNA
1IDEVD	CLIP1	HETLOSS	CNA
1IDEVD	ZCCHC8	HETLOSS	CNA
1IDEVD	GTF2H3	HETLOSS	CNA
1IDEVD	NCOR2	HETLOSS	CNA
1IDEVD	POLE	HETLOSS	CNA
1IDEVD	GJB2	HETLOSS	CNA
1IDEVD	PARP4	HETLOSS	CNA
1IDEVD	RNF6	HETLOSS	CNA
1IDEVD	CDX2	HETLOSS	CNA
1IDEVD	FLT3	HETLOSS	CNA
1IDEVD	HMGB1	HETLOSS	CNA
1IDEVD	BRCA2	HETLOSS	CNA
1IDEVD	RFC3	HETLOSS	CNA
1IDEVD	NBEA	HETLOSS	CNA
1IDEVD	LHFP	HETLOSS	CNA
1IDEVD	FOXO1	HETLOSS	CNA
1IDEVD	ELF1	HETLOSS	CNA
1IDEVD	LCP1	HETLOSS	CNA
1IDEVD	RB1	HETLOSS	CNA
1IDEVD	CYSLTR2	HETLOSS	CNA
1IDEVD	DIS3	HETLOSS	CNA
1IDEVD	GPC5	HETLOSS	CNA
1IDEVD	SOX21	HETLOSS	CNA
1IDEVD	ERCC5	HETLOSS	CNA
1IDEVD	LIG4	HETLOSS	CNA
1IDEVD	IRS2	HETLOSS	CNA
1IDEVD	ING1	HETLOSS	CNA
1IDEVD	CUL4A	HETLOSS	CNA
1IDEVD	TSHR	HETLOSS	CNA
1IDEVD	TDP1	HETLOSS	CNA
1IDEVD	TRIP11	HETLOSS	CNA
1IDEVD	GOLGA5	HETLOSS	CNA
1IDEVD	TRAF3	HETLOSS	CNA
1IDEVD	XRCC3	HETLOSS	CNA
1IDEVD	AKT1	HETLOSS	CNA
1IDEVD	YWHAE	HETLOSS	CNA
1IDEVD	RPA1	HETLOSS	CNA
1IDEVD	USP6	HETLOSS	CNA
1IDEVD	RABEP1	HETLOSS	CNA
1IDEVD	GPS2	HETLOSS	CNA
1IDEVD	POLR2A	HETLOSS	CNA
1IDEVD	TP53	HETLOSS	CNA
1IDEVD	CHD3	HETLOSS	CNA
1IDEVD	PER1	HETLOSS	CNA
1IDEVD	GAS7	HETLOSS	CNA
1IDEVD	MAP2K4	HETLOSS	CNA
1IDEVD	NCOR1	HETLOSS	CNA
1IDEVD	FLCN	HETLOSS	CNA
1IDEVD	TOP3A	HETLOSS	CNA
1IDEVD	SPECC1	HETLOSS	CNA
1IDEVD	PPP4R1	HETLOSS	CNA
1IDEVD	RBBP8	HETLOSS	CNA
1IDEVD	ZNF521	HETLOSS	CNA
1IDEVD	SS18	HETLOSS	CNA
1IDEVD	SETBP1	HETLOSS	CNA
1IDEVD	SMAD2	HETLOSS	CNA
1IDEVD	SMAD4	HETLOSS	CNA
1IDEVD	DCC	HETLOSS	CNA
1IDEVD	POLI	HETLOSS	CNA
1IDEVD	MALT1	HETLOSS	CNA
1IDEVD	BCL2	HETLOSS	CNA
1IDEVD	KDSR	HETLOSS	CNA
1IDEVD	FSTL3	HETLOSS	CNA
1IDEVD	ELANE	HETLOSS	CNA
1IDEVD	POLR2E	HETLOSS	CNA
1IDEVD	STK11	HETLOSS	CNA
1IDEVD	TCF3	HETLOSS	CNA
1IDEVD	GNA11	HETLOSS	CNA
1IDEVD	MAP2K2	HETLOSS	CNA
1IDEVD	SH3GL1	HETLOSS	CNA
1IDEVD	CHAF1A	HETLOSS	CNA
1IDEVD	MLLT1	HETLOSS	CNA
1IDEVD	VAV1	HETLOSS	CNA
1IDEVD	XAB2	HETLOSS	CNA
1IDEVD	CD209	HETLOSS	CNA
1IDEVD	MUC16	HETLOSS	CNA
1IDEVD	KEAP1	HETLOSS	CNA
1IDEVD	OLIG2	HETLOSS	CNA
1IDEVD	ITSN1	HETLOSS	CNA
1IDEVD	RUNX1	HETLOSS	CNA
1IDEVD	ERG	HETLOSS	CNA
1IDEVD	TMPRSS2	HETLOSS	CNA
1IDEVD	U2AF1	HETLOSS	CNA
1IDEVD	TMSB4X	HETLOSS	CNA
1IDEVD	FANCB	HETLOSS	CNA
1IDEVD	ZRSR2	HETLOSS	CNA
1IDEVD	EIF1AX	HETLOSS	CNA
1IDEVD	FAM47C	HETLOSS	CNA
1IDEVD	RPGR	HETLOSS	CNA
1IDEVD	BCOR	HETLOSS	CNA
1IDEVD	ATP6AP2	HETLOSS	CNA
1IDEVD	DDX3X	HETLOSS	CNA
1IDEVD	KDM6A	HETLOSS	CNA
1IDEVD	RBM10	HETLOSS	CNA
1IDEVD	ARAF	HETLOSS	CNA
1IDEVD	SSX1	HETLOSS	CNA
1IDEVD	SSX4	HETLOSS	CNA
1IDEVD	WAS	HETLOSS	CNA
1IDEVD	GATA1	HETLOSS	CNA
1IDEVD	TFE3	HETLOSS	CNA
1IDEVD	SSX2	HETLOSS	CNA
1IDEVD	KDM5C	HETLOSS	CNA
1IDEVD	SMC1A	HETLOSS	CNA
1IDEVD	APEX2	HETLOSS	CNA
1IDEVD	AMER1	HOMDEL	CNA
1IDEVD	MSN	HETLOSS	CNA
1IDEVD	AR	HETLOSS	CNA
1IDEVD	FOXO4	HETLOSS	CNA
1IDEVD	MED12	HETLOSS	CNA
1IDEVD	ZMYM3	HETLOSS	CNA
1IDEVD	NONO	HETLOSS	CNA
1IDEVD	ATRX	HETLOSS	CNA
KDAMIF	SMC6	GAIN	CNA
KDAMIF	GEN1	GAIN	CNA
KDAMIF	FANCL	GAIN	CNA
KDAMIF	BCL11A	GAIN	CNA
KDAMIF	REL	GAIN	CNA
KDAMIF	APLF	GAIN	CNA
KDAMIF	DCTN1	GAIN	CNA
KDAMIF	POLE4	GAIN	CNA
KDAMIF	CTNNA2	GAIN	CNA
KDAMIF	HLTF	GAIN	CNA
KDAMIF	WWTR1	GAIN	CNA
KDAMIF	GMPS	GAIN	CNA
KDAMIF	MLF1	GAIN	CNA
KDAMIF	MECOM	AMP	CNA
KDAMIF	TBL1XR1	AMP	CNA
KDAMIF	PIK3CA	AMP	CNA
KDAMIF	FXR1	AMP	CNA
KDAMIF	SOX2	AMP	CNA
KDAMIF	POLR2H	GAIN	CNA
KDAMIF	MAP3K13	GAIN	CNA
KDAMIF	IGF2BP2	GAIN	CNA
KDAMIF	ETV5	GAIN	CNA
KDAMIF	EIF4A2	GAIN	CNA
KDAMIF	RFC4	GAIN	CNA
KDAMIF	BCL6	GAIN	CNA
KDAMIF	LPP	GAIN	CNA
KDAMIF	TP63	GAIN	CNA
KDAMIF	MB21D2	GAIN	CNA
KDAMIF	HES1	GAIN	CNA
KDAMIF	MUC20	GAIN	CNA
KDAMIF	MUC4	GAIN	CNA
KDAMIF	TFRC	GAIN	CNA
KDAMIF	RNF168	AMP	CNA
KDAMIF	PWWP2A	GAIN	CNA
KDAMIF	CCND1	AMP	CNA
KDAMIF	NUMA1	GAIN	CNA
KDAMIF	INPPL1	GAIN	CNA
KDAMIF	POLD3	GAIN	CNA
KDAMIF	PICALM	GAIN	CNA
KDAMIF	EED	GAIN	CNA
KDAMIF	POLE2	GAIN	CNA
KDAMIF	NIN	GAIN	CNA
KDAMIF	GNG2	GAIN	CNA
KDAMIF	PPP4R1	GAIN	CNA
KDAMIF	ZNF521	GAIN	CNA
KDAMIF	SS18	GAIN	CNA
KDAMIF	CSNK2A1	GAIN	CNA
KDAMIF	SIRPA	GAIN	CNA
KDAMIF	PCNA	GAIN	CNA
KDAMIF	CRNKL1	GAIN	CNA
KDAMIF	FOXA2	GAIN	CNA
KDAMIF	AMER1	HOMDEL	CNA
KDAMIF	CRLF2	HOMDEL	CNA
KDAMIF	P2RY8	HOMDEL	CNA
XTT00Y	DROSHA	GAIN	CNA
XTT00Y	IL7R	GAIN	CNA
XTT00Y	LIFR	GAIN	CNA
XTT00Y	GTF2H2	HETLOSS	CNA
XTT00Y	PMS2P3	HETLOSS	CNA
XTT00Y	HIP1	HETLOSS	CNA
XTT00Y	WHSC1L1	GAIN	CNA
XTT00Y	FGFR1	GAIN	CNA
XTT00Y	KAT6A	GAIN	CNA
XTT00Y	IKBKB	GAIN	CNA
XTT00Y	POLB	GAIN	CNA
XTT00Y	HOOK3	GAIN	CNA
XTT00Y	FLCN	GAIN	CNA
XTT00Y	RBBP8	HETLOSS	CNA
XTT00Y	CSNK2A1	GAIN	CNA
XTT00Y	SIRPA	GAIN	CNA
XTT00Y	PCNA	GAIN	CNA
XTT00Y	CRNKL1	GAIN	CNA
XTT00Y	ASXL1	GAIN	CNA
XTT00Y	AMER1	HOMDEL	CNA
XTT00Y	CRLF2	HOMDEL	CNA
XTT00Y	P2RY8	HOMDEL	CNA
12093N	RANBP2	HETLOSS	CNA
12093N	DIS3L2	HETLOSS	CNA
12093N	TREX1	HETLOSS	CNA
12093N	COL7A1	HETLOSS	CNA
12093N	NCKIPSD	HETLOSS	CNA
12093N	TFG	GAIN	CNA
12093N	CBLB	GAIN	CNA
12093N	POLQ	GAIN	CNA
12093N	STAG1	GAIN	CNA
12093N	PIK3CB	GAIN	CNA
12093N	FOXL2	GAIN	CNA
12093N	RASA2	GAIN	CNA
12093N	TFDP2	GAIN	CNA
12093N	XRN1	GAIN	CNA
12093N	ATR	GAIN	CNA
12093N	HLTF	GAIN	CNA
12093N	WWTR1	GAIN	CNA
12093N	GMPS	GAIN	CNA
12093N	MLF1	GAIN	CNA
12093N	MECOM	GAIN	CNA
12093N	TBL1XR1	GAIN	CNA
12093N	PIK3CA	GAIN	CNA
12093N	FXR1	GAIN	CNA
12093N	SOX2	GAIN	CNA
12093N	POLR2H	GAIN	CNA
12093N	MAP3K13	GAIN	CNA
12093N	IGF2BP2	GAIN	CNA
12093N	ETV5	GAIN	CNA
12093N	EIF4A2	GAIN	CNA
12093N	RFC4	GAIN	CNA
12093N	BCL6	GAIN	CNA
12093N	LPP	GAIN	CNA
12093N	TP63	GAIN	CNA
12093N	MB21D2	GAIN	CNA
12093N	HES1	GAIN	CNA
12093N	MUC20	GAIN	CNA
12093N	MUC4	GAIN	CNA
12093N	FGFR3	HETLOSS	CNA
12093N	WHSC1	HETLOSS	CNA
12093N	POLN	HETLOSS	CNA
12093N	RNF4	HETLOSS	CNA
12093N	TEC	GAIN	CNA
12093N	FIP1L1	GAIN	CNA
12093N	CHIC2	GAIN	CNA
12093N	PDGFRA	GAIN	CNA
12093N	KIT	GAIN	CNA
12093N	KDR	GAIN	CNA
12093N	ALB	GAIN	CNA
12093N	IL7R	GAIN	CNA
12093N	GTF2H2	HOMDEL	CNA
12093N	UIMC1	HETLOSS	CNA
12093N	FGFR4	HETLOSS	CNA
12093N	NSD1	HETLOSS	CNA
12093N	HLA-A	HETLOSS	CNA
12093N	FGFR1OP	HETLOSS	CNA
12093N	WHSC1L1	AMP	CNA
12093N	FGFR1	AMP	CNA
12093N	ANK1	GAIN	CNA
12093N	KAT6A	GAIN	CNA
12093N	IKBKB	GAIN	CNA
12093N	POLB	GAIN	CNA
12093N	HOOK3	GAIN	CNA
12093N	PRKDC	GAIN	CNA
12093N	UBE2V2	GAIN	CNA
12093N	PLAG1	GAIN	CNA
12093N	CHCHD7	GAIN	CNA
12093N	NCOA2	GAIN	CNA
12093N	TCEB1	GAIN	CNA
12093N	HEY1	GAIN	CNA
12093N	CNBD1	GAIN	CNA
12093N	NBN	GAIN	CNA
12093N	RUNX1T1	GAIN	CNA
12093N	CDH17	GAIN	CNA
12093N	RAD54B	GAIN	CNA
12093N	COX6C	GAIN	CNA
12093N	POLR2K	GAIN	CNA
12093N	PABPC1	GAIN	CNA
12093N	RRM2B	GAIN	CNA
12093N	UBR5	GAIN	CNA
12093N	RSPO2	GAIN	CNA
12093N	EIF3E	GAIN	CNA
12093N	CSMD3	GAIN	CNA
12093N	RAD21	GAIN	CNA
12093N	EXT1	GAIN	CNA
12093N	NSMCE2	GAIN	CNA
12093N	MYC	GAIN	CNA
12093N	NDRG1	GAIN	CNA
12093N	FAM135B	GAIN	CNA
12093N	TSC1	HETLOSS	CNA
12093N	RALGDS	HETLOSS	CNA
12093N	BRD3	HETLOSS	CNA
12093N	BMPR1A	GAIN	CNA
12093N	NUTM2A	GAIN	CNA
12093N	PTEN	GAIN	CNA
12093N	FAS	GAIN	CNA
12093N	ING1	HETLOSS	CNA
12093N	CUL4A	HETLOSS	CNA
12093N	MAX	GAIN	CNA
12093N	GPHN	GAIN	CNA
12093N	RAD51B	GAIN	CNA
12093N	MLH3	GAIN	CNA
12093N	ALKBH1	GAIN	CNA
12093N	TDP1	GAIN	CNA
12093N	PPP4R4	GAIN	CNA
12093N	SERPINA1	GAIN	CNA
12093N	DICER1	GAIN	CNA
12093N	BCL11B	GAIN	CNA
12093N	HSP90AA1	GAIN	CNA
12093N	TRAF3	GAIN	CNA
12093N	XRCC3	GAIN	CNA
12093N	AKT1	GAIN	CNA
12093N	TOP3A	GAIN	CNA
12093N	SPECC1	GAIN	CNA
12093N	TAF15	HETLOSS	CNA
12093N	RDM1	HETLOSS	CNA
12093N	RBBP8	HOMDEL	CNA
12093N	CSNK2A1	GAIN	CNA
12093N	SIRPA	GAIN	CNA
12093N	CRNKL1	HETLOSS	CNA
12093N	ASXL1	AMP	CNA
12093N	SRC	GAIN	CNA
12093N	LZTR1	GAIN	CNA
12093N	MAPK1	GAIN	CNA
12093N	TOP3B	GAIN	CNA
12093N	BCR	GAIN	CNA
12093N	SMARCB1	GAIN	CNA
12093N	MN1	AMP	CNA
12093N	CRLF2	HETLOSS	CNA
12093N	P2RY8	HETLOSS	CNA
12093N	TMSB4X	HETLOSS	CNA
12093N	FANCB	HETLOSS	CNA
12093N	ZRSR2	HETLOSS	CNA
12093N	EIF1AX	HETLOSS	CNA
12093N	FAM47C	HETLOSS	CNA
12093N	RPGR	HETLOSS	CNA
12093N	BCOR	HETLOSS	CNA
12093N	ATP6AP2	HETLOSS	CNA
12093N	DDX3X	HETLOSS	CNA
12093N	KDM6A	HETLOSS	CNA
12093N	RBM10	HETLOSS	CNA
12093N	ARAF	HETLOSS	CNA
12093N	SSX1	HETLOSS	CNA
12093N	SSX4	HETLOSS	CNA
12093N	WAS	HETLOSS	CNA
12093N	GATA1	HETLOSS	CNA
12093N	TFE3	HETLOSS	CNA
12093N	SSX2	HETLOSS	CNA
12093N	KDM5C	HETLOSS	CNA
12093N	SMC1A	HETLOSS	CNA
12093N	APEX2	HETLOSS	CNA
12093N	AMER1	HOMDEL	CNA
12093N	CRLF2	HOMDEL	CNA
12093N	P2RY8	HOMDEL	CNA
2L7UBB	ZFP36L2	GAIN	CNA
2L7UBB	SIX2	GAIN	CNA
2L7UBB	EPAS1	GAIN	CNA
2L7UBB	EPCAM	GAIN	CNA
2L7UBB	MSH2	GAIN	CNA
2L7UBB	MSH6	GAIN	CNA
2L7UBB	FBXO11	GAIN	CNA
2L7UBB	RTN4	GAIN	CNA
2L7UBB	FANCL	GAIN	CNA
2L7UBB	BCL11A	GAIN	CNA
2L7UBB	REL	GAIN	CNA
2L7UBB	XPO1	GAIN	CNA
2L7UBB	APLF	GAIN	CNA
2L7UBB	PCBP1	GAIN	CNA
2L7UBB	STAG1	GAIN	CNA
2L7UBB	PIK3CB	GAIN	CNA
2L7UBB	FOXL2	GAIN	CNA
2L7UBB	RASA2	GAIN	CNA
2L7UBB	TFDP2	GAIN	CNA
2L7UBB	XRN1	GAIN	CNA
2L7UBB	ATR	GAIN	CNA
2L7UBB	HLTF	GAIN	CNA
2L7UBB	WWTR1	GAIN	CNA
2L7UBB	GMPS	GAIN	CNA
2L7UBB	MLF1	GAIN	CNA
2L7UBB	MECOM	GAIN	CNA
2L7UBB	TBL1XR1	GAIN	CNA
2L7UBB	PIK3CA	GAIN	CNA
2L7UBB	FXR1	GAIN	CNA
2L7UBB	SOX2	GAIN	CNA
2L7UBB	POLR2H	GAIN	CNA
2L7UBB	MAP3K13	GAIN	CNA
2L7UBB	IGF2BP2	GAIN	CNA
2L7UBB	ETV5	GAIN	CNA
2L7UBB	EIF4A2	GAIN	CNA
2L7UBB	RFC4	GAIN	CNA
2L7UBB	BCL6	GAIN	CNA
2L7UBB	LPP	GAIN	CNA
2L7UBB	TP63	GAIN	CNA
2L7UBB	MB21D2	GAIN	CNA
2L7UBB	HES1	GAIN	CNA
2L7UBB	MUC20	GAIN	CNA
2L7UBB	MUC4	GAIN	CNA
2L7UBB	TFRC	GAIN	CNA
2L7UBB	RNF168	GAIN	CNA
2L7UBB	IRF2	HETLOSS	CNA
2L7UBB	CASP3	HETLOSS	CNA
2L7UBB	SDHA	GAIN	CNA
2L7UBB	CDH10	GAIN	CNA
2L7UBB	IL7R	GAIN	CNA
2L7UBB	LIFR	GAIN	CNA
2L7UBB	NEIL2	HETLOSS	CNA
2L7UBB	WHSC1L1	AMP	CNA
2L7UBB	FGFR1	AMP	CNA
2L7UBB	ANK1	GAIN	CNA
2L7UBB	KAT6A	GAIN	CNA
2L7UBB	IKBKB	GAIN	CNA
2L7UBB	POLB	GAIN	CNA
2L7UBB	HOOK3	GAIN	CNA
2L7UBB	PRKDC	GAIN	CNA
2L7UBB	UBE2V2	GAIN	CNA
2L7UBB	RUNX1T1	GAIN	CNA
2L7UBB	RAD54B	GAIN	CNA
2L7UBB	COX6C	GAIN	CNA
2L7UBB	POLR2K	GAIN	CNA
2L7UBB	PABPC1	GAIN	CNA
2L7UBB	RRM2B	GAIN	CNA
2L7UBB	UBR5	GAIN	CNA
2L7UBB	RSPO2	GAIN	CNA
2L7UBB	EIF3E	GAIN	CNA
2L7UBB	MYC	GAIN	CNA
2L7UBB	ARNTL	GAIN	CNA
2L7UBB	MYOD1	GAIN	CNA
2L7UBB	GTF2H1	GAIN	CNA
2L7UBB	CLP1	GAIN	CNA
2L7UBB	CTNND1	GAIN	CNA
2L7UBB	POLR2G	GAIN	CNA
2L7UBB	CCND2	GAIN	CNA
2L7UBB	CHD4	GAIN	CNA
2L7UBB	ZNF384	GAIN	CNA
2L7UBB	PTPN6	GAIN	CNA
2L7UBB	ETV6	GAIN	CNA
2L7UBB	RECQL	GAIN	CNA
2L7UBB	ETNK1	GAIN	CNA
2L7UBB	NBEA	GAIN	CNA
2L7UBB	LHFP	GAIN	CNA
2L7UBB	FOXO1	GAIN	CNA
2L7UBB	ELF1	GAIN	CNA
2L7UBB	CDH11	GAIN	CNA
2L7UBB	C17orf70	GAIN	CNA
2L7UBB	RBBP8	HOMDEL	CNA
2L7UBB	SETBP1	GAIN	CNA
2L7UBB	CLTCL1	AMP	CNA
2L7UBB	SEPT5	AMP	CNA
2L7UBB	DGCR8	AMP	CNA
2L7UBB	LZTR1	AMP	CNA
2L7UBB	MAPK1	AMP	CNA
2L7UBB	TOP3B	AMP	CNA
2L7UBB	BCR	AMP	CNA
2L7UBB	SMARCB1	AMP	CNA
2L7UBB	TMSB4X	HETLOSS	CNA
2L7UBB	FANCB	HETLOSS	CNA
2L7UBB	ZRSR2	HETLOSS	CNA
2L7UBB	EIF1AX	HETLOSS	CNA
2L7UBB	FAM47C	HETLOSS	CNA
2L7UBB	RPGR	HETLOSS	CNA
2L7UBB	BCOR	HETLOSS	CNA
2L7UBB	ATP6AP2	HETLOSS	CNA
2L7UBB	DDX3X	HETLOSS	CNA
2L7UBB	KDM6A	HETLOSS	CNA
2L7UBB	RBM10	HETLOSS	CNA
2L7UBB	ARAF	HETLOSS	CNA
2L7UBB	SSX1	HETLOSS	CNA
2L7UBB	SSX4	HETLOSS	CNA
2L7UBB	WAS	HETLOSS	CNA
2L7UBB	GATA1	HETLOSS	CNA
2L7UBB	TFE3	HETLOSS	CNA
2L7UBB	SSX2	HETLOSS	CNA
2L7UBB	KDM5C	HETLOSS	CNA
2L7UBB	SMC1A	HETLOSS	CNA
2L7UBB	APEX2	HETLOSS	CNA
2L7UBB	AMER1	HOMDEL	CNA
2L7UBB	MSN	HETLOSS	CNA
2L7UBB	AR	HETLOSS	CNA
2L7UBB	FOXO4	HETLOSS	CNA
2L7UBB	MED12	HETLOSS	CNA
2L7UBB	ZMYM3	HETLOSS	CNA
2L7UBB	NONO	HETLOSS	CNA
2L7UBB	ATRX	HETLOSS	CNA
2L7UBB	IRS4	GAIN	CNA
2L7UBB	UBE2A	HETLOSS	CNA
2L7UBB	SEPT6	HETLOSS	CNA
2L7UBB	UPF3B	HETLOSS	CNA
2L7UBB	STAG2	HOMDEL	CNA
2L7UBB	DCAF12L2	HOMDEL	CNA
2L7UBB	SMARCA1	HETLOSS	CNA
2L7UBB	BCORL1	HETLOSS	CNA
2L7UBB	ELF4	HETLOSS	CNA
2L7UBB	GPC3	HETLOSS	CNA
2L7UBB	PHF6	HETLOSS	CNA
2L7UBB	ARHGEF6	HOMDEL	CNA
2L7UBB	FMR1	HETLOSS	CNA
2L7UBB	CETN2	HETLOSS	CNA
2L7UBB	TREX2	HETLOSS	CNA
2L7UBB	ATP2B3	HETLOSS	CNA
2L7UBB	FLNA	HETLOSS	CNA
2L7UBB	RPL10	HETLOSS	CNA
2L7UBB	MTCP1	HETLOSS	CNA
2L7UBB	CRLF2	HOMDEL	CNA
2L7UBB	P2RY8	HOMDEL	CNA
15QDZS	FEV	HETLOSS	CNA
15QDZS	DIS3L2	HETLOSS	CNA
15QDZS	ACKR3	HETLOSS	CNA
15QDZS	OGG1	HETLOSS	CNA
15QDZS	FANCD2	HETLOSS	CNA
15QDZS	VHL	HETLOSS	CNA
15QDZS	RAF1	HETLOSS	CNA
15QDZS	FBLN2	HETLOSS	CNA
15QDZS	XPC	HETLOSS	CNA
15QDZS	WDR48	HETLOSS	CNA
15QDZS	SETD2	HETLOSS	CNA
15QDZS	TREX1	HETLOSS	CNA
15QDZS	COL7A1	HETLOSS	CNA
15QDZS	NCKIPSD	HETLOSS	CNA
15QDZS	RHOA	HETLOSS	CNA
15QDZS	RBM5	HETLOSS	CNA
15QDZS	PARP3	HETLOSS	CNA
15QDZS	BAP1	HETLOSS	CNA
15QDZS	PBRM1	HETLOSS	CNA
15QDZS	PPP4R2	HETLOSS	CNA
15QDZS	CBLB	GAIN	CNA
15QDZS	POLQ	GAIN	CNA
15QDZS	HLTF	GAIN	CNA
15QDZS	WWTR1	GAIN	CNA
15QDZS	GMPS	GAIN	CNA
15QDZS	MECOM	GAIN	CNA
15QDZS	TBL1XR1	GAIN	CNA
15QDZS	PIK3CA	GAIN	CNA
15QDZS	FXR1	GAIN	CNA
15QDZS	SOX2	GAIN	CNA
15QDZS	POLR2H	GAIN	CNA
15QDZS	MAP3K13	GAIN	CNA
15QDZS	IGF2BP2	GAIN	CNA
15QDZS	ETV5	GAIN	CNA
15QDZS	EIF4A2	GAIN	CNA
15QDZS	RFC4	GAIN	CNA
15QDZS	BCL6	GAIN	CNA
15QDZS	LPP	GAIN	CNA
15QDZS	TP63	GAIN	CNA
15QDZS	MB21D2	GAIN	CNA
15QDZS	HES1	GAIN	CNA
15QDZS	MUC20	GAIN	CNA
15QDZS	RNF168	GAIN	CNA
15QDZS	UVSSA	HETLOSS	CNA
15QDZS	FGFR3	HETLOSS	CNA
15QDZS	WHSC1	HETLOSS	CNA
15QDZS	POLN	HETLOSS	CNA
15QDZS	DHX15	HETLOSS	CNA
15QDZS	SLC34A2	HETLOSS	CNA
15QDZS	GTF2H2	HETLOSS	CNA
15QDZS	CSF1R	HETLOSS	CNA
15QDZS	PDGFRB	HETLOSS	CNA
15QDZS	CD74	HETLOSS	CNA
15QDZS	UIMC1	HETLOSS	CNA
15QDZS	FGFR4	HETLOSS	CNA
15QDZS	NSD1	HETLOSS	CNA
15QDZS	NHP2	HETLOSS	CNA
15QDZS	FLT4	HETLOSS	CNA
15QDZS	TRRAP	HETLOSS	CNA
15QDZS	ARHGEF10	HETLOSS	CNA
15QDZS	NEIL2	HETLOSS	CNA
15QDZS	LZTS1	HETLOSS	CNA
15QDZS	WRN	GAIN	CNA
15QDZS	NRG1	GAIN	CNA
15QDZS	WHSC1L1	GAIN	CNA
15QDZS	FGFR1	GAIN	CNA
15QDZS	KLF6	HETLOSS	CNA
15QDZS	DCLRE1C	HETLOSS	CNA
15QDZS	CCAR1	HETLOSS	CNA
15QDZS	PRF1	HETLOSS	CNA
15QDZS	TLX1	HETLOSS	CNA
15QDZS	POLL	HETLOSS	CNA
15QDZS	NFKB2	HETLOSS	CNA
15QDZS	SUFU	HETLOSS	CNA
15QDZS	NT5C2	HETLOSS	CNA
15QDZS	MGMT	HETLOSS	CNA
15QDZS	POLE	HETLOSS	CNA
15QDZS	CUL4A	HETLOSS	CNA
15QDZS	AJUBA	HETLOSS	CNA
15QDZS	MAX	HETLOSS	CNA
15QDZS	MLH3	HETLOSS	CNA
15QDZS	ALKBH1	HETLOSS	CNA
15QDZS	GOLGA5	HETLOSS	CNA
15QDZS	PPP4R4	HETLOSS	CNA
15QDZS	SERPINA1	HETLOSS	CNA
15QDZS	DICER1	HETLOSS	CNA
15QDZS	TCL1A	HETLOSS	CNA
15QDZS	BCL11B	HETLOSS	CNA
15QDZS	HSP90AA1	HETLOSS	CNA
15QDZS	TRAF3	HETLOSS	CNA
15QDZS	XRCC3	HETLOSS	CNA
15QDZS	AKT1	HETLOSS	CNA
15QDZS	MPG	HETLOSS	CNA
15QDZS	AXIN1	HETLOSS	CNA
15QDZS	TELO2	HETLOSS	CNA
15QDZS	EME2	HETLOSS	CNA
15QDZS	NTHL1	HETLOSS	CNA
15QDZS	TSC2	HETLOSS	CNA
15QDZS	TRAF7	HETLOSS	CNA
15QDZS	TCEB2	HETLOSS	CNA
15QDZS	SLX4	HETLOSS	CNA
15QDZS	CREBBP	HETLOSS	CNA
15QDZS	CIITA	HETLOSS	CNA
15QDZS	RMI2	HETLOSS	CNA
15QDZS	SOCS1	HETLOSS	CNA
15QDZS	TNFRSF17	HETLOSS	CNA
15QDZS	ERCC4	HETLOSS	CNA
15QDZS	PALB2	HETLOSS	CNA
15QDZS	PRKCB	HETLOSS	CNA
15QDZS	NSMCE1	HETLOSS	CNA
15QDZS	IL21R	HETLOSS	CNA
15QDZS	NFATC2IP	HETLOSS	CNA
15QDZS	SLX1B	HETLOSS	CNA
15QDZS	PPP4C	HETLOSS	CNA
15QDZS	SLX1A	HETLOSS	CNA
15QDZS	FUS	HETLOSS	CNA
15QDZS	BRD7	HETLOSS	CNA
15QDZS	NUP93	HETLOSS	CNA
15QDZS	HERPUD1	HETLOSS	CNA
15QDZS	POLR2C	HETLOSS	CNA
15QDZS	CNOT1	HETLOSS	CNA
15QDZS	CBFB	HETLOSS	CNA
15QDZS	CTCF	HETLOSS	CNA
15QDZS	CDH1	HETLOSS	CNA
15QDZS	ZFHX3	HETLOSS	CNA
15QDZS	WWOX	HETLOSS	CNA
15QDZS	YWHAE	HETLOSS	CNA
15QDZS	RPA1	HETLOSS	CNA
15QDZS	USP6	HETLOSS	CNA
15QDZS	RABEP1	HETLOSS	CNA
15QDZS	GPS2	HETLOSS	CNA
15QDZS	POLR2A	HETLOSS	CNA
15QDZS	TP53	HETLOSS	CNA
15QDZS	CHD3	HETLOSS	CNA
15QDZS	PER1	HETLOSS	CNA
15QDZS	GAS7	HETLOSS	CNA
15QDZS	RBBP8	HETLOSS	CNA
15QDZS	FSTL3	HETLOSS	CNA
15QDZS	ELANE	HETLOSS	CNA
15QDZS	POLR2E	HETLOSS	CNA
15QDZS	STK11	HETLOSS	CNA
15QDZS	TCF3	HETLOSS	CNA
15QDZS	GNA11	HETLOSS	CNA
15QDZS	MAP2K2	HETLOSS	CNA
15QDZS	SH3GL1	HETLOSS	CNA
15QDZS	CHAF1A	HETLOSS	CNA
15QDZS	MLLT1	HETLOSS	CNA
15QDZS	VAV1	HETLOSS	CNA
15QDZS	XAB2	HETLOSS	CNA
15QDZS	CD209	HETLOSS	CNA
15QDZS	CALR	HETLOSS	CNA
15QDZS	RAD23A	HETLOSS	CNA
15QDZS	LYL1	HETLOSS	CNA
15QDZS	PRKACA	HETLOSS	CNA
15QDZS	DNAJB1	HETLOSS	CNA
15QDZS	BRD4	HETLOSS	CNA
15QDZS	TPM4	HETLOSS	CNA
15QDZS	JAK3	HETLOSS	CNA
15QDZS	PIK3R2	HETLOSS	CNA
15QDZS	PIK3R2	HETLOSS	CNA
15QDZS	ELL	HETLOSS	CNA
15QDZS	CRTC1	HETLOSS	CNA
15QDZS	ZNF429	HETLOSS	CNA
15QDZS	LZTR1	GAIN	CNA
15QDZS	MAPK1	GAIN	CNA
15QDZS	TOP3B	GAIN	CNA
15QDZS	SMARCB1	GAIN	CNA
15QDZS	ISX	HETLOSS	CNA
15QDZS	TOM1	HETLOSS	CNA
15QDZS	MYH9	HETLOSS	CNA
15QDZS	POLR2F	HETLOSS	CNA
15QDZS	DMC1	HETLOSS	CNA
15QDZS	APOBEC3B	HETLOSS	CNA
15QDZS	RBX1	HETLOSS	CNA
15QDZS	EP300	HETLOSS	CNA
15QDZS	XRCC6	HETLOSS	CNA
15QDZS	ARFGAP3	HETLOSS	CNA
15QDZS	PPP6R2	HETLOSS	CNA
15QDZS	CRLF2	HETLOSS	CNA
15QDZS	P2RY8	HETLOSS	CNA
15QDZS	TMSB4X	HETLOSS	CNA
15QDZS	FANCB	HETLOSS	CNA
15QDZS	ZRSR2	HETLOSS	CNA
15QDZS	EIF1AX	HETLOSS	CNA
15QDZS	FAM47C	HETLOSS	CNA
15QDZS	RPGR	HETLOSS	CNA
15QDZS	BCOR	HETLOSS	CNA
15QDZS	ATP6AP2	HETLOSS	CNA
15QDZS	DDX3X	HETLOSS	CNA
15QDZS	KDM6A	HETLOSS	CNA
15QDZS	RBM10	HETLOSS	CNA
15QDZS	ARAF	HETLOSS	CNA
15QDZS	SSX1	HETLOSS	CNA
15QDZS	SSX4	HETLOSS	CNA
15QDZS	WAS	HETLOSS	CNA
15QDZS	GATA1	HETLOSS	CNA
15QDZS	TFE3	HETLOSS	CNA
15QDZS	SSX2	HETLOSS	CNA
15QDZS	KDM5C	HETLOSS	CNA
15QDZS	SMC1A	HETLOSS	CNA
15QDZS	APEX2	HETLOSS	CNA
15QDZS	AMER1	HOMDEL	CNA
15QDZS	MSN	HETLOSS	CNA
15QDZS	AR	HETLOSS	CNA
15QDZS	FOXO4	HETLOSS	CNA
15QDZS	MED12	HETLOSS	CNA
15QDZS	ZMYM3	HETLOSS	CNA
15QDZS	NONO	HETLOSS	CNA
15QDZS	ATRX	HETLOSS	CNA
15QDZS	BTK	HETLOSS	CNA
15QDZS	IRS4	HETLOSS	CNA
15QDZS	UBE2A	HETLOSS	CNA
15QDZS	SEPT6	HETLOSS	CNA
15QDZS	UPF3B	HETLOSS	CNA
15QDZS	STAG2	HETLOSS	CNA
15QDZS	DCAF12L2	HETLOSS	CNA
15QDZS	SMARCA1	HETLOSS	CNA
15QDZS	BCORL1	HETLOSS	CNA
15QDZS	ELF4	HETLOSS	CNA
15QDZS	GPC3	HETLOSS	CNA
15QDZS	PHF6	HETLOSS	CNA
15QDZS	ARHGEF6	HETLOSS	CNA
15QDZS	FMR1	HETLOSS	CNA
15QDZS	CETN2	HETLOSS	CNA
15QDZS	TREX2	HETLOSS	CNA
15QDZS	ATP2B3	HETLOSS	CNA
15QDZS	FLNA	HETLOSS	CNA
15QDZS	RPL10	HETLOSS	CNA
15QDZS	MTCP1	HETLOSS	CNA
15QDZS	CRLF2	HOMDEL	CNA
15QDZS	P2RY8	HOMDEL	CNA
1EKQ03	MYCN	GAIN	CNA
1EKQ03	SMC6	GAIN	CNA
1EKQ03	GEN1	GAIN	CNA
1EKQ03	C2orf44	GAIN	CNA
1EKQ03	NCOA1	GAIN	CNA
1EKQ03	DNMT3A	GAIN	CNA
1EKQ03	ASXL2	GAIN	CNA
1EKQ03	BRE	GAIN	CNA
1EKQ03	ALK	GAIN	CNA
1EKQ03	BIRC6	GAIN	CNA
1EKQ03	STRN	GAIN	CNA
1EKQ03	MAP4K3	GAIN	CNA
1EKQ03	EML4	GAIN	CNA
1EKQ03	ZFP36L2	GAIN	CNA
1EKQ03	LRPPRC	GAIN	CNA
1EKQ03	SIX2	GAIN	CNA
1EKQ03	EPAS1	GAIN	CNA
1EKQ03	EPCAM	GAIN	CNA
1EKQ03	MSH2	GAIN	CNA
1EKQ03	MSH6	GAIN	CNA
1EKQ03	FBXO11	GAIN	CNA
1EKQ03	RTN4	AMP	CNA
1EKQ03	FANCL	AMP	CNA
1EKQ03	BCL11A	GAIN	CNA
1EKQ03	REL	GAIN	CNA
1EKQ03	XPO1	GAIN	CNA
1EKQ03	TFG	GAIN	CNA
1EKQ03	CBLB	GAIN	CNA
1EKQ03	TP63	GAIN	CNA
1EKQ03	MB21D2	GAIN	CNA
1EKQ03	HES1	GAIN	CNA
1EKQ03	FBXW7	HETLOSS	CNA
1EKQ03	HMGB2	HETLOSS	CNA
1EKQ03	NEIL3	HETLOSS	CNA
1EKQ03	ING2	HETLOSS	CNA
1EKQ03	IRF2	HETLOSS	CNA
1EKQ03	CASP3	HETLOSS	CNA
1EKQ03	FAT1	HETLOSS	CNA
1EKQ03	LIFR	GAIN	CNA
1EKQ03	IL6ST	HETLOSS	CNA
1EKQ03	MAP3K1	HOMDEL	CNA
1EKQ03	DEPDC1B	HOMDEL	CNA
1EKQ03	ERCC8	HETLOSS	CNA
1EKQ03	ERBB2IP	HETLOSS	CNA
1EKQ03	POLK	HETLOSS	CNA
1EKQ03	MSH3	HETLOSS	CNA
1EKQ03	XRCC4	HETLOSS	CNA
1EKQ03	RASA1	HETLOSS	CNA
1EKQ03	CCNH	HETLOSS	CNA
1EKQ03	APC	HETLOSS	CNA
1EKQ03	MCC	HETLOSS	CNA
1EKQ03	CSNK1G3	HETLOSS	CNA
1EKQ03	ACSL6	HETLOSS	CNA
1EKQ03	IRF1	HETLOSS	CNA
1EKQ03	RAD50	HETLOSS	CNA
1EKQ03	AFF4	HETLOSS	CNA
1EKQ03	UBE2B	HETLOSS	CNA
1EKQ03	HDAC3	HETLOSS	CNA
1EKQ03	ARAP3	HETLOSS	CNA
1EKQ03	ARHGAP26	HETLOSS	CNA
1EKQ03	CSF1R	HETLOSS	CNA
1EKQ03	PDGFRB	HETLOSS	CNA
1EKQ03	CD74	HETLOSS	CNA
1EKQ03	ITK	HETLOSS	CNA
1EKQ03	EBF1	HETLOSS	CNA
1EKQ03	PWWP2A	HETLOSS	CNA
1EKQ03	TLX3	HETLOSS	CNA
1EKQ03	NPM1	HETLOSS	CNA
1EKQ03	UIMC1	HETLOSS	CNA
1EKQ03	FGFR4	HETLOSS	CNA
1EKQ03	NSD1	HETLOSS	CNA
1EKQ03	NHP2	HETLOSS	CNA
1EKQ03	FLT4	HETLOSS	CNA
1EKQ03	ZNF292	HETLOSS	CNA
1EKQ03	EPHA7	HETLOSS	CNA
1EKQ03	CCNC	HETLOSS	CNA
1EKQ03	PRDM1	HETLOSS	CNA
1EKQ03	FOXO3	HETLOSS	CNA
1EKQ03	REV3L	HETLOSS	CNA
1EKQ03	HDAC2	HETLOSS	CNA
1EKQ03	ROS1	HETLOSS	CNA
1EKQ03	GOPC	HETLOSS	CNA
1EKQ03	MED23	HETLOSS	CNA
1EKQ03	SGK1	HETLOSS	CNA
1EKQ03	MYB	HETLOSS	CNA
1EKQ03	BCLAF1	HETLOSS	CNA
1EKQ03	TNFAIP3	HETLOSS	CNA
1EKQ03	ECT2L	HETLOSS	CNA
1EKQ03	SHPRH	HETLOSS	CNA
1EKQ03	ESR1	HETLOSS	CNA
1EKQ03	ARID1B	HETLOSS	CNA
1EKQ03	GTF2H5	HETLOSS	CNA
1EKQ03	EZR	HETLOSS	CNA
1EKQ03	IGF2R	HETLOSS	CNA
1EKQ03	QKI	HETLOSS	CNA
1EKQ03	FGFR1OP	HETLOSS	CNA
1EKQ03	SBDS	GAIN	CNA
1EKQ03	ARHGEF10	HETLOSS	CNA
1EKQ03	NEIL2	HETLOSS	CNA
1EKQ03	DLC1	HETLOSS	CNA
1EKQ03	MSR1	HETLOSS	CNA
1EKQ03	PDGFRL	HETLOSS	CNA
1EKQ03	PCM1	HETLOSS	CNA
1EKQ03	LZTS1	HETLOSS	CNA
1EKQ03	LEPROTL1	HETLOSS	CNA
1EKQ03	WRN	HETLOSS	CNA
1EKQ03	NRG1	HETLOSS	CNA
1EKQ03	WHSC1L1	GAIN	CNA
1EKQ03	FGFR1	GAIN	CNA
1EKQ03	COX6C	GAIN	CNA
1EKQ03	POLR2K	GAIN	CNA
1EKQ03	PABPC1	GAIN	CNA
1EKQ03	RRM2B	GAIN	CNA
1EKQ03	UBR5	GAIN	CNA
1EKQ03	RSPO2	GAIN	CNA
1EKQ03	EIF3E	GAIN	CNA
1EKQ03	CSMD3	GAIN	CNA
1EKQ03	RAD21	GAIN	CNA
1EKQ03	EXT1	GAIN	CNA
1EKQ03	NSMCE2	GAIN	CNA
1EKQ03	MYC	GAIN	CNA
1EKQ03	NDRG1	GAIN	CNA
1EKQ03	FAM135B	GAIN	CNA
1EKQ03	DOCK8	HETLOSS	CNA
1EKQ03	JAK2	HETLOSS	CNA
1EKQ03	CD274	HETLOSS	CNA
1EKQ03	PDCD1LG2	HETLOSS	CNA
1EKQ03	PTPRD	HETLOSS	CNA
1EKQ03	NFIB	HETLOSS	CNA
1EKQ03	PSIP1	HETLOSS	CNA
1EKQ03	MLLT3	HETLOSS	CNA
1EKQ03	MTAP	HETLOSS	CNA
1EKQ03	CDKN2A	HETLOSS	CNA
1EKQ03	CDKN2B	HETLOSS	CNA
1EKQ03	ACO1	HETLOSS	CNA
1EKQ03	APTX	HETLOSS	CNA
1EKQ03	FANCG	HETLOSS	CNA
1EKQ03	RMRP	HETLOSS	CNA
1EKQ03	PAX5	HETLOSS	CNA
1EKQ03	SMC5	HETLOSS	CNA
1EKQ03	GNAQ	HETLOSS	CNA
1EKQ03	GADD45G	HETLOSS	CNA
1EKQ03	SYK	HETLOSS	CNA
1EKQ03	OMD	HETLOSS	CNA
1EKQ03	WNK2	HETLOSS	CNA
1EKQ03	FANCC	HETLOSS	CNA
1EKQ03	PTCH1	HETLOSS	CNA
1EKQ03	XPA	HETLOSS	CNA
1EKQ03	TGFBR1	HETLOSS	CNA
1EKQ03	NR4A3	HETLOSS	CNA
1EKQ03	TAL2	HETLOSS	CNA
1EKQ03	RAD23B	HETLOSS	CNA
1EKQ03	KLF4	HETLOSS	CNA
1EKQ03	POLE3	HETLOSS	CNA
1EKQ03	TNC	HETLOSS	CNA
1EKQ03	CNTRL	HETLOSS	CNA
1EKQ03	PTGS1	HETLOSS	CNA
1EKQ03	PPP6C	HETLOSS	CNA
1EKQ03	SPTAN1	HETLOSS	CNA
1EKQ03	SET	HETLOSS	CNA
1EKQ03	FNBP1	HETLOSS	CNA
1EKQ03	ABL1	HETLOSS	CNA
1EKQ03	NUP214	HETLOSS	CNA
1EKQ03	TSC1	HETLOSS	CNA
1EKQ03	RALGDS	HETLOSS	CNA
1EKQ03	BRD3	HETLOSS	CNA
1EKQ03	MGMT	HETLOSS	CNA
1EKQ03	OPCML	HOMDEL	CNA
1EKQ03	MDM2	GAIN	CNA
1EKQ03	PTPRB	GAIN	CNA
1EKQ03	NAP1L1	HETLOSS	CNA
1EKQ03	GJB2	HETLOSS	CNA
1EKQ03	PARP4	HETLOSS	CNA
1EKQ03	RNF6	HETLOSS	CNA
1EKQ03	RFC3	HETLOSS	CNA
1EKQ03	NBEA	HETLOSS	CNA
1EKQ03	LHFP	HETLOSS	CNA
1EKQ03	FOXO1	HETLOSS	CNA
1EKQ03	ELF1	HETLOSS	CNA
1EKQ03	DIS3	HETLOSS	CNA
1EKQ03	GPC5	HETLOSS	CNA
1EKQ03	SOX21	HETLOSS	CNA
1EKQ03	ERCC5	HETLOSS	CNA
1EKQ03	LIG4	HETLOSS	CNA
1EKQ03	IRS2	HETLOSS	CNA
1EKQ03	ING1	HETLOSS	CNA
1EKQ03	CUL4A	HETLOSS	CNA
1EKQ03	CCNB1IP1	HETLOSS	CNA
1EKQ03	PARP2	HETLOSS	CNA
1EKQ03	APEX1	HETLOSS	CNA
1EKQ03	CHD8	HETLOSS	CNA
1EKQ03	AJUBA	HETLOSS	CNA
1EKQ03	NFATC4	HETLOSS	CNA
1EKQ03	ARHGAP5	HETLOSS	CNA
1EKQ03	BAZ1A	HETLOSS	CNA
1EKQ03	NKX2-1	HETLOSS	CNA
1EKQ03	FOXA1	HETLOSS	CNA
1EKQ03	FAN1	HETLOSS	CNA
1EKQ03	NOP10	HETLOSS	CNA
1EKQ03	NUTM1	HETLOSS	CNA
1EKQ03	BUB1B	HETLOSS	CNA
1EKQ03	KNSTRN	HETLOSS	CNA
1EKQ03	CASC5	HETLOSS	CNA
1EKQ03	RAD51	HETLOSS	CNA
1EKQ03	MGA	HETLOSS	CNA
1EKQ03	TP53BP1	HETLOSS	CNA
1EKQ03	B2M	HETLOSS	CNA
1EKQ03	HMGN2P46	HETLOSS	CNA
1EKQ03	COPS2	HETLOSS	CNA
1EKQ03	USP8	HETLOSS	CNA
1EKQ03	MYO5A	HETLOSS	CNA
1EKQ03	C15orf65	HETLOSS	CNA
1EKQ03	TCF12	HETLOSS	CNA
1EKQ03	CNOT1	GAIN	CNA
1EKQ03	YWHAE	HETLOSS	CNA
1EKQ03	RPA1	HETLOSS	CNA
1EKQ03	USP6	HETLOSS	CNA
1EKQ03	RABEP1	HETLOSS	CNA
1EKQ03	GPS2	HETLOSS	CNA
1EKQ03	POLR2A	HETLOSS	CNA
1EKQ03	TP53	HETLOSS	CNA
1EKQ03	CHD3	HETLOSS	CNA
1EKQ03	PER1	HETLOSS	CNA
1EKQ03	GAS7	HETLOSS	CNA
1EKQ03	NF1	HETLOSS	CNA
1EKQ03	SUZ12	HETLOSS	CNA
1EKQ03	PSMD11	HETLOSS	CNA
1EKQ03	LIG3	HETLOSS	CNA
1EKQ03	RAD51D	HETLOSS	CNA
1EKQ03	RNF213	AMP	CNA
1EKQ03	ENDOV	AMP	CNA
1EKQ03	RBBP8	HETLOSS	CNA
1EKQ03	SETBP1	HETLOSS	CNA
1EKQ03	SMAD2	HETLOSS	CNA
1EKQ03	SMAD4	HETLOSS	CNA
1EKQ03	DCC	HETLOSS	CNA
1EKQ03	POLI	HETLOSS	CNA
1EKQ03	MALT1	HETLOSS	CNA
1EKQ03	CCNE1	GAIN	CNA
1EKQ03	AKT2	HETLOSS	CNA
1EKQ03	CD79A	HETLOSS	CNA
1EKQ03	CIC	HETLOSS	CNA
1EKQ03	XRCC1	HETLOSS	CNA
1EKQ03	BCL3	HETLOSS	CNA
1EKQ03	CBLC	HETLOSS	CNA
1EKQ03	ERCC2	HETLOSS	CNA
1EKQ03	ERCC1	HETLOSS	CNA
1EKQ03	ARHGAP35	HETLOSS	CNA
1EKQ03	OLIG2	HETLOSS	CNA
1EKQ03	ITSN1	HETLOSS	CNA
1EKQ03	RUNX1	HETLOSS	CNA
1EKQ03	ERG	HETLOSS	CNA
1EKQ03	TMPRSS2	HETLOSS	CNA
1EKQ03	U2AF1	HETLOSS	CNA
1EKQ03	ARFGAP3	GAIN	CNA
1EKQ03	CRLF2	HETLOSS	CNA
1EKQ03	P2RY8	HETLOSS	CNA
1EKQ03	TMSB4X	HETLOSS	CNA
1EKQ03	FANCB	HETLOSS	CNA
1EKQ03	ZRSR2	HETLOSS	CNA
1EKQ03	EIF1AX	HETLOSS	CNA
1EKQ03	FAM47C	HETLOSS	CNA
1EKQ03	RPGR	HETLOSS	CNA
1EKQ03	BCOR	HETLOSS	CNA
1EKQ03	ATP6AP2	HETLOSS	CNA
1EKQ03	DDX3X	HETLOSS	CNA
1EKQ03	KDM6A	HETLOSS	CNA
1EKQ03	RBM10	HETLOSS	CNA
1EKQ03	ARAF	HETLOSS	CNA
1EKQ03	SSX1	HETLOSS	CNA
1EKQ03	SSX4	HETLOSS	CNA
1EKQ03	WAS	HETLOSS	CNA
1EKQ03	GATA1	HETLOSS	CNA
1EKQ03	TFE3	HETLOSS	CNA
1EKQ03	SSX2	HETLOSS	CNA
1EKQ03	KDM5C	HETLOSS	CNA
1EKQ03	SMC1A	HETLOSS	CNA
1EKQ03	APEX2	HETLOSS	CNA
1EKQ03	AMER1	HOMDEL	CNA
1EKQ03	MSN	HETLOSS	CNA
1EKQ03	AR	HETLOSS	CNA
1EKQ03	FOXO4	HETLOSS	CNA
1EKQ03	MED12	HETLOSS	CNA
1EKQ03	ZMYM3	HETLOSS	CNA
1EKQ03	NONO	HETLOSS	CNA
1EKQ03	ATRX	HETLOSS	CNA
1EKQ03	BTK	HETLOSS	CNA
1EKQ03	IRS4	HETLOSS	CNA
1EKQ03	UBE2A	HETLOSS	CNA
1EKQ03	SEPT6	HETLOSS	CNA
1EKQ03	UPF3B	HETLOSS	CNA
1EKQ03	STAG2	HETLOSS	CNA
1EKQ03	DCAF12L2	HETLOSS	CNA
1EKQ03	SMARCA1	HETLOSS	CNA
1EKQ03	BCORL1	HETLOSS	CNA
1EKQ03	ELF4	HETLOSS	CNA
1EKQ03	GPC3	HETLOSS	CNA
1EKQ03	PHF6	HETLOSS	CNA
1EKQ03	ARHGEF6	HETLOSS	CNA
1EKQ03	FMR1	HETLOSS	CNA
1EKQ03	CETN2	HETLOSS	CNA
1EKQ03	TREX2	HETLOSS	CNA
1EKQ03	ATP2B3	HETLOSS	CNA
1EKQ03	FLNA	HETLOSS	CNA
1EKQ03	RPL10	HETLOSS	CNA
1EKQ03	MTCP1	HETLOSS	CNA
1EKQ03	CRLF2	HOMDEL	CNA
1EKQ03	P2RY8	HOMDEL	CNA
180JET	C1orf86	HOMDEL	CNA
180JET	SKI	HOMDEL	CNA
180JET	TNFRSF14	HOMDEL	CNA
180JET	PRDM16	HETLOSS	CNA
180JET	RPL22	HETLOSS	CNA
180JET	CAMTA1	HETLOSS	CNA
180JET	APITD1	HETLOSS	CNA
180JET	MTOR	HETLOSS	CNA
180JET	MAD2L2	HETLOSS	CNA
180JET	PRDM2	HETLOSS	CNA
180JET	CASP9	HETLOSS	CNA
180JET	SPEN	HETLOSS	CNA
180JET	EPHA2	HETLOSS	CNA
180JET	SDHB	HETLOSS	CNA
180JET	ARHGEF10L	HETLOSS	CNA
180JET	PAX7	HETLOSS	CNA
180JET	ID3	HETLOSS	CNA
180JET	MDS2	HETLOSS	CNA
180JET	TCEB3	HETLOSS	CNA
180JET	RUNX3	HETLOSS	CNA
180JET	ARID1A	HETLOSS	CNA
180JET	RPA2	HETLOSS	CNA
180JET	EYA3	HETLOSS	CNA
180JET	LCK	HETLOSS	CNA
180JET	SFPQ	HETLOSS	CNA
180JET	CLSPN	HETLOSS	CNA
180JET	THRAP3	HETLOSS	CNA
180JET	CSF3R	HETLOSS	CNA
180JET	SF3A3	HETLOSS	CNA
180JET	MYCL	HETLOSS	CNA
180JET	MPL	HETLOSS	CNA
180JET	UROD	HETLOSS	CNA
180JET	MUTYH	HETLOSS	CNA
180JET	RAD54L	HETLOSS	CNA
180JET	TAL1	HETLOSS	CNA
180JET	STIL	HETLOSS	CNA
180JET	FAF1	HETLOSS	CNA
180JET	CDKN2C	HETLOSS	CNA
180JET	EPS15	HETLOSS	CNA
180JET	JUN	HETLOSS	CNA
180JET	USP1	HETLOSS	CNA
180JET	JAK1	HETLOSS	CNA
180JET	GADD45A	HETLOSS	CNA
180JET	MSH4	HETLOSS	CNA
180JET	FUBP1	HETLOSS	CNA
180JET	BCL10	HETLOSS	CNA
180JET	HFM1	HETLOSS	CNA
180JET	RPL5	HETLOSS	CNA
180JET	ARHGAP29	HETLOSS	CNA
180JET	GPSM2	HETLOSS	CNA
180JET	RBM15	HETLOSS	CNA
180JET	TRIM33	HETLOSS	CNA
180JET	NRAS	HETLOSS	CNA
180JET	CSDE1	HETLOSS	CNA
180JET	ATP1A1	HETLOSS	CNA
180JET	RAD18	HETLOSS	CNA
180JET	SRGAP3	HETLOSS	CNA
180JET	OGG1	HETLOSS	CNA
180JET	FANCD2	HETLOSS	CNA
180JET	VHL	HETLOSS	CNA
180JET	PPARG	HETLOSS	CNA
180JET	RAF1	HETLOSS	CNA
180JET	FBLN2	HETLOSS	CNA
180JET	XPC	HETLOSS	CNA
180JET	ANKRD28	HETLOSS	CNA
180JET	TGFBR2	HETLOSS	CNA
180JET	CCR4	HETLOSS	CNA
180JET	CLASP2	HETLOSS	CNA
180JET	MLH1	HETLOSS	CNA
180JET	MYD88	HETLOSS	CNA
180JET	WDR48	HETLOSS	CNA
180JET	CTNNB1	HETLOSS	CNA
180JET	SETD2	HETLOSS	CNA
180JET	TREX1	HETLOSS	CNA
180JET	COL7A1	HETLOSS	CNA
180JET	NCKIPSD	HETLOSS	CNA
180JET	RHOA	HETLOSS	CNA
180JET	RBM5	HETLOSS	CNA
180JET	PARP3	HETLOSS	CNA
180JET	BAP1	HETLOSS	CNA
180JET	PBRM1	HETLOSS	CNA
180JET	CACNA1D	HETLOSS	CNA
180JET	FHIT	HETLOSS	CNA
180JET	MITF	HETLOSS	CNA
180JET	FOXP1	HETLOSS	CNA
180JET	PPP4R2	HETLOSS	CNA
180JET	ROBO2	HETLOSS	CNA
180JET	HLTF	GAIN	CNA
180JET	WWTR1	GAIN	CNA
180JET	GMPS	GAIN	CNA
180JET	MLF1	GAIN	CNA
180JET	MECOM	GAIN	CNA
180JET	TBL1XR1	AMP	CNA
180JET	PIK3CA	AMP	CNA
180JET	FXR1	AMP	CNA
180JET	SOX2	AMP	CNA
180JET	POLR2H	AMP	CNA
180JET	MAP3K13	AMP	CNA
180JET	IGF2BP2	AMP	CNA
180JET	ETV5	AMP	CNA
180JET	EIF4A2	AMP	CNA
180JET	RFC4	AMP	CNA
180JET	BCL6	AMP	CNA
180JET	LPP	AMP	CNA
180JET	TP63	AMP	CNA
180JET	MB21D2	AMP	CNA
180JET	HES1	AMP	CNA
180JET	MUC20	AMP	CNA
180JET	MUC4	AMP	CNA
180JET	TFRC	AMP	CNA
180JET	RNF168	AMP	CNA
180JET	DHX15	HETLOSS	CNA
180JET	SLC34A2	HETLOSS	CNA
180JET	RFC1	HETLOSS	CNA
180JET	N4BP2	HETLOSS	CNA
180JET	RHOH	HETLOSS	CNA
180JET	PHOX2B	HETLOSS	CNA
180JET	RAP1GDS1	HETLOSS	CNA
180JET	TET2	HETLOSS	CNA
180JET	LEF1	HETLOSS	CNA
180JET	SEC24D	HETLOSS	CNA
180JET	IL2	HETLOSS	CNA
180JET	FAT4	HETLOSS	CNA
180JET	INPP4B	HETLOSS	CNA
180JET	FBXW7	HETLOSS	CNA
180JET	HMGB2	HETLOSS	CNA
180JET	NEIL3	HETLOSS	CNA
180JET	ING2	HETLOSS	CNA
180JET	IRF2	HETLOSS	CNA
180JET	CASP3	HETLOSS	CNA
180JET	FAT1	HETLOSS	CNA
180JET	MAP3K1	HETLOSS	CNA
180JET	DEPDC1B	HETLOSS	CNA
180JET	ERCC8	HETLOSS	CNA
180JET	GTF2H2	HETLOSS	CNA
180JET	POLK	HETLOSS	CNA
180JET	MSH3	HETLOSS	CNA
180JET	XRCC4	HETLOSS	CNA
180JET	EBF1	HETLOSS	CNA
180JET	UIMC1	HETLOSS	CNA
180JET	FGFR4	HETLOSS	CNA
180JET	NSD1	HETLOSS	CNA
180JET	NHP2	HETLOSS	CNA
180JET	HLA-A	HOMDEL	CNA
180JET	ARHGEF10	HETLOSS	CNA
180JET	NEIL2	HETLOSS	CNA
180JET	DLC1	HETLOSS	CNA
180JET	MSR1	HETLOSS	CNA
180JET	PDGFRL	HETLOSS	CNA
180JET	PCM1	HETLOSS	CNA
180JET	LZTS1	HETLOSS	CNA
180JET	LEPROTL1	HETLOSS	CNA
180JET	WRN	HETLOSS	CNA
180JET	NRG1	HETLOSS	CNA
180JET	WHSC1L1	AMP	CNA
180JET	FGFR1	AMP	CNA
180JET	ANK1	GAIN	CNA
180JET	DOCK8	HETLOSS	CNA
180JET	JAK2	HETLOSS	CNA
180JET	CD274	HETLOSS	CNA
180JET	PDCD1LG2	HETLOSS	CNA
180JET	PTPRD	HETLOSS	CNA
180JET	NFIB	HETLOSS	CNA
180JET	PSIP1	HETLOSS	CNA
180JET	MLLT3	HOMDEL	CNA
180JET	MTAP	HOMDEL	CNA
180JET	CDKN2A	HOMDEL	CNA
180JET	CDKN2B	HOMDEL	CNA
180JET	ACO1	HETLOSS	CNA
180JET	APTX	HETLOSS	CNA
180JET	FANCG	HETLOSS	CNA
180JET	RMRP	HETLOSS	CNA
180JET	PAX5	HETLOSS	CNA
180JET	BRD3	HETLOSS	CNA
180JET	DNA2	HETLOSS	CNA
180JET	TET1	HETLOSS	CNA
180JET	VTI1A	HETLOSS	CNA
180JET	TCF7L2	HETLOSS	CNA
180JET	KIAA1598	HETLOSS	CNA
180JET	FGFR2	HETLOSS	CNA
180JET	NSMCE4A	HETLOSS	CNA
180JET	MGMT	HETLOSS	CNA
180JET	CDKN1C	HETLOSS	CNA
180JET	SLC22A18	HETLOSS	CNA
180JET	CARS	HETLOSS	CNA
180JET	LMO1	HETLOSS	CNA
180JET	MYOD1	HETLOSS	CNA
180JET	GJB2	HETLOSS	CNA
180JET	PARP4	HETLOSS	CNA
180JET	RNF6	HETLOSS	CNA
180JET	CDX2	HETLOSS	CNA
180JET	FLT3	HETLOSS	CNA
180JET	HMGB1	HETLOSS	CNA
180JET	BRCA2	HETLOSS	CNA
180JET	RFC3	HETLOSS	CNA
180JET	NBEA	HETLOSS	CNA
180JET	LHFP	HETLOSS	CNA
180JET	FOXO1	HETLOSS	CNA
180JET	ELF1	HETLOSS	CNA
180JET	LCP1	HETLOSS	CNA
180JET	RB1	HETLOSS	CNA
180JET	CYSLTR2	HETLOSS	CNA
180JET	DIS3	HETLOSS	CNA
180JET	GPC5	HETLOSS	CNA
180JET	SOX21	HETLOSS	CNA
180JET	ERCC5	HETLOSS	CNA
180JET	LIG4	HETLOSS	CNA
180JET	IRS2	HOMDEL	CNA
180JET	ING1	HETLOSS	CNA
180JET	CUL4A	HOMDEL	CNA
180JET	SERPINA1	HETLOSS	CNA
180JET	DICER1	HETLOSS	CNA
180JET	TELO2	HETLOSS	CNA
180JET	SOCS1	HETLOSS	CNA
180JET	RBBP8	HOMDEL	CNA
180JET	SMAD2	HETLOSS	CNA
180JET	SMAD4	HETLOSS	CNA
180JET	DCC	HETLOSS	CNA
180JET	POLI	HETLOSS	CNA
180JET	GNA11	HETLOSS	CNA
180JET	CCNE1	GAIN	CNA
180JET	CEP89	GAIN	CNA
180JET	C19orf40	GAIN	CNA
180JET	CEBPA	GAIN	CNA
180JET	LSM14A	GAIN	CNA
180JET	POLR2I	GAIN	CNA
180JET	AKT2	HETLOSS	CNA
180JET	CD79A	HETLOSS	CNA
180JET	CIC	HETLOSS	CNA
180JET	XRCC1	HETLOSS	CNA
180JET	BCL3	HETLOSS	CNA
180JET	CBLC	HETLOSS	CNA
180JET	ERCC2	HETLOSS	CNA
180JET	ERCC1	HETLOSS	CNA
180JET	ARHGAP35	HETLOSS	CNA
180JET	LIG1	HETLOSS	CNA
180JET	BAX	HETLOSS	CNA
180JET	BCL2L12	HETLOSS	CNA
180JET	PNKP	HETLOSS	CNA
180JET	POLD1	HETLOSS	CNA
180JET	KLK2	HETLOSS	CNA
180JET	PPP2R1A	HETLOSS	CNA
180JET	ZNF331	HETLOSS	CNA
180JET	TFPT	HETLOSS	CNA
180JET	CNOT3	HETLOSS	CNA
180JET	PPP6R1	HETLOSS	CNA
180JET	PCNA	HETLOSS	CNA
180JET	PPP6R2	HETLOSS	CNA
180JET	CRLF2	HOMDEL	CNA
180JET	P2RY8	HOMDEL	CNA
180JET	TMSB4X	HOMDEL	CNA
180JET	FANCB	HOMDEL	CNA
180JET	ZRSR2	HOMDEL	CNA
180JET	EIF1AX	HOMDEL	CNA
180JET	FAM47C	HOMDEL	CNA
180JET	RPGR	HOMDEL	CNA
180JET	BCOR	HOMDEL	CNA
180JET	ATP6AP2	HOMDEL	CNA
180JET	DDX3X	HOMDEL	CNA
180JET	KDM6A	HOMDEL	CNA
180JET	RBM10	HOMDEL	CNA
180JET	ARAF	HOMDEL	CNA
180JET	SSX1	HOMDEL	CNA
180JET	SSX4	HOMDEL	CNA
180JET	WAS	HOMDEL	CNA
180JET	GATA1	HOMDEL	CNA
180JET	TFE3	HOMDEL	CNA
180JET	SSX2	HOMDEL	CNA
180JET	KDM5C	HOMDEL	CNA
180JET	SMC1A	HOMDEL	CNA
180JET	APEX2	HOMDEL	CNA
180JET	AMER1	HOMDEL	CNA
180JET	MSN	HOMDEL	CNA
180JET	AR	HOMDEL	CNA
180JET	FOXO4	HOMDEL	CNA
180JET	MED12	HOMDEL	CNA
180JET	ZMYM3	HOMDEL	CNA
180JET	NONO	HOMDEL	CNA
180JET	ATRX	HOMDEL	CNA
180JET	BTK	HOMDEL	CNA
180JET	IRS4	HOMDEL	CNA
180JET	UBE2A	HOMDEL	CNA
180JET	SEPT6	HOMDEL	CNA
180JET	UPF3B	HOMDEL	CNA
180JET	STAG2	HETLOSS	CNA
180JET	DCAF12L2	HETLOSS	CNA
180JET	SMARCA1	HETLOSS	CNA
180JET	BCORL1	HETLOSS	CNA
180JET	ELF4	HETLOSS	CNA
180JET	GPC3	HETLOSS	CNA
180JET	PHF6	HOMDEL	CNA
180JET	ARHGEF6	HOMDEL	CNA
180JET	FMR1	HOMDEL	CNA
180JET	CETN2	HOMDEL	CNA
180JET	TREX2	HOMDEL	CNA
180JET	ATP2B3	HOMDEL	CNA
180JET	FLNA	HOMDEL	CNA
180JET	RPL10	HOMDEL	CNA
180JET	MTCP1	HOMDEL	CNA
180JET	CRLF2	HOMDEL	CNA
180JET	P2RY8	HOMDEL	CNA
XO7JTV	ARHGEF10L	GAIN	CNA
XO7JTV	GBA	AMP	CNA
XO7JTV	PRRX1	GAIN	CNA
XO7JTV	TPR	GAIN	CNA
XO7JTV	PTPRC	GAIN	CNA
XO7JTV	RGS7	GAIN	CNA
XO7JTV	FH	GAIN	CNA
XO7JTV	EXO1	GAIN	CNA
XO7JTV	CTNND2	GAIN	CNA
XO7JTV	CDH10	GAIN	CNA
XO7JTV	DROSHA	GAIN	CNA
XO7JTV	IL7R	GAIN	CNA
XO7JTV	LIFR	GAIN	CNA
XO7JTV	ETV1	GAIN	CNA
XO7JTV	EGFR	AMP	CNA
XO7JTV	PTPN12	GAIN	CNA
XO7JTV	GNAI1	GAIN	CNA
XO7JTV	GRM3	GAIN	CNA
XO7JTV	AKAP9	GAIN	CNA
XO7JTV	CDK6	GAIN	CNA
XO7JTV	MET	GAIN	CNA
XO7JTV	POT1	GAIN	CNA
XO7JTV	WHSC1L1	GAIN	CNA
XO7JTV	FGFR1	GAIN	CNA
XO7JTV	ANK1	GAIN	CNA
XO7JTV	KAT6A	GAIN	CNA
XO7JTV	IKBKB	GAIN	CNA
XO7JTV	POLB	GAIN	CNA
XO7JTV	HOOK3	GAIN	CNA
XO7JTV	PRKDC	GAIN	CNA
XO7JTV	UBE2V2	GAIN	CNA
XO7JTV	TCEA1	GAIN	CNA
XO7JTV	PLAG1	GAIN	CNA
XO7JTV	CHCHD7	GAIN	CNA
XO7JTV	PREX2	GAIN	CNA
XO7JTV	NCOA2	GAIN	CNA
XO7JTV	EYA1	GAIN	CNA
XO7JTV	TCEB1	GAIN	CNA
XO7JTV	HEY1	GAIN	CNA
XO7JTV	CNBD1	GAIN	CNA
XO7JTV	NBN	GAIN	CNA
XO7JTV	RUNX1T1	GAIN	CNA
XO7JTV	CDH17	GAIN	CNA
XO7JTV	RAD54B	GAIN	CNA
XO7JTV	COX6C	GAIN	CNA
XO7JTV	POLR2K	GAIN	CNA
XO7JTV	PABPC1	GAIN	CNA
XO7JTV	RRM2B	GAIN	CNA
XO7JTV	UBR5	GAIN	CNA
XO7JTV	RSPO2	GAIN	CNA
XO7JTV	EIF3E	GAIN	CNA
XO7JTV	CSMD3	GAIN	CNA
XO7JTV	RAD21	GAIN	CNA
XO7JTV	EXT1	GAIN	CNA
XO7JTV	NSMCE2	GAIN	CNA
XO7JTV	MYC	GAIN	CNA
XO7JTV	NDRG1	GAIN	CNA
XO7JTV	FAM135B	GAIN	CNA
XO7JTV	JAK2	GAIN	CNA
XO7JTV	CD274	GAIN	CNA
XO7JTV	PDCD1LG2	GAIN	CNA
XO7JTV	POLD4	GAIN	CNA
XO7JTV	BAZ1A	GAIN	CNA
XO7JTV	NKX2-1	GAIN	CNA
XO7JTV	XRCC3	GAIN	CNA
XO7JTV	AKT1	GAIN	CNA
XO7JTV	NF1	GAIN	CNA
XO7JTV	SUZ12	GAIN	CNA
XO7JTV	PSMD11	GAIN	CNA
XO7JTV	RBBP8	HETLOSS	CNA
XO7JTV	SS18L1	GAIN	CNA
XO7JTV	LZTR1	AMP	CNA
XO7JTV	MN1	AMP	CNA
XO7JTV	CRLF2	HOMDEL	CNA
XO7JTV	P2RY8	HETLOSS	CNA
XO7JTV	AMER1	HOMDEL	CNA
XO7JTV	CRLF2	HOMDEL	CNA
XO7JTV	P2RY8	HOMDEL	CNA
AJZ5JO	C1orf86	HOMDEL	CNA
AJZ5JO	SKI	HOMDEL	CNA
AJZ5JO	TNFRSF14	HOMDEL	CNA
AJZ5JO	PRDM16	HETLOSS	CNA
AJZ5JO	RPL22	HETLOSS	CNA
AJZ5JO	CAMTA1	HETLOSS	CNA
AJZ5JO	APITD1	HETLOSS	CNA
AJZ5JO	MTOR	HETLOSS	CNA
AJZ5JO	MAD2L2	HETLOSS	CNA
AJZ5JO	PRDM2	HETLOSS	CNA
AJZ5JO	CASP9	HETLOSS	CNA
AJZ5JO	SPEN	HETLOSS	CNA
AJZ5JO	EPHA2	HETLOSS	CNA
AJZ5JO	SDHB	HETLOSS	CNA
AJZ5JO	ARHGEF10L	HETLOSS	CNA
AJZ5JO	PAX7	HETLOSS	CNA
AJZ5JO	ID3	HETLOSS	CNA
AJZ5JO	MDS2	HETLOSS	CNA
AJZ5JO	TCEB3	HETLOSS	CNA
AJZ5JO	RUNX3	HETLOSS	CNA
AJZ5JO	ARID1A	HETLOSS	CNA
AJZ5JO	GPSM2	HETLOSS	CNA
AJZ5JO	RBM15	HETLOSS	CNA
AJZ5JO	TRIM33	HETLOSS	CNA
AJZ5JO	NRAS	HETLOSS	CNA
AJZ5JO	CSDE1	HETLOSS	CNA
AJZ5JO	ATP1A1	HETLOSS	CNA
AJZ5JO	FAM46C	HETLOSS	CNA
AJZ5JO	NOTCH2	HETLOSS	CNA
AJZ5JO	IDH1	HOMDEL	CNA
AJZ5JO	ATIC	HETLOSS	CNA
AJZ5JO	FN1	HETLOSS	CNA
AJZ5JO	XRCC5	HETLOSS	CNA
AJZ5JO	FEV	HETLOSS	CNA
AJZ5JO	NHEJ1	HETLOSS	CNA
AJZ5JO	PAX3	HETLOSS	CNA
AJZ5JO	ACSL3	HETLOSS	CNA
AJZ5JO	CUL3	HETLOSS	CNA
AJZ5JO	DIS3L2	HETLOSS	CNA
AJZ5JO	ACKR3	HETLOSS	CNA
AJZ5JO	CTNNB1	HETLOSS	CNA
AJZ5JO	SETD2	HETLOSS	CNA
AJZ5JO	TREX1	HETLOSS	CNA
AJZ5JO	COL7A1	HETLOSS	CNA
AJZ5JO	NCKIPSD	HETLOSS	CNA
AJZ5JO	RHOA	HETLOSS	CNA
AJZ5JO	RBM5	HETLOSS	CNA
AJZ5JO	PARP3	HETLOSS	CNA
AJZ5JO	BAP1	HETLOSS	CNA
AJZ5JO	PBRM1	HETLOSS	CNA
AJZ5JO	CACNA1D	HETLOSS	CNA
AJZ5JO	FOXP1	HETLOSS	CNA
AJZ5JO	PPP4R2	HETLOSS	CNA
AJZ5JO	MECOM	GAIN	CNA
AJZ5JO	TBL1XR1	GAIN	CNA
AJZ5JO	PIK3CA	GAIN	CNA
AJZ5JO	FXR1	GAIN	CNA
AJZ5JO	SOX2	GAIN	CNA
AJZ5JO	TP63	GAIN	CNA
AJZ5JO	MB21D2	GAIN	CNA
AJZ5JO	HES1	GAIN	CNA
AJZ5JO	UVSSA	HETLOSS	CNA
AJZ5JO	FGFR3	HETLOSS	CNA
AJZ5JO	WHSC1	HETLOSS	CNA
AJZ5JO	POLN	HETLOSS	CNA
AJZ5JO	RNF4	HETLOSS	CNA
AJZ5JO	DHX15	HETLOSS	CNA
AJZ5JO	SLC34A2	HETLOSS	CNA
AJZ5JO	RFC1	HETLOSS	CNA
AJZ5JO	N4BP2	HETLOSS	CNA
AJZ5JO	RHOH	HETLOSS	CNA
AJZ5JO	PHOX2B	HETLOSS	CNA
AJZ5JO	TEC	HOMDEL	CNA
AJZ5JO	CHIC2	HETLOSS	CNA
AJZ5JO	PDGFRA	HETLOSS	CNA
AJZ5JO	KIT	HETLOSS	CNA
AJZ5JO	KDR	HETLOSS	CNA
AJZ5JO	CLOCK	HETLOSS	CNA
AJZ5JO	ALB	HETLOSS	CNA
AJZ5JO	PTPN13	HETLOSS	CNA
AJZ5JO	AFF1	HETLOSS	CNA
AJZ5JO	SMARCAD1	HETLOSS	CNA
AJZ5JO	LEF1	HETLOSS	CNA
AJZ5JO	IL2	HETLOSS	CNA
AJZ5JO	FAT4	HETLOSS	CNA
AJZ5JO	FBXW7	HETLOSS	CNA
AJZ5JO	ING2	HETLOSS	CNA
AJZ5JO	IRF2	HETLOSS	CNA
AJZ5JO	CASP3	HETLOSS	CNA
AJZ5JO	FAT1	HETLOSS	CNA
AJZ5JO	IL6ST	HETLOSS	CNA
AJZ5JO	MAP3K1	HETLOSS	CNA
AJZ5JO	POLK	HETLOSS	CNA
AJZ5JO	MSH3	HETLOSS	CNA
AJZ5JO	RAD50	HETLOSS	CNA
AJZ5JO	AFF4	HETLOSS	CNA
AJZ5JO	UBE2B	HETLOSS	CNA
AJZ5JO	HDAC3	HETLOSS	CNA
AJZ5JO	ARAP3	HETLOSS	CNA
AJZ5JO	ARHGAP26	HETLOSS	CNA
AJZ5JO	CSF1R	HETLOSS	CNA
AJZ5JO	PDGFRB	HETLOSS	CNA
AJZ5JO	CD74	HETLOSS	CNA
AJZ5JO	ITK	HETLOSS	CNA
AJZ5JO	TLX3	HETLOSS	CNA
AJZ5JO	NPM1	HETLOSS	CNA
AJZ5JO	UIMC1	HETLOSS	CNA
AJZ5JO	FGFR4	HETLOSS	CNA
AJZ5JO	NSD1	HETLOSS	CNA
AJZ5JO	NHP2	HETLOSS	CNA
AJZ5JO	FLT4	HETLOSS	CNA
AJZ5JO	EGFR	AMP	CNA
AJZ5JO	ZNF479	GAIN	CNA
AJZ5JO	ARHGEF10	HETLOSS	CNA
AJZ5JO	DOCK8	HETLOSS	CNA
AJZ5JO	JAK2	HETLOSS	CNA
AJZ5JO	CD274	HETLOSS	CNA
AJZ5JO	PDCD1LG2	HETLOSS	CNA
AJZ5JO	NFIB	HETLOSS	CNA
AJZ5JO	PSIP1	HETLOSS	CNA
AJZ5JO	MLLT3	HETLOSS	CNA
AJZ5JO	MTAP	HETLOSS	CNA
AJZ5JO	CDKN2A	HETLOSS	CNA
AJZ5JO	CDKN2B	HETLOSS	CNA
AJZ5JO	PAX5	HETLOSS	CNA
AJZ5JO	BRD3	HETLOSS	CNA
AJZ5JO	LARP4B	HETLOSS	CNA
AJZ5JO	KLF6	HETLOSS	CNA
AJZ5JO	GATA3	HETLOSS	CNA
AJZ5JO	TLX1	HETLOSS	CNA
AJZ5JO	POLL	HETLOSS	CNA
AJZ5JO	NFKB2	HETLOSS	CNA
AJZ5JO	SUFU	HETLOSS	CNA
AJZ5JO	NT5C2	HETLOSS	CNA
AJZ5JO	HRAS	HETLOSS	CNA
AJZ5JO	POLR2L	HETLOSS	CNA
AJZ5JO	CDKN1C	HETLOSS	CNA
AJZ5JO	SLC22A18	HETLOSS	CNA
AJZ5JO	CARS	HETLOSS	CNA
AJZ5JO	NUP98	HETLOSS	CNA
AJZ5JO	LMO1	HETLOSS	CNA
AJZ5JO	ARNTL	HETLOSS	CNA
AJZ5JO	MYOD1	HETLOSS	CNA
AJZ5JO	GTF2H1	HETLOSS	CNA
AJZ5JO	LDHA	HETLOSS	CNA
AJZ5JO	WT1	HETLOSS	CNA
AJZ5JO	LMO2	HETLOSS	CNA
AJZ5JO	DDB2	HETLOSS	CNA
AJZ5JO	PTPRJ	HETLOSS	CNA
AJZ5JO	POLE	HETLOSS	CNA
AJZ5JO	GJB2	HETLOSS	CNA
AJZ5JO	PARP4	HETLOSS	CNA
AJZ5JO	RNF6	HETLOSS	CNA
AJZ5JO	CDX2	HETLOSS	CNA
AJZ5JO	FLT3	HETLOSS	CNA
AJZ5JO	HMGB1	HETLOSS	CNA
AJZ5JO	BRCA2	HETLOSS	CNA
AJZ5JO	RFC3	HETLOSS	CNA
AJZ5JO	NBEA	HETLOSS	CNA
AJZ5JO	FOXO1	HETLOSS	CNA
AJZ5JO	ELF1	HETLOSS	CNA
AJZ5JO	RB1	HETLOSS	CNA
AJZ5JO	CYSLTR2	HETLOSS	CNA
AJZ5JO	DIS3	GAIN	CNA
AJZ5JO	GPC5	GAIN	CNA
AJZ5JO	SOX21	GAIN	CNA
AJZ5JO	FANCI	GAIN	CNA
AJZ5JO	POLG	GAIN	CNA
AJZ5JO	IDH2	GAIN	CNA
AJZ5JO	CRTC3	GAIN	CNA
AJZ5JO	BLM	GAIN	CNA
AJZ5JO	FES	GAIN	CNA
AJZ5JO	CHD2	GAIN	CNA
AJZ5JO	YWHAE	HETLOSS	CNA
AJZ5JO	RPA1	HETLOSS	CNA
AJZ5JO	USP6	HETLOSS	CNA
AJZ5JO	RABEP1	HETLOSS	CNA
AJZ5JO	GPS2	HETLOSS	CNA
AJZ5JO	POLR2A	HETLOSS	CNA
AJZ5JO	TP53	HETLOSS	CNA
AJZ5JO	CHD3	HETLOSS	CNA
AJZ5JO	PER1	HETLOSS	CNA
AJZ5JO	GAS7	HETLOSS	CNA
AJZ5JO	MAP2K4	HETLOSS	CNA
AJZ5JO	NCOR1	HETLOSS	CNA
AJZ5JO	FLCN	HETLOSS	CNA
AJZ5JO	TOP3A	HETLOSS	CNA
AJZ5JO	SPECC1	HETLOSS	CNA
AJZ5JO	NF1	HETLOSS	CNA
AJZ5JO	SUZ12	HETLOSS	CNA
AJZ5JO	PSMD11	HETLOSS	CNA
AJZ5JO	KANSL1	HETLOSS	CNA
AJZ5JO	CDC27	HETLOSS	CNA
AJZ5JO	SPOP	HETLOSS	CNA
AJZ5JO	KAT7	HETLOSS	CNA
AJZ5JO	COL1A1	HETLOSS	CNA
AJZ5JO	EME1	HETLOSS	CNA
AJZ5JO	RNF43	HETLOSS	CNA
AJZ5JO	RAD51C	HETLOSS	CNA
AJZ5JO	TRIM37	HETLOSS	CNA
AJZ5JO	CLTC	HETLOSS	CNA
AJZ5JO	PPM1D	HETLOSS	CNA
AJZ5JO	BRIP1	HETLOSS	CNA
AJZ5JO	CD79B	HETLOSS	CNA
AJZ5JO	DDX5	HETLOSS	CNA
AJZ5JO	GNA13	HETLOSS	CNA
AJZ5JO	AXIN2	HETLOSS	CNA
AJZ5JO	PRKAR1A	HETLOSS	CNA
AJZ5JO	RECQL5	HETLOSS	CNA
AJZ5JO	H3F3B	HETLOSS	CNA
AJZ5JO	SRSF2	HETLOSS	CNA
AJZ5JO	SEPT9	HETLOSS	CNA
AJZ5JO	CANT1	HETLOSS	CNA
AJZ5JO	RNF213	HETLOSS	CNA
AJZ5JO	ENDOV	HETLOSS	CNA
AJZ5JO	C17orf70	HETLOSS	CNA
AJZ5JO	ASPSCR1	HETLOSS	CNA
AJZ5JO	STRA13	HETLOSS	CNA
AJZ5JO	ZNF750	HETLOSS	CNA
AJZ5JO	RBBP8	HOMDEL	CNA
AJZ5JO	FSTL3	HETLOSS	CNA
AJZ5JO	ELANE	HETLOSS	CNA
AJZ5JO	POLR2E	HETLOSS	CNA
AJZ5JO	STK11	HETLOSS	CNA
AJZ5JO	TCF3	HETLOSS	CNA
AJZ5JO	MAP2K2	HETLOSS	CNA
AJZ5JO	SH3GL1	HETLOSS	CNA
AJZ5JO	CHAF1A	HETLOSS	CNA
AJZ5JO	SMARCA4	HETLOSS	CNA
AJZ5JO	ELL	HETLOSS	CNA
AJZ5JO	CRTC1	HETLOSS	CNA
AJZ5JO	CCNE1	HETLOSS	CNA
AJZ5JO	CEP89	HETLOSS	CNA
AJZ5JO	C19orf40	HETLOSS	CNA
AJZ5JO	CEBPA	HETLOSS	CNA
AJZ5JO	LSM14A	HETLOSS	CNA
AJZ5JO	POLR2I	HETLOSS	CNA
AJZ5JO	AKT2	HETLOSS	CNA
AJZ5JO	CD79A	HETLOSS	CNA
AJZ5JO	CIC	HETLOSS	CNA
AJZ5JO	XRCC1	HETLOSS	CNA
AJZ5JO	BCL3	HETLOSS	CNA
AJZ5JO	CBLC	HETLOSS	CNA
AJZ5JO	ERCC2	HETLOSS	CNA
AJZ5JO	ERCC1	HETLOSS	CNA
AJZ5JO	ARHGAP35	HETLOSS	CNA
AJZ5JO	LIG1	HETLOSS	CNA
AJZ5JO	BAX	HETLOSS	CNA
AJZ5JO	BCL2L12	HETLOSS	CNA
AJZ5JO	PNKP	HETLOSS	CNA
AJZ5JO	POLD1	HETLOSS	CNA
AJZ5JO	KLK2	HETLOSS	CNA
AJZ5JO	PPP2R1A	HETLOSS	CNA
AJZ5JO	ZNF331	HETLOSS	CNA
AJZ5JO	TFPT	HETLOSS	CNA
AJZ5JO	CNOT3	HETLOSS	CNA
AJZ5JO	OLIG2	HETLOSS	CNA
AJZ5JO	RUNX1	HETLOSS	CNA
AJZ5JO	ERG	HETLOSS	CNA
AJZ5JO	TMPRSS2	HETLOSS	CNA
AJZ5JO	U2AF1	HETLOSS	CNA
AJZ5JO	LZTR1	HETLOSS	CNA
AJZ5JO	CHEK2	HETLOSS	CNA
AJZ5JO	ZNRF3	HETLOSS	CNA
AJZ5JO	EWSR1	HETLOSS	CNA
AJZ5JO	NF2	HETLOSS	CNA
AJZ5JO	MYH9	HETLOSS	CNA
AJZ5JO	DMC1	HETLOSS	CNA
AJZ5JO	ARFGAP3	HETLOSS	CNA
AJZ5JO	CRLF2	HETLOSS	CNA
AJZ5JO	P2RY8	HOMDEL	CNA
AJZ5JO	TMSB4X	HOMDEL	CNA
AJZ5JO	FANCB	HOMDEL	CNA
AJZ5JO	ZRSR2	HOMDEL	CNA
AJZ5JO	EIF1AX	HOMDEL	CNA
AJZ5JO	FAM47C	HOMDEL	CNA
AJZ5JO	RPGR	HOMDEL	CNA
AJZ5JO	BCOR	HOMDEL	CNA
AJZ5JO	ATP6AP2	HOMDEL	CNA
AJZ5JO	DDX3X	HOMDEL	CNA
AJZ5JO	KDM6A	HOMDEL	CNA
AJZ5JO	RBM10	HOMDEL	CNA
AJZ5JO	ARAF	HOMDEL	CNA
AJZ5JO	SSX1	HOMDEL	CNA
AJZ5JO	SSX4	HOMDEL	CNA
AJZ5JO	WAS	HOMDEL	CNA
AJZ5JO	GATA1	HOMDEL	CNA
AJZ5JO	TFE3	HOMDEL	CNA
AJZ5JO	SSX2	HOMDEL	CNA
AJZ5JO	KDM5C	HOMDEL	CNA
AJZ5JO	SMC1A	HOMDEL	CNA
AJZ5JO	APEX2	HOMDEL	CNA
AJZ5JO	AMER1	HOMDEL	CNA
AJZ5JO	MSN	HOMDEL	CNA
AJZ5JO	AR	HOMDEL	CNA
AJZ5JO	FOXO4	HOMDEL	CNA
AJZ5JO	MED12	HOMDEL	CNA
AJZ5JO	ZMYM3	HOMDEL	CNA
AJZ5JO	NONO	HOMDEL	CNA
AJZ5JO	ATRX	HOMDEL	CNA
AJZ5JO	BTK	HOMDEL	CNA
AJZ5JO	IRS4	HOMDEL	CNA
AJZ5JO	UBE2A	HOMDEL	CNA
AJZ5JO	SEPT6	HOMDEL	CNA
AJZ5JO	UPF3B	HOMDEL	CNA
AJZ5JO	STAG2	HOMDEL	CNA
AJZ5JO	DCAF12L2	HOMDEL	CNA
AJZ5JO	SMARCA1	HOMDEL	CNA
AJZ5JO	BCORL1	HOMDEL	CNA
AJZ5JO	ELF4	HOMDEL	CNA
AJZ5JO	GPC3	HOMDEL	CNA
AJZ5JO	PHF6	HOMDEL	CNA
AJZ5JO	ARHGEF6	HOMDEL	CNA
AJZ5JO	FMR1	HOMDEL	CNA
AJZ5JO	CETN2	HOMDEL	CNA
AJZ5JO	TREX2	HOMDEL	CNA
AJZ5JO	ATP2B3	HOMDEL	CNA
AJZ5JO	FLNA	HOMDEL	CNA
AJZ5JO	RPL10	HOMDEL	CNA
AJZ5JO	MTCP1	HOMDEL	CNA
AJZ5JO	CRLF2	HOMDEL	CNA
AJZ5JO	P2RY8	HOMDEL	CNA
KQ3CFX	C1orf86	HETLOSS	CNA
KQ3CFX	SKI	HETLOSS	CNA
KQ3CFX	PRDM16	HETLOSS	CNA
KQ3CFX	RPL22	HETLOSS	CNA
KQ3CFX	CAMTA1	HETLOSS	CNA
KQ3CFX	APITD1	HETLOSS	CNA
KQ3CFX	MTOR	HETLOSS	CNA
KQ3CFX	MAD2L2	HETLOSS	CNA
KQ3CFX	PRDM2	HETLOSS	CNA
KQ3CFX	CASP9	HETLOSS	CNA
KQ3CFX	SPEN	HETLOSS	CNA
KQ3CFX	EPHA2	HETLOSS	CNA
KQ3CFX	SDHB	HETLOSS	CNA
KQ3CFX	ARHGEF10L	HETLOSS	CNA
KQ3CFX	PAX7	HETLOSS	CNA
KQ3CFX	ID3	HETLOSS	CNA
KQ3CFX	MDS2	HETLOSS	CNA
KQ3CFX	TCEB3	HETLOSS	CNA
KQ3CFX	RUNX3	HETLOSS	CNA
KQ3CFX	ARID1A	HETLOSS	CNA
KQ3CFX	RPA2	HETLOSS	CNA
KQ3CFX	EYA3	HETLOSS	CNA
KQ3CFX	LCK	HETLOSS	CNA
KQ3CFX	SFPQ	HETLOSS	CNA
KQ3CFX	CLSPN	HETLOSS	CNA
KQ3CFX	THRAP3	HETLOSS	CNA
KQ3CFX	CSF3R	HETLOSS	CNA
KQ3CFX	SF3A3	HETLOSS	CNA
KQ3CFX	UROD	HETLOSS	CNA
KQ3CFX	MUTYH	HETLOSS	CNA
KQ3CFX	RAD54L	HETLOSS	CNA
KQ3CFX	TAL1	HETLOSS	CNA
KQ3CFX	STIL	HETLOSS	CNA
KQ3CFX	FAF1	HETLOSS	CNA
KQ3CFX	CDKN2C	HETLOSS	CNA
KQ3CFX	EPS15	HETLOSS	CNA
KQ3CFX	GPSM2	HETLOSS	CNA
KQ3CFX	RBM15	HETLOSS	CNA
KQ3CFX	NRAS	HETLOSS	CNA
KQ3CFX	CSDE1	HETLOSS	CNA
KQ3CFX	MUC1	HETLOSS	CNA
KQ3CFX	GBA	HETLOSS	CNA
KQ3CFX	LMNA	HETLOSS	CNA
KQ3CFX	PRCC	HETLOSS	CNA
KQ3CFX	NTRK1	HETLOSS	CNA
KQ3CFX	ELF3	HETLOSS	CNA
KQ3CFX	UBE2T	HETLOSS	CNA
KQ3CFX	H3F3A	HETLOSS	CNA
KQ3CFX	RGS7	HETLOSS	CNA
KQ3CFX	FH	HETLOSS	CNA
KQ3CFX	EXO1	HETLOSS	CNA
KQ3CFX	C2orf44	HETLOSS	CNA
KQ3CFX	NCOA1	HETLOSS	CNA
KQ3CFX	DNMT3A	HETLOSS	CNA
KQ3CFX	ASXL2	HETLOSS	CNA
KQ3CFX	EPCAM	HETLOSS	CNA
KQ3CFX	MSH2	HETLOSS	CNA
KQ3CFX	MSH6	HETLOSS	CNA
KQ3CFX	FBXO11	HETLOSS	CNA
KQ3CFX	EIF2AK3	HETLOSS	CNA
KQ3CFX	INPP4A	HETLOSS	CNA
KQ3CFX	REV1	HETLOSS	CNA
KQ3CFX	AFF3	HETLOSS	CNA
KQ3CFX	RANBP2	HETLOSS	CNA
KQ3CFX	ERCC3	HETLOSS	CNA
KQ3CFX	POLR2D	HETLOSS	CNA
KQ3CFX	ACVR1	HETLOSS	CNA
KQ3CFX	CASP10	HETLOSS	CNA
KQ3CFX	CASP8	HETLOSS	CNA
KQ3CFX	ATIC	HETLOSS	CNA
KQ3CFX	FN1	HETLOSS	CNA
KQ3CFX	ACSL3	HETLOSS	CNA
KQ3CFX	DIS3L2	HETLOSS	CNA
KQ3CFX	CRBN	HETLOSS	CNA
KQ3CFX	OGG1	HETLOSS	CNA
KQ3CFX	FANCD2	HETLOSS	CNA
KQ3CFX	VHL	HETLOSS	CNA
KQ3CFX	PPARG	HETLOSS	CNA
KQ3CFX	RAF1	HETLOSS	CNA
KQ3CFX	FBLN2	HETLOSS	CNA
KQ3CFX	XPC	HETLOSS	CNA
KQ3CFX	ANKRD28	HETLOSS	CNA
KQ3CFX	CCR4	HETLOSS	CNA
KQ3CFX	MYD88	HETLOSS	CNA
KQ3CFX	WDR48	HETLOSS	CNA
KQ3CFX	SETD2	HETLOSS	CNA
KQ3CFX	TREX1	HETLOSS	CNA
KQ3CFX	COL7A1	HETLOSS	CNA
KQ3CFX	NCKIPSD	HETLOSS	CNA
KQ3CFX	RHOA	HETLOSS	CNA
KQ3CFX	RBM5	HETLOSS	CNA
KQ3CFX	PARP3	HETLOSS	CNA
KQ3CFX	BAP1	HETLOSS	CNA
KQ3CFX	PBRM1	HETLOSS	CNA
KQ3CFX	CACNA1D	HETLOSS	CNA
KQ3CFX	PPP4R2	HETLOSS	CNA
KQ3CFX	GATA2	HETLOSS	CNA
KQ3CFX	GMPS	HETLOSS	CNA
KQ3CFX	RNF168	HETLOSS	CNA
KQ3CFX	UVSSA	HETLOSS	CNA
KQ3CFX	FGFR3	HETLOSS	CNA
KQ3CFX	WHSC1	HETLOSS	CNA
KQ3CFX	POLN	HETLOSS	CNA
KQ3CFX	RNF4	HETLOSS	CNA
KQ3CFX	SLC34A2	HETLOSS	CNA
KQ3CFX	IRF2	HETLOSS	CNA
KQ3CFX	CASP3	HETLOSS	CNA
KQ3CFX	SDHA	HETLOSS	CNA
KQ3CFX	TERT	HETLOSS	CNA
KQ3CFX	CDK7	HETLOSS	CNA
KQ3CFX	RAD17	HETLOSS	CNA
KQ3CFX	GTF2H2	HETLOSS	CNA
KQ3CFX	MSH3	HETLOSS	CNA
KQ3CFX	XRCC4	HETLOSS	CNA
KQ3CFX	UBE2B	HETLOSS	CNA
KQ3CFX	CSF1R	HETLOSS	CNA
KQ3CFX	PDGFRB	HETLOSS	CNA
KQ3CFX	CD74	HETLOSS	CNA
KQ3CFX	ITK	HETLOSS	CNA
KQ3CFX	NPM1	HETLOSS	CNA
KQ3CFX	UIMC1	HETLOSS	CNA
KQ3CFX	FGFR4	HETLOSS	CNA
KQ3CFX	NSD1	HETLOSS	CNA
KQ3CFX	NHP2	HETLOSS	CNA
KQ3CFX	FLT4	HETLOSS	CNA
KQ3CFX	TDP2	HETLOSS	CNA
KQ3CFX	HLA-A	HETLOSS	CNA
KQ3CFX	DAXX	HETLOSS	CNA
KQ3CFX	HMGA1	HETLOSS	CNA
KQ3CFX	FANCE	HETLOSS	CNA
KQ3CFX	PIM1	HETLOSS	CNA
KQ3CFX	RNF8	HETLOSS	CNA
KQ3CFX	TFEB	HETLOSS	CNA
KQ3CFX	CCND3	HETLOSS	CNA
KQ3CFX	POLH	HETLOSS	CNA
KQ3CFX	HSP90AB1	HETLOSS	CNA
KQ3CFX	NFKBIE	HETLOSS	CNA
KQ3CFX	GTF2H5	HETLOSS	CNA
KQ3CFX	MLLT4	HETLOSS	CNA
KQ3CFX	MAD1L1	HETLOSS	CNA
KQ3CFX	NUDT1	HETLOSS	CNA
KQ3CFX	CARD11	HETLOSS	CNA
KQ3CFX	ETV1	HETLOSS	CNA
KQ3CFX	HNRNPA2B1	HETLOSS	CNA
KQ3CFX	ZNF479	HETLOSS	CNA
KQ3CFX	SBDS	HETLOSS	CNA
KQ3CFX	ELN	HETLOSS	CNA
KQ3CFX	RFC2	HETLOSS	CNA
KQ3CFX	PMS2P3	HETLOSS	CNA
KQ3CFX	HIP1	HETLOSS	CNA
KQ3CFX	POLR2J	HETLOSS	CNA
KQ3CFX	SND1	HETLOSS	CNA
KQ3CFX	SMO	HETLOSS	CNA
KQ3CFX	TRIM24	HETLOSS	CNA
KQ3CFX	KIAA1549	HETLOSS	CNA
KQ3CFX	BRAF	HETLOSS	CNA
KQ3CFX	FAM131B	HETLOSS	CNA
KQ3CFX	CUL1	HETLOSS	CNA
KQ3CFX	EZH2	HETLOSS	CNA
KQ3CFX	PAXIP1	HETLOSS	CNA
KQ3CFX	NEIL2	HETLOSS	CNA
KQ3CFX	DLC1	HETLOSS	CNA
KQ3CFX	LZTS1	HETLOSS	CNA
KQ3CFX	LEPROTL1	HETLOSS	CNA
KQ3CFX	WRN	HETLOSS	CNA
KQ3CFX	ANK1	HETLOSS	CNA
KQ3CFX	KAT6A	HETLOSS	CNA
KQ3CFX	IKBKB	HETLOSS	CNA
KQ3CFX	POLB	HETLOSS	CNA
KQ3CFX	HOOK3	HETLOSS	CNA
KQ3CFX	NDRG1	HETLOSS	CNA
KQ3CFX	GADD45G	HETLOSS	CNA
KQ3CFX	SYK	HETLOSS	CNA
KQ3CFX	OMD	HETLOSS	CNA
KQ3CFX	FANCC	HETLOSS	CNA
KQ3CFX	PTCH1	HETLOSS	CNA
KQ3CFX	XPA	HETLOSS	CNA
KQ3CFX	PPP6C	HETLOSS	CNA
KQ3CFX	ABL1	HETLOSS	CNA
KQ3CFX	NUP214	HETLOSS	CNA
KQ3CFX	TSC1	HETLOSS	CNA
KQ3CFX	RALGDS	HETLOSS	CNA
KQ3CFX	BRD3	HETLOSS	CNA
KQ3CFX	LARP4B	HETLOSS	CNA
KQ3CFX	DCLRE1C	HETLOSS	CNA
KQ3CFX	RET	HETLOSS	CNA
KQ3CFX	DNA2	HETLOSS	CNA
KQ3CFX	TET1	HETLOSS	CNA
KQ3CFX	CCAR1	HETLOSS	CNA
KQ3CFX	PRF1	HETLOSS	CNA
KQ3CFX	CPEB3	HETLOSS	CNA
KQ3CFX	CYP2C8	HETLOSS	CNA
KQ3CFX	DNTT	HETLOSS	CNA
KQ3CFX	MMS19	HETLOSS	CNA
KQ3CFX	TLX1	HETLOSS	CNA
KQ3CFX	POLL	HETLOSS	CNA
KQ3CFX	NSMCE4A	HETLOSS	CNA
KQ3CFX	HRAS	HETLOSS	CNA
KQ3CFX	POLR2L	HETLOSS	CNA
KQ3CFX	CDKN1C	HETLOSS	CNA
KQ3CFX	SLC22A18	HETLOSS	CNA
KQ3CFX	CARS	HETLOSS	CNA
KQ3CFX	GTF2H1	HETLOSS	CNA
KQ3CFX	LDHA	HETLOSS	CNA
KQ3CFX	WT1	HETLOSS	CNA
KQ3CFX	ALKBH3	HETLOSS	CNA
KQ3CFX	EXT2	HETLOSS	CNA
KQ3CFX	CREB3L1	HETLOSS	CNA
KQ3CFX	DDB2	HETLOSS	CNA
KQ3CFX	PTPRJ	HETLOSS	CNA
KQ3CFX	PICALM	HETLOSS	CNA
KQ3CFX	EED	HETLOSS	CNA
KQ3CFX	ZBTB16	HETLOSS	CNA
KQ3CFX	PAFAH1B2	HETLOSS	CNA
KQ3CFX	KMT2A	HETLOSS	CNA
KQ3CFX	DDX6	HETLOSS	CNA
KQ3CFX	BCL9L	HETLOSS	CNA
KQ3CFX	FOXR1	HETLOSS	CNA
KQ3CFX	HMBS	HETLOSS	CNA
KQ3CFX	H2AFX	HETLOSS	CNA
KQ3CFX	CBL	HETLOSS	CNA
KQ3CFX	OPCML	HETLOSS	CNA
KQ3CFX	COL2A1	HETLOSS	CNA
KQ3CFX	KMT2D	HETLOSS	CNA
KQ3CFX	PRPF40B	HETLOSS	CNA
KQ3CFX	SMARCD1	HETLOSS	CNA
KQ3CFX	LIMA1	HETLOSS	CNA
KQ3CFX	ATF1	HETLOSS	CNA
KQ3CFX	ACVR1B	HETLOSS	CNA
KQ3CFX	HOXC13	HETLOSS	CNA
KQ3CFX	HOXC11	HETLOSS	CNA
KQ3CFX	ERBB3	HETLOSS	CNA
KQ3CFX	NABP2	HETLOSS	CNA
KQ3CFX	ANKRD52	HETLOSS	CNA
KQ3CFX	NACA	HETLOSS	CNA
KQ3CFX	NAB2	HETLOSS	CNA
KQ3CFX	STAT6	HETLOSS	CNA
KQ3CFX	GLI1	HETLOSS	CNA
KQ3CFX	DDIT3	HETLOSS	CNA
KQ3CFX	USP44	HETLOSS	CNA
KQ3CFX	TDG	HETLOSS	CNA
KQ3CFX	SH2B3	HETLOSS	CNA
KQ3CFX	ALDH2	HETLOSS	CNA
KQ3CFX	PTPN11	HETLOSS	CNA
KQ3CFX	TBX3	HETLOSS	CNA
KQ3CFX	RFC5	HETLOSS	CNA
KQ3CFX	HNF1A	HETLOSS	CNA
KQ3CFX	SETD1B	HETLOSS	CNA
KQ3CFX	BCL7A	HETLOSS	CNA
KQ3CFX	CLIP1	HETLOSS	CNA
KQ3CFX	ZCCHC8	HETLOSS	CNA
KQ3CFX	NCOR2	HETLOSS	CNA
KQ3CFX	POLE	HETLOSS	CNA
KQ3CFX	GJB2	HETLOSS	CNA
KQ3CFX	RB1	HETLOSS	CNA
KQ3CFX	CYSLTR2	HETLOSS	CNA
KQ3CFX	SOX21	HETLOSS	CNA
KQ3CFX	IRS2	HETLOSS	CNA
KQ3CFX	ING1	HETLOSS	CNA
KQ3CFX	CUL4A	HETLOSS	CNA
KQ3CFX	AJUBA	HETLOSS	CNA
KQ3CFX	ALKBH1	HETLOSS	CNA
KQ3CFX	XRCC3	HETLOSS	CNA
KQ3CFX	TJP1	HETLOSS	CNA
KQ3CFX	RAD51	HETLOSS	CNA
KQ3CFX	TP53BP1	HETLOSS	CNA
KQ3CFX	USP8	HETLOSS	CNA
KQ3CFX	PIF1	HETLOSS	CNA
KQ3CFX	PML	HETLOSS	CNA
KQ3CFX	NEIL1	HETLOSS	CNA
KQ3CFX	FANCI	HETLOSS	CNA
KQ3CFX	POLG	HETLOSS	CNA
KQ3CFX	MPG	HETLOSS	CNA
KQ3CFX	AXIN1	HETLOSS	CNA
KQ3CFX	TELO2	HETLOSS	CNA
KQ3CFX	EME2	HETLOSS	CNA
KQ3CFX	NTHL1	HETLOSS	CNA
KQ3CFX	TSC2	HETLOSS	CNA
KQ3CFX	TRAF7	HETLOSS	CNA
KQ3CFX	TCEB2	HETLOSS	CNA
KQ3CFX	SLX4	HETLOSS	CNA
KQ3CFX	CREBBP	HETLOSS	CNA
KQ3CFX	GRIN2A	HETLOSS	CNA
KQ3CFX	CIITA	HETLOSS	CNA
KQ3CFX	RMI2	HETLOSS	CNA
KQ3CFX	SOCS1	HETLOSS	CNA
KQ3CFX	TNFRSF17	HETLOSS	CNA
KQ3CFX	ERCC4	HETLOSS	CNA
KQ3CFX	MYH11	HETLOSS	CNA
KQ3CFX	PALB2	HETLOSS	CNA
KQ3CFX	PRKCB	HETLOSS	CNA
KQ3CFX	NSMCE1	HETLOSS	CNA
KQ3CFX	IL21R	HETLOSS	CNA
KQ3CFX	NFATC2IP	HETLOSS	CNA
KQ3CFX	FUS	HETLOSS	CNA
KQ3CFX	CNOT1	HETLOSS	CNA
KQ3CFX	CBFB	HETLOSS	CNA
KQ3CFX	CTCF	HETLOSS	CNA
KQ3CFX	RFWD3	HETLOSS	CNA
KQ3CFX	CBFA2T3	HETLOSS	CNA
KQ3CFX	FANCA	HETLOSS	CNA
KQ3CFX	YWHAE	HETLOSS	CNA
KQ3CFX	RPA1	HETLOSS	CNA
KQ3CFX	POLR2A	HETLOSS	CNA
KQ3CFX	TP53	HETLOSS	CNA
KQ3CFX	CHD3	HETLOSS	CNA
KQ3CFX	PER1	HETLOSS	CNA
KQ3CFX	FLCN	HETLOSS	CNA
KQ3CFX	TOP3A	HETLOSS	CNA
KQ3CFX	SPECC1	HETLOSS	CNA
KQ3CFX	PSMD11	HETLOSS	CNA
KQ3CFX	MLLT6	HETLOSS	CNA
KQ3CFX	LASP1	HETLOSS	CNA
KQ3CFX	CDK12	HETLOSS	CNA
KQ3CFX	ERBB2	HETLOSS	CNA
KQ3CFX	RARA	HETLOSS	CNA
KQ3CFX	CCR7	HETLOSS	CNA
KQ3CFX	SMARCE1	HETLOSS	CNA
KQ3CFX	ETV4	HETLOSS	CNA
KQ3CFX	KANSL1	HETLOSS	CNA
KQ3CFX	SPOP	HETLOSS	CNA
KQ3CFX	KAT7	HETLOSS	CNA
KQ3CFX	COL1A1	HETLOSS	CNA
KQ3CFX	EME1	HETLOSS	CNA
KQ3CFX	CLTC	HETLOSS	CNA
KQ3CFX	PPM1D	HETLOSS	CNA
KQ3CFX	CD79B	HETLOSS	CNA
KQ3CFX	DDX5	HETLOSS	CNA
KQ3CFX	GNA13	HETLOSS	CNA
KQ3CFX	AXIN2	HETLOSS	CNA
KQ3CFX	PRKAR1A	HETLOSS	CNA
KQ3CFX	H3F3B	HETLOSS	CNA
KQ3CFX	CANT1	HETLOSS	CNA
KQ3CFX	RNF213	HETLOSS	CNA
KQ3CFX	ENDOV	HETLOSS	CNA
KQ3CFX	C17orf70	HETLOSS	CNA
KQ3CFX	ZNF750	HETLOSS	CNA
KQ3CFX	PPP4R1	HETLOSS	CNA
KQ3CFX	RBBP8	HOMDEL	CNA
KQ3CFX	FSTL3	HETLOSS	CNA
KQ3CFX	ELANE	HETLOSS	CNA
KQ3CFX	POLR2E	HETLOSS	CNA
KQ3CFX	STK11	HETLOSS	CNA
KQ3CFX	TCF3	HETLOSS	CNA
KQ3CFX	GNA11	HETLOSS	CNA
KQ3CFX	MAP2K2	HETLOSS	CNA
KQ3CFX	SH3GL1	HETLOSS	CNA
KQ3CFX	CHAF1A	HETLOSS	CNA
KQ3CFX	MLLT1	HETLOSS	CNA
KQ3CFX	XAB2	HETLOSS	CNA
KQ3CFX	CD209	HETLOSS	CNA
KQ3CFX	MUC16	HETLOSS	CNA
KQ3CFX	KEAP1	HETLOSS	CNA
KQ3CFX	DNM2	HETLOSS	CNA
KQ3CFX	SMARCA4	HETLOSS	CNA
KQ3CFX	CALR	HETLOSS	CNA
KQ3CFX	RAD23A	HETLOSS	CNA
KQ3CFX	LYL1	HETLOSS	CNA
KQ3CFX	PRKACA	HETLOSS	CNA
KQ3CFX	DNAJB1	HETLOSS	CNA
KQ3CFX	BRD4	HETLOSS	CNA
KQ3CFX	TPM4	HETLOSS	CNA
KQ3CFX	JAK3	HETLOSS	CNA
KQ3CFX	PIK3R2	HETLOSS	CNA
KQ3CFX	PIK3R2	HETLOSS	CNA
KQ3CFX	ELL	HETLOSS	CNA
KQ3CFX	CRTC1	HETLOSS	CNA
KQ3CFX	ZNF429	HETLOSS	CNA
KQ3CFX	CCNE1	HETLOSS	CNA
KQ3CFX	CEP89	HETLOSS	CNA
KQ3CFX	C19orf40	HETLOSS	CNA
KQ3CFX	CEBPA	HETLOSS	CNA
KQ3CFX	LSM14A	HETLOSS	CNA
KQ3CFX	POLR2I	HETLOSS	CNA
KQ3CFX	BCL3	HETLOSS	CNA
KQ3CFX	CBLC	HETLOSS	CNA
KQ3CFX	ERCC2	HETLOSS	CNA
KQ3CFX	ERCC1	HETLOSS	CNA
KQ3CFX	ARHGAP35	HETLOSS	CNA
KQ3CFX	LIG1	HETLOSS	CNA
KQ3CFX	BAX	HETLOSS	CNA
KQ3CFX	BCL2L12	HETLOSS	CNA
KQ3CFX	PNKP	HETLOSS	CNA
KQ3CFX	POLD1	HETLOSS	CNA
KQ3CFX	KLK2	HETLOSS	CNA
KQ3CFX	PPP2R1A	HETLOSS	CNA
KQ3CFX	ZNF331	HETLOSS	CNA
KQ3CFX	CRNKL1	HETLOSS	CNA
KQ3CFX	SRC	HETLOSS	CNA
KQ3CFX	SDC4	HETLOSS	CNA
KQ3CFX	GNAS	HETLOSS	CNA
KQ3CFX	PTK6	HETLOSS	CNA
KQ3CFX	OLIG2	HETLOSS	CNA
KQ3CFX	ERG	HETLOSS	CNA
KQ3CFX	TMPRSS2	HETLOSS	CNA
KQ3CFX	U2AF1	HETLOSS	CNA
KQ3CFX	CLTCL1	HETLOSS	CNA
KQ3CFX	SEPT5	HETLOSS	CNA
KQ3CFX	DGCR8	HETLOSS	CNA
KQ3CFX	MAPK1	HETLOSS	CNA
KQ3CFX	TOP3B	HETLOSS	CNA
KQ3CFX	BCR	HETLOSS	CNA
KQ3CFX	SMARCB1	HETLOSS	CNA
KQ3CFX	ISX	HETLOSS	CNA
KQ3CFX	POLR2F	HETLOSS	CNA
KQ3CFX	DMC1	HETLOSS	CNA
KQ3CFX	MKL1	HETLOSS	CNA
KQ3CFX	RBX1	HETLOSS	CNA
KQ3CFX	EP300	HETLOSS	CNA
KQ3CFX	XRCC6	HETLOSS	CNA
KQ3CFX	CRLF2	HETLOSS	CNA
KQ3CFX	P2RY8	HETLOSS	CNA
KQ3CFX	TMSB4X	HOMDEL	CNA
KQ3CFX	FANCB	HOMDEL	CNA
KQ3CFX	ZRSR2	HOMDEL	CNA
KQ3CFX	EIF1AX	HOMDEL	CNA
KQ3CFX	FAM47C	HOMDEL	CNA
KQ3CFX	RPGR	HOMDEL	CNA
KQ3CFX	BCOR	HOMDEL	CNA
KQ3CFX	ATP6AP2	HOMDEL	CNA
KQ3CFX	DDX3X	HOMDEL	CNA
KQ3CFX	KDM6A	HOMDEL	CNA
KQ3CFX	RBM10	HOMDEL	CNA
KQ3CFX	ARAF	HOMDEL	CNA
KQ3CFX	SSX1	HOMDEL	CNA
KQ3CFX	SSX4	HOMDEL	CNA
KQ3CFX	WAS	HOMDEL	CNA
KQ3CFX	GATA1	HOMDEL	CNA
KQ3CFX	TFE3	HOMDEL	CNA
KQ3CFX	SSX2	HOMDEL	CNA
KQ3CFX	KDM5C	HOMDEL	CNA
KQ3CFX	SMC1A	HOMDEL	CNA
KQ3CFX	APEX2	HOMDEL	CNA
KQ3CFX	AMER1	HOMDEL	CNA
KQ3CFX	MSN	HOMDEL	CNA
KQ3CFX	AR	HOMDEL	CNA
KQ3CFX	FOXO4	HOMDEL	CNA
KQ3CFX	MED12	HOMDEL	CNA
KQ3CFX	ZMYM3	HOMDEL	CNA
KQ3CFX	NONO	HOMDEL	CNA
KQ3CFX	ATRX	HOMDEL	CNA
KQ3CFX	BTK	HOMDEL	CNA
KQ3CFX	IRS4	HOMDEL	CNA
KQ3CFX	UBE2A	HOMDEL	CNA
KQ3CFX	SEPT6	HOMDEL	CNA
KQ3CFX	UPF3B	HOMDEL	CNA
KQ3CFX	STAG2	HOMDEL	CNA
KQ3CFX	DCAF12L2	HOMDEL	CNA
KQ3CFX	SMARCA1	HOMDEL	CNA
KQ3CFX	BCORL1	HOMDEL	CNA
KQ3CFX	ELF4	HOMDEL	CNA
KQ3CFX	GPC3	HOMDEL	CNA
KQ3CFX	PHF6	HOMDEL	CNA
KQ3CFX	ARHGEF6	HOMDEL	CNA
KQ3CFX	FMR1	HOMDEL	CNA
KQ3CFX	CETN2	HOMDEL	CNA
KQ3CFX	TREX2	HOMDEL	CNA
KQ3CFX	ATP2B3	HOMDEL	CNA
KQ3CFX	FLNA	HOMDEL	CNA
KQ3CFX	RPL10	HOMDEL	CNA
KQ3CFX	MTCP1	HOMDEL	CNA
KQ3CFX	CRLF2	HOMDEL	CNA
KQ3CFX	P2RY8	HOMDEL	CNA
